StudyID,Hour,Timestamp,AirLeakFlow_Max_8h,FluidOutput_Max_PerMin_8h,PressureMean_8h,PressureOK_8h,MeetsFlowCriteria,CXRValid,RemovalProbability,RemovalDecision,Profile
001,1,2026-03-13 10:00:00,4.45,2.0,-1.2099999999999997,True,True,True,0.0,False,MILD
001,2,2026-03-13 11:00:00,6.05,2.0,-1.2376923076923076,True,True,True,0.0,False,MILD
001,3,2026-03-13 12:00:00,6.93,2.0,-1.2278947368421052,True,True,True,0.0,False,MILD
001,4,2026-03-13 13:00:00,6.93,2.1,-1.2408,True,True,False,0.0,False,MILD
001,5,2026-03-13 14:00:00,6.93,2.1,-1.246129032258064,True,True,False,0.0,False,MILD
001,6,2026-03-13 15:00:00,56.34,2.1,-1.256216216216216,True,False,True,0.0,False,MILD
001,7,2026-03-13 16:00:00,56.34,2.1,-1.276511627906977,True,False,True,0.0,False,MILD
001,8,2026-03-13 17:00:00,56.34,2.1,-1.2881632653061224,True,False,True,0.0,False,MILD
001,9,2026-03-13 18:00:00,153.18,2.3,-1.3077551020408162,True,False,True,0.0,False,MILD
001,10,2026-03-13 19:00:00,153.18,2.3,-1.326938775510204,True,False,True,0.0,False,MILD
001,11,2026-03-13 20:00:00,153.18,2.3,-1.3559183673469388,True,False,True,0.0,False,MILD
001,12,2026-03-13 21:00:00,153.18,2.3,-1.3748979591836736,True,False,True,0.0,False,MILD
001,13,2026-03-13 22:00:00,153.18,2.3,-1.3889795918367345,True,False,True,0.0,False,MILD
001,14,2026-03-13 23:00:00,153.18,2.3,-1.402448979591837,True,False,True,0.0,False,MILD
001,15,2026-03-14 00:00:00,153.18,2.3,-1.3973469387755102,True,False,True,0.0,False,MILD
001,16,2026-03-14 01:00:00,153.18,2.3,-1.3951020408163268,True,False,True,0.0,False,MILD
001,17,2026-03-14 02:00:00,108.77,2.3,-1.3997959183673467,True,False,True,0.0,False,MILD
001,18,2026-03-14 03:00:00,95.28,2.0,-1.3948979591836734,True,False,True,0.0,False,MILD
001,19,2026-03-14 04:00:00,95.28,0.8,-1.376938775510204,True,False,True,0.0,False,MILD
001,20,2026-03-14 05:00:00,95.28,0.8,-1.3679591836734695,True,False,True,0.0,False,MILD
001,21,2026-03-14 06:00:00,95.28,0.8,-1.3624489795918366,True,False,True,0.0,False,MILD
001,22,2026-03-14 07:00:00,95.28,0.8,-1.356122448979592,True,False,True,0.0,False,MILD
001,23,2026-03-14 08:00:00,95.28,0.8,-1.36,True,False,True,0.0,False,MILD
001,24,2026-03-14 09:00:00,95.28,0.7,-1.3557142857142856,True,False,True,0.0,False,MILD
001,25,2026-03-14 10:00:00,95.28,0.7,-1.3651020408163266,True,False,True,0.0,False,MILD
001,26,2026-03-14 11:00:00,71.83,0.7,-1.363673469387755,True,False,True,0.0,False,MILD
001,27,2026-03-14 12:00:00,71.83,0.7,-1.374285714285714,True,False,True,0.0,False,MILD
001,28,2026-03-14 13:00:00,71.83,0.7,-1.3742857142857143,True,False,True,0.0,False,MILD
001,29,2026-03-14 14:00:00,71.83,0.7,-1.380204081632653,True,False,True,0.0,False,MILD
001,30,2026-03-14 15:00:00,71.83,0.7,-1.3891836734693876,True,False,True,0.0,False,MILD
001,31,2026-03-14 16:00:00,3.09,0.7,-1.4014285714285715,True,True,False,0.0,False,MILD
001,32,2026-03-14 17:00:00,3.09,0.7,-1.4136734693877546,True,True,False,0.0,False,MILD
001,33,2026-03-14 18:00:00,3.09,0.7,-1.412448979591837,True,True,False,0.0,False,MILD
001,34,2026-03-14 19:00:00,3.09,0.7,-1.4089795918367347,True,True,False,0.0,False,MILD
001,35,2026-03-14 20:00:00,172.61,0.6,-1.3995918367346938,True,False,True,0.0,False,MILD
001,36,2026-03-14 21:00:00,585.12,0.7,-1.4012244897959183,True,False,True,0.0,False,MILD
001,37,2026-03-14 22:00:00,585.12,0.7,-1.4046938775510207,True,False,True,0.0,False,MILD
001,38,2026-03-14 23:00:00,585.12,0.7,-1.4071428571428573,True,False,True,0.0,False,MILD
001,39,2026-03-15 00:00:00,585.12,0.7,-1.4079591836734693,True,False,True,0.0,False,MILD
001,40,2026-03-15 01:00:00,585.12,0.7,-1.4051020408163266,True,False,True,0.0,False,MILD
001,41,2026-03-15 02:00:00,585.12,0.7,-1.4138775510204082,True,False,True,0.0,False,MILD
001,42,2026-03-15 03:00:00,585.12,0.7,-1.4224489795918365,True,False,True,0.0,False,MILD
001,43,2026-03-15 04:00:00,585.12,0.7,-1.4373469387755105,True,False,True,0.0,False,MILD
001,44,2026-03-15 05:00:00,3.55,0.7,-1.4412244897959186,True,True,False,0.0,False,MILD
001,45,2026-03-15 06:00:00,3.55,0.7,-1.4381632653061225,True,True,False,0.0,False,MILD
001,46,2026-03-15 07:00:00,3.48,0.7,-1.4261224489795918,True,True,False,0.0,False,MILD
001,47,2026-03-15 08:00:00,28.98,0.7,-1.4120408163265308,True,False,True,0.0,False,MILD
001,48,2026-03-15 09:00:00,28.98,0.7,-1.3979591836734695,True,False,True,0.0,False,MILD
001,49,2026-03-15 10:00:00,28.98,0.6,-1.3777551020408165,True,False,True,0.0,False,MILD
001,50,2026-03-15 11:00:00,28.98,0.2,-1.3514285714285714,True,False,True,0.0,False,MILD
001,51,2026-03-15 12:00:00,28.98,0.2,-1.3346938775510202,True,False,True,0.0,False,MILD
001,52,2026-03-15 13:00:00,28.98,0.2,-1.3312244897959185,True,False,True,0.0,False,MILD
001,53,2026-03-15 14:00:00,28.98,0.2,-1.322857142857143,True,False,True,0.0,False,MILD
001,54,2026-03-15 15:00:00,28.98,0.2,-1.3275510204081633,True,False,True,0.0,False,MILD
001,55,2026-03-15 16:00:00,125.3,0.2,-1.3377551020408163,True,False,True,0.0,False,MILD
001,56,2026-03-15 17:00:00,125.3,0.2,-1.3524489795918366,True,False,True,0.0,False,MILD
001,57,2026-03-15 18:00:00,125.3,0.2,-1.3753061224489793,True,False,True,0.0,False,MILD
001,58,2026-03-15 19:00:00,125.3,0.2,-1.3908163265306122,True,False,True,0.0,False,MILD
001,59,2026-03-15 20:00:00,125.3,0.2,-1.4104081632653065,True,False,True,0.0,False,MILD
001,60,2026-03-15 21:00:00,125.3,0.2,-1.414081632653061,True,False,True,0.0,False,MILD
001,61,2026-03-15 22:00:00,125.3,0.2,-1.4263265306122446,True,False,True,0.0,False,MILD
001,62,2026-03-15 23:00:00,125.3,0.2,-1.430612244897959,True,False,True,0.0,False,MILD
001,63,2026-03-16 00:00:00,105.36,0.2,-1.4295918367346938,True,False,True,0.0,False,MILD
001,64,2026-03-16 01:00:00,105.36,0.2,-1.4193877551020408,True,False,True,0.0,False,MILD
001,65,2026-03-16 02:00:00,105.36,0.2,-1.4110204081632653,True,False,True,0.0,False,MILD
001,66,2026-03-16 03:00:00,105.36,0.2,-1.4100000000000001,True,False,True,0.0,False,MILD
001,67,2026-03-16 04:00:00,210.74,0.2,-1.4016326530612246,True,False,True,0.0,False,MILD
001,68,2026-03-16 05:00:00,210.74,0.2,-1.396326530612245,True,False,True,0.0,False,MILD
001,69,2026-03-16 06:00:00,210.74,0.1,-1.3869387755102043,True,False,True,0.0,False,MILD
001,70,2026-03-16 07:00:00,210.74,0.1,-1.377142857142857,True,False,True,0.0,False,MILD
001,71,2026-03-16 08:00:00,210.74,0.1,-1.364285714285714,True,False,True,0.0,False,MILD
001,72,2026-03-16 09:00:00,210.74,0.1,-1.3616326530612244,True,False,True,0.0,False,MILD
001,73,2026-03-16 10:00:00,210.74,0.2,-1.3538775510204082,True,False,True,0.0,False,MILD
001,74,2026-03-16 11:00:00,210.74,0.2,-1.353265306122449,True,False,True,0.0,False,MILD
001,75,2026-03-16 12:00:00,1.83,0.2,-1.357755102040816,True,True,True,0.0,False,MILD
001,76,2026-03-16 13:00:00,1.83,0.2,-1.3599999999999997,True,True,True,0.0,False,MILD
001,77,2026-03-16 14:00:00,1.83,0.2,-1.3722448979591835,True,True,True,0.0,False,MILD
001,78,2026-03-16 15:00:00,1.83,0.2,-1.3785714285714286,True,True,True,0.0,False,MILD
001,79,2026-03-16 16:00:00,1.83,0.2,-1.3951020408163266,True,True,True,0.0,False,MILD
001,80,2026-03-16 17:00:00,1.26,0.2,-1.3975510204081634,True,True,True,0.0,False,MILD
001,81,2026-03-16 18:00:00,1.26,0.2,-1.4093877551020408,True,True,True,0.0,False,MILD
001,82,2026-03-16 19:00:00,1.26,0.2,-1.4228571428571428,True,True,True,0.0,False,MILD
001,83,2026-03-16 20:00:00,1.21,0.2,-1.443265306122449,True,True,True,0.0,False,MILD
001,84,2026-03-16 21:00:00,1.21,0.2,-1.4575510204081632,True,True,True,0.0,False,MILD
001,85,2026-03-16 22:00:00,1.59,0.2,-1.473265306122449,True,True,True,0.0,False,MILD
001,86,2026-03-16 23:00:00,2.23,0.2,-1.4808163265306122,True,True,True,0.0,False,MILD
001,87,2026-03-17 00:00:00,2.23,0.2,-1.4981632653061228,True,True,True,0.0,False,MILD
001,88,2026-03-17 01:00:00,2.23,0.2,-1.510204081632653,True,True,True,0.0,False,MILD
001,89,2026-03-17 02:00:00,2.23,0.2,-1.5220408163265307,True,True,True,0.0,False,MILD
001,90,2026-03-17 03:00:00,2.23,0.2,-1.5281632653061226,True,True,True,0.0,False,MILD
001,91,2026-03-17 04:00:00,2.23,0.2,-1.5226530612244897,True,True,True,0.0,False,MILD
001,92,2026-03-17 05:00:00,95.69,0.2,-1.5357142857142858,True,False,True,0.0,False,MILD
001,93,2026-03-17 06:00:00,95.69,0.2,-1.5436734693877547,True,False,True,0.0,False,MILD
001,94,2026-03-17 07:00:00,95.69,0.2,-1.5502040816326532,True,False,True,0.0,False,MILD
001,95,2026-03-17 08:00:00,95.69,0.2,-1.56265306122449,True,False,True,0.0,False,MILD
001,96,2026-03-17 09:00:00,95.69,0.2,-1.5785714285714285,True,False,True,0.0,False,MILD
001,97,2026-03-17 10:00:00,95.69,0.2,-1.5877551020408163,True,False,True,0.0,False,MILD
001,98,2026-03-17 11:00:00,95.69,0.2,-1.5953061224489797,True,False,True,0.0,False,MILD
001,99,2026-03-17 12:00:00,106.55,0.2,-1.6077551020408163,True,False,True,0.0,False,MILD
001,100,2026-03-17 13:00:00,106.55,0.2,-1.603265306122449,True,False,True,0.0,False,MILD
001,101,2026-03-17 14:00:00,578.95,0.2,-1.610408163265306,True,False,True,0.0,False,MILD
001,102,2026-03-17 15:00:00,578.95,0.2,-1.6140816326530614,True,False,True,0.0,False,MILD
001,103,2026-03-17 16:00:00,578.95,0.2,-1.6042857142857145,True,False,True,0.0,False,MILD
001,104,2026-03-17 17:00:00,578.95,0.2,-1.5985714285714288,True,False,True,0.0,False,MILD
001,105,2026-03-17 18:00:00,578.95,0.2,-1.600204081632653,True,False,True,0.0,False,MILD
001,106,2026-03-17 19:00:00,578.95,0.2,-1.599795918367347,True,False,True,0.0,False,MILD
001,107,2026-03-17 20:00:00,578.95,0.2,-1.5983673469387754,True,False,True,0.0,False,MILD
001,108,2026-03-17 21:00:00,578.95,0.2,-1.593061224489796,True,False,True,0.0,False,MILD
001,109,2026-03-17 22:00:00,494.14,0.2,-1.5846938775510204,True,False,True,0.0,False,MILD
001,110,2026-03-17 23:00:00,494.14,0.2,-1.5812244897959182,True,False,True,0.0,False,MILD
001,111,2026-03-18 00:00:00,494.14,0.2,-1.5928571428571427,True,False,True,0.0,False,MILD
001,112,2026-03-18 01:00:00,494.14,0.2,-1.5818367346938778,True,False,True,0.0,False,MILD
001,113,2026-03-18 02:00:00,494.14,0.2,-1.579795918367347,True,False,True,0.0,False,MILD
001,114,2026-03-18 03:00:00,494.14,0.2,-1.5720408163265307,True,False,True,0.0,False,MILD
001,115,2026-03-18 04:00:00,494.14,0.2,-1.567551020408163,True,False,True,0.0,False,MILD
001,116,2026-03-18 05:00:00,1.74,0.2,-1.5757142857142858,True,True,True,0.0,False,MILD
001,117,2026-03-18 06:00:00,1.74,0.2,-1.5789795918367349,True,True,True,0.0,False,MILD
001,118,2026-03-18 07:00:00,1.74,0.2,-1.5718367346938775,True,True,True,0.0,False,MILD
001,119,2026-03-18 08:00:00,1.74,0.2,-1.5563265306122447,True,True,True,0.0,False,MILD
001,120,2026-03-18 09:00:00,1.74,0.2,-1.5487755102040817,True,True,True,0.0,False,MILD
001,121,2026-03-18 10:00:00,8.63,0.2,-1.5553061224489795,True,True,True,0.0,False,MILD
001,122,2026-03-18 11:00:00,8.63,0.2,-1.5538775510204081,True,True,True,0.0,False,MILD
002,1,2026-01-22 18:00:00,5.16,1.7,-1.5485714285714285,True,True,True,0.0,False,MILD
002,2,2026-01-22 19:00:00,5.16,2.2,-1.5369230769230773,True,True,True,0.0,False,MILD
002,3,2026-01-22 20:00:00,5.94,2.2,-1.5142105263157895,True,True,True,0.0,False,MILD
002,4,2026-01-22 21:00:00,7.19,2.2,-1.5056,True,True,True,0.0,False,MILD
002,5,2026-01-22 22:00:00,7.19,2.2,-1.502258064516129,True,True,True,0.0,False,MILD
002,6,2026-01-22 23:00:00,7.19,2.2,-1.4994594594594595,True,True,True,0.0,False,MILD
002,7,2026-01-23 00:00:00,7.19,2.2,-1.5060465116279071,True,True,True,0.0,False,MILD
002,8,2026-01-23 01:00:00,7.19,2.2,-1.5026530612244897,True,True,True,0.0,False,MILD
002,9,2026-01-23 02:00:00,7.19,2.2,-1.5014285714285713,True,True,True,0.0,False,MILD
002,10,2026-01-23 03:00:00,7.19,2.0,-1.5022448979591834,True,True,True,0.0,False,MILD
002,11,2026-01-23 04:00:00,61.92,1.8,-1.5112244897959184,True,False,True,0.0,False,MILD
002,12,2026-01-23 05:00:00,61.92,0.5,-1.526734693877551,True,False,True,0.05,False,MILD
002,13,2026-01-23 06:00:00,61.92,0.8,-1.5351020408163265,True,False,True,0.05,False,MILD
002,14,2026-01-23 07:00:00,61.92,0.8,-1.5497959183673469,True,False,True,0.05,False,MILD
002,15,2026-01-23 08:00:00,61.92,0.8,-1.5689795918367346,True,False,True,0.05,False,MILD
002,16,2026-01-23 09:00:00,61.92,0.8,-1.5830612244897957,True,False,True,0.05,False,MILD
002,17,2026-01-23 10:00:00,61.92,0.8,-1.6051020408163263,True,False,True,0.05,False,MILD
002,18,2026-01-23 11:00:00,61.92,0.8,-1.614285714285714,True,False,True,0.05,False,MILD
002,19,2026-01-23 12:00:00,14.52,0.8,-1.627142857142857,True,False,True,0.05,False,MILD
002,20,2026-01-23 13:00:00,14.52,0.8,-1.6428571428571428,True,False,True,0.05,False,MILD
002,21,2026-01-23 14:00:00,14.52,0.6,-1.663265306122449,True,False,True,0.05,False,MILD
002,22,2026-01-23 15:00:00,2.56,0.5,-1.68,True,True,True,0.05,False,MILD
002,23,2026-01-23 16:00:00,149.2,0.2,-1.6920408163265308,True,False,True,0.05,False,MILD
002,24,2026-01-23 17:00:00,149.2,0.2,-1.6946938775510205,True,False,True,0.05,False,MILD
002,25,2026-01-23 18:00:00,149.2,0.2,-1.7014285714285715,True,False,True,0.05,False,MILD
002,26,2026-01-23 19:00:00,149.2,0.2,-1.7087755102040814,True,False,True,0.05,False,MILD
002,27,2026-01-23 20:00:00,149.2,0.2,-1.7240816326530612,True,False,True,0.05,False,MILD
002,28,2026-01-23 21:00:00,149.2,0.2,-1.7316326530612247,True,False,True,0.05,False,MILD
002,29,2026-01-23 22:00:00,149.2,0.2,-1.7377551020408164,True,False,True,0.05,False,MILD
002,30,2026-01-23 23:00:00,149.2,0.2,-1.742448979591837,True,False,True,0.05,False,MILD
002,31,2026-01-24 00:00:00,64.52,0.2,-1.7295918367346936,True,False,True,0.05,False,MILD
002,32,2026-01-24 01:00:00,66.12,0.2,-1.7420408163265306,True,False,True,0.05,False,MILD
002,33,2026-01-24 02:00:00,66.12,0.2,-1.7318367346938774,True,False,True,0.05,False,MILD
002,34,2026-01-24 03:00:00,66.12,0.2,-1.7359183673469387,True,False,True,0.05,False,MILD
002,35,2026-01-24 04:00:00,66.12,0.2,-1.7138775510204083,True,False,True,0.05,False,MILD
002,36,2026-01-24 05:00:00,66.12,0.2,-1.7032653061224488,True,False,True,0.05,False,MILD
002,37,2026-01-24 06:00:00,66.12,0.2,-1.691224489795918,True,False,True,0.05,False,MILD
002,38,2026-01-24 07:00:00,66.12,0.2,-1.6928571428571428,True,False,True,0.05,False,MILD
002,39,2026-01-24 08:00:00,66.12,0.2,-1.700204081632653,True,False,True,0.05,False,MILD
002,40,2026-01-24 09:00:00,50.03,0.1,-1.6930612244897958,True,False,True,0.05,False,MILD
002,41,2026-01-24 10:00:00,50.03,0.1,-1.6989795918367347,True,False,True,0.05,False,MILD
002,42,2026-01-24 11:00:00,1.37,0.1,-1.7032653061224492,True,True,True,0.05,False,MILD
002,43,2026-01-24 12:00:00,1.38,0.1,-1.72,True,True,True,0.05,False,MILD
002,44,2026-01-24 13:00:00,1.38,0.2,-1.7146938775510205,True,True,True,0.05,False,MILD
003,1,2026-02-10 04:00:00,92.39,2.3,-1.2671428571428571,True,False,True,0.0,False,MODERATE
003,2,2026-02-10 05:00:00,92.39,2.8,-1.2784615384615385,True,False,True,0.0,False,MODERATE
003,3,2026-02-10 06:00:00,92.39,2.8,-1.2673684210526315,True,False,True,0.0,False,MODERATE
003,4,2026-02-10 07:00:00,246.23,2.8,-1.2608,True,False,True,0.0,False,MODERATE
003,5,2026-02-10 08:00:00,246.23,2.8,-1.2661290322580645,True,False,True,0.0,False,MODERATE
003,6,2026-02-10 09:00:00,356.64,2.8,-1.2794594594594593,True,False,True,0.0,False,MODERATE
003,7,2026-02-10 10:00:00,356.64,2.8,-1.2837209302325583,True,False,True,0.0,False,MODERATE
003,8,2026-02-10 11:00:00,356.64,2.8,-1.2822448979591836,True,False,True,0.0,False,MODERATE
003,9,2026-02-10 12:00:00,356.64,2.8,-1.2816326530612245,True,False,True,0.0,False,MODERATE
003,10,2026-02-10 13:00:00,356.64,2.5,-1.2748979591836735,True,False,True,0.0,False,MODERATE
003,11,2026-02-10 14:00:00,356.64,2.5,-1.2820408163265307,True,False,True,0.0,False,MODERATE
003,12,2026-02-10 15:00:00,356.64,2.5,-1.2973469387755103,True,False,True,0.05,False,MODERATE
003,13,2026-02-10 16:00:00,379.4,2.5,-1.3014285714285716,True,False,True,0.05,False,MODERATE
003,14,2026-02-10 17:00:00,379.4,2.2,-1.2985714285714285,True,False,True,0.05,False,MODERATE
003,15,2026-02-10 18:00:00,379.4,1.4,-1.3008163265306123,True,False,True,0.05,False,MODERATE
003,16,2026-02-10 19:00:00,379.4,0.9,-1.3132653061224488,True,False,True,0.05,False,MODERATE
003,17,2026-02-10 20:00:00,379.4,0.8,-1.333673469387755,True,False,True,0.05,False,MODERATE
003,18,2026-02-10 21:00:00,379.4,0.6,-1.351836734693877,True,False,True,0.05,False,MODERATE
003,19,2026-02-10 22:00:00,379.4,0.6,-1.3638775510204082,True,False,True,0.05,False,MODERATE
003,20,2026-02-10 23:00:00,379.4,0.6,-1.3583673469387756,True,False,True,0.05,False,MODERATE
003,21,2026-02-11 00:00:00,379.4,0.6,-1.3597959183673465,True,False,True,0.05,False,MODERATE
003,22,2026-02-11 01:00:00,129.45,0.6,-1.359795918367347,True,False,True,0.05,False,MODERATE
003,23,2026-02-11 02:00:00,129.45,0.5,-1.3524489795918366,True,False,True,0.05,False,MODERATE
003,24,2026-02-11 03:00:00,129.45,0.5,-1.3567346938775509,True,False,True,0.05,False,MODERATE
003,25,2026-02-11 04:00:00,3.06,0.5,-1.3477551020408165,True,True,False,0.05,False,MODERATE
003,26,2026-02-11 05:00:00,3.06,0.5,-1.343877551020408,True,True,False,0.05,False,MODERATE
003,27,2026-02-11 06:00:00,134.91,0.5,-1.3340816326530611,True,False,True,0.05,False,MODERATE
003,28,2026-02-11 07:00:00,134.91,0.5,-1.3346938775510202,True,False,True,0.05,False,MODERATE
003,29,2026-02-11 08:00:00,134.91,0.5,-1.3361224489795918,True,False,True,0.05,False,MODERATE
003,30,2026-02-11 09:00:00,134.91,0.5,-1.329591836734694,True,False,True,0.05,False,MODERATE
003,31,2026-02-11 10:00:00,134.91,0.5,-1.3342857142857143,True,False,True,0.05,False,MODERATE
003,32,2026-02-11 11:00:00,134.91,0.5,-1.3220408163265307,True,False,True,0.05,False,MODERATE
003,33,2026-02-11 12:00:00,134.91,0.5,-1.3138775510204082,True,False,True,0.05,False,MODERATE
003,34,2026-02-11 13:00:00,134.91,0.2,-1.31,True,False,True,0.05,False,MODERATE
003,35,2026-02-11 14:00:00,1.83,0.2,-1.3173469387755101,True,True,False,0.05,False,MODERATE
003,36,2026-02-11 15:00:00,1.83,0.2,-1.323061224489796,True,True,False,0.05,False,MODERATE
003,37,2026-02-11 16:00:00,1.83,0.2,-1.3195918367346937,True,True,False,0.05,False,MODERATE
003,38,2026-02-11 17:00:00,1.83,0.2,-1.3332653061224489,True,True,False,0.05,False,MODERATE
003,39,2026-02-11 18:00:00,1.63,0.2,-1.3391836734693876,True,True,False,0.05,False,MODERATE
003,40,2026-02-11 19:00:00,1.63,0.2,-1.3575510204081631,True,True,False,0.05,False,MODERATE
003,41,2026-02-11 20:00:00,1.63,0.2,-1.377551020408163,True,True,False,0.05,False,MODERATE
003,42,2026-02-11 21:00:00,44.31,0.2,-1.3912244897959185,True,False,True,0.05,False,MODERATE
003,43,2026-02-11 22:00:00,44.31,0.2,-1.3971428571428572,True,False,True,0.05,False,MODERATE
003,44,2026-02-11 23:00:00,44.31,0.2,-1.396938775510204,True,False,True,0.05,False,MODERATE
003,45,2026-02-12 00:00:00,44.31,0.2,-1.4042857142857144,True,False,True,0.05,False,MODERATE
003,46,2026-02-12 01:00:00,44.31,0.2,-1.4026530612244898,True,False,True,0.05,False,MODERATE
003,47,2026-02-12 02:00:00,44.31,0.2,-1.400612244897959,True,False,True,0.05,False,MODERATE
003,48,2026-02-12 03:00:00,44.31,0.2,-1.393265306122449,True,False,True,0.05,False,MODERATE
003,49,2026-02-12 04:00:00,44.31,0.2,-1.3736734693877548,True,False,True,0.05,False,MODERATE
003,50,2026-02-12 05:00:00,183.16,0.3,-1.3518367346938776,True,False,True,0.05,False,MODERATE
003,51,2026-02-12 06:00:00,183.16,0.3,-1.341224489795918,True,False,True,0.05,False,MODERATE
003,52,2026-02-12 07:00:00,183.16,0.3,-1.33,True,False,True,0.05,False,MODERATE
003,53,2026-02-12 08:00:00,183.16,0.3,-1.3197959183673469,True,False,True,0.05,False,MODERATE
003,54,2026-02-12 09:00:00,183.16,0.3,-1.3132653061224488,True,False,True,0.05,False,MODERATE
003,55,2026-02-12 10:00:00,183.16,0.3,-1.3179591836734694,True,False,True,0.05,False,MODERATE
003,56,2026-02-12 11:00:00,183.16,0.3,-1.3085714285714287,True,False,True,0.05,False,MODERATE
003,57,2026-02-12 12:00:00,183.16,0.3,-1.3020408163265307,True,False,True,0.05,False,MODERATE
003,58,2026-02-12 13:00:00,1.37,0.1,-1.2961224489795917,True,True,False,0.05,False,MODERATE
003,59,2026-02-12 14:00:00,4.17,0.1,-1.276734693877551,True,True,False,0.05,False,MODERATE
003,60,2026-02-12 15:00:00,4.17,0.1,-1.2677551020408164,True,True,False,0.05,False,MODERATE
003,61,2026-02-12 16:00:00,4.17,0.1,-1.2479591836734696,True,True,False,0.05,False,MODERATE
003,62,2026-02-12 17:00:00,4.17,0.1,-1.2400000000000002,True,True,False,0.05,False,MODERATE
003,63,2026-02-12 18:00:00,4.17,0.1,-1.2112244897959183,True,True,False,0.05,False,MODERATE
003,64,2026-02-12 19:00:00,4.17,0.1,-1.1948979591836735,True,True,False,0.05,False,MODERATE
003,65,2026-02-12 20:00:00,4.17,0.2,-1.1834693877551021,True,True,False,0.05,False,MODERATE
003,66,2026-02-12 21:00:00,4.17,0.2,-1.1726530612244899,True,True,False,0.05,False,MODERATE
003,67,2026-02-12 22:00:00,1.66,0.2,-1.1685714285714286,True,True,False,0.05,False,MODERATE
003,68,2026-02-12 23:00:00,480.99,0.2,-1.1693877551020408,True,False,True,0.05,False,MODERATE
003,69,2026-02-13 00:00:00,480.99,0.2,-1.1663265306122448,True,False,True,0.05,False,MODERATE
003,70,2026-02-13 01:00:00,480.99,0.2,-1.1561224489795918,True,False,True,0.05,False,MODERATE
003,71,2026-02-13 02:00:00,480.99,0.2,-1.1626530612244896,True,False,True,0.05,False,MODERATE
003,72,2026-02-13 03:00:00,480.99,0.2,-1.1612244897959185,True,False,True,0.05,False,MODERATE
003,73,2026-02-13 04:00:00,480.99,0.2,-1.1742857142857142,True,False,True,0.05,False,MODERATE
003,74,2026-02-13 05:00:00,480.99,0.2,-1.1714285714285715,True,False,True,0.05,False,MODERATE
003,75,2026-02-13 06:00:00,480.99,0.2,-1.173265306122449,True,False,True,0.05,False,MODERATE
004,1,2026-03-01 22:00:00,10.05,3.4,-0.31428571428571433,True,False,True,0.0,False,MILD
004,2,2026-03-01 23:00:00,10.05,3.4,-0.32846153846153847,True,False,True,0.0,False,MILD
004,3,2026-03-02 00:00:00,10.05,3.4,-0.32631578947368417,True,False,True,0.0,False,MILD
004,4,2026-03-02 01:00:00,10.05,3.4,-0.3208,True,False,True,0.0,False,MILD
004,5,2026-03-02 02:00:00,10.05,3.4,-0.334516129032258,True,False,True,0.0,False,MILD
004,6,2026-03-02 03:00:00,10.05,3.4,-0.34891891891891885,True,False,True,0.0,False,MILD
004,7,2026-03-02 04:00:00,10.05,3.4,-0.34860465116279066,True,False,True,0.0,False,MILD
004,8,2026-03-02 05:00:00,10.05,3.4,-0.3475510204081632,True,False,True,0.0,False,MILD
004,9,2026-03-02 06:00:00,10.05,2.8,-0.36122448979591837,True,False,True,0.0,False,MILD
004,10,2026-03-02 07:00:00,8.64,2.8,-0.37959183673469393,True,True,False,0.0,False,MILD
004,11,2026-03-02 08:00:00,8.64,2.5,-0.3893877551020409,True,True,False,0.0,False,MILD
004,12,2026-03-02 09:00:00,8.43,1.9,-0.40102040816326534,True,True,False,0.05,False,MILD
004,13,2026-03-02 10:00:00,8.43,1.9,-0.4018367346938776,True,True,False,0.05,False,MILD
004,14,2026-03-02 11:00:00,8.43,1.8,-0.40530612244897957,True,True,False,0.05,False,MILD
004,15,2026-03-02 12:00:00,8.43,1.8,-0.41938775510204085,True,True,False,0.05,False,MILD
004,16,2026-03-02 13:00:00,8.43,1.8,-0.4259183673469388,True,True,False,0.05,False,MILD
004,17,2026-03-02 14:00:00,6.26,1.8,-0.426734693877551,True,True,False,0.05,False,MILD
004,18,2026-03-02 15:00:00,90.68,0.6,-0.4179591836734694,True,False,True,0.05,False,MILD
004,19,2026-03-02 16:00:00,90.68,0.6,-0.4187755102040816,True,False,True,0.05,False,MILD
004,20,2026-03-02 17:00:00,90.68,0.6,-0.41918367346938773,True,False,True,0.05,False,MILD
004,21,2026-03-02 18:00:00,90.68,0.6,-0.4273469387755103,True,False,True,0.05,False,MILD
004,22,2026-03-02 19:00:00,90.68,0.6,-0.41714285714285715,True,False,True,0.05,False,MILD
004,23,2026-03-02 20:00:00,90.68,0.6,-0.4108163265306123,True,False,True,0.05,False,MILD
004,24,2026-03-02 21:00:00,90.68,0.6,-0.4020408163265306,True,False,True,0.05,False,MILD
004,25,2026-03-02 22:00:00,90.68,0.6,-0.40326530612244893,True,False,True,0.05,False,MILD
004,26,2026-03-02 23:00:00,3.27,0.6,-0.3985714285714285,True,True,False,0.05,False,MILD
004,27,2026-03-03 00:00:00,3.27,0.6,-0.383265306122449,True,True,False,0.05,False,MILD
004,28,2026-03-03 01:00:00,3.27,0.6,-0.3736734693877551,True,True,False,0.05,False,MILD
004,29,2026-03-03 02:00:00,3.27,0.6,-0.35489795918367356,True,True,False,0.05,False,MILD
004,30,2026-03-03 03:00:00,3.27,0.6,-0.343469387755102,True,True,False,0.05,False,MILD
004,31,2026-03-03 04:00:00,3.0,0.6,-0.3453061224489796,True,True,False,0.05,False,MILD
004,32,2026-03-03 05:00:00,242.87,0.6,-0.35040816326530616,True,False,True,0.05,False,MILD
004,33,2026-03-03 06:00:00,242.87,0.6,-0.3332653061224489,True,False,True,0.05,False,MILD
004,34,2026-03-03 07:00:00,242.87,0.6,-0.3263265306122449,True,False,True,0.05,False,MILD
004,35,2026-03-03 08:00:00,242.87,0.6,-0.3193877551020408,True,False,True,0.05,False,MILD
004,36,2026-03-03 09:00:00,242.87,0.6,-0.32959183673469383,True,False,True,0.05,False,MILD
004,37,2026-03-03 10:00:00,242.87,0.6,-0.3336734693877551,True,False,True,0.05,False,MILD
004,38,2026-03-03 11:00:00,242.87,0.6,-0.3255102040816326,True,False,True,0.05,False,MILD
004,39,2026-03-03 12:00:00,242.87,0.6,-0.31795918367346937,True,False,True,0.05,False,MILD
004,40,2026-03-03 13:00:00,14.78,0.6,-0.3069387755102041,True,False,True,0.05,False,MILD
004,41,2026-03-03 14:00:00,14.78,0.6,-0.3193877551020408,True,False,True,0.05,False,MILD
004,42,2026-03-03 15:00:00,14.78,0.5,-0.3310204081632653,True,False,True,0.05,False,MILD
004,43,2026-03-03 16:00:00,1.24,0.2,-0.34204081632653066,True,True,False,0.05,False,MILD
004,44,2026-03-03 17:00:00,1.24,0.2,-0.35612244897959183,True,True,False,0.05,False,MILD
004,45,2026-03-03 18:00:00,1.53,0.2,-0.3748979591836734,True,True,False,0.05,False,MILD
004,46,2026-03-03 19:00:00,218.04,0.2,-0.40040816326530615,True,False,True,0.05,False,MILD
004,47,2026-03-03 20:00:00,218.04,0.2,-0.4171428571428571,True,False,True,0.05,False,MILD
004,48,2026-03-03 21:00:00,218.04,0.2,-0.43571428571428583,True,False,True,0.05,False,MILD
004,49,2026-03-03 22:00:00,218.04,0.3,-0.45204081632653065,True,False,True,0.05,False,MILD
004,50,2026-03-03 23:00:00,218.04,0.3,-0.463469387755102,True,False,True,0.05,False,MILD
004,51,2026-03-04 00:00:00,218.04,0.3,-0.4746938775510205,True,False,True,0.05,False,MILD
004,52,2026-03-04 01:00:00,218.04,0.3,-0.4691836734693877,True,False,True,0.05,False,MILD
004,53,2026-03-04 02:00:00,218.04,0.3,-0.46816326530612246,True,False,True,0.05,False,MILD
004,54,2026-03-04 03:00:00,92.35,0.3,-0.4638775510204081,True,False,True,0.05,False,MILD
004,55,2026-03-04 04:00:00,92.35,0.3,-0.4583673469387755,True,False,True,0.05,False,MILD
004,56,2026-03-04 05:00:00,357.32,0.3,-0.4422448979591837,True,False,True,0.05,False,MILD
004,57,2026-03-04 06:00:00,357.32,0.3,-0.436530612244898,True,False,True,0.05,False,MILD
004,58,2026-03-04 07:00:00,357.32,0.3,-0.42714285714285716,True,False,True,0.05,False,MILD
004,59,2026-03-04 08:00:00,357.32,0.3,-0.4281632653061225,True,False,True,0.05,False,MILD
004,60,2026-03-04 09:00:00,663.01,0.2,-0.4281632653061225,True,False,True,0.05,False,MILD
004,61,2026-03-04 10:00:00,663.01,0.2,-0.4240816326530612,True,False,True,0.05,False,MILD
004,62,2026-03-04 11:00:00,663.01,0.2,-0.4259183673469388,True,False,True,0.05,False,MILD
004,63,2026-03-04 12:00:00,663.01,0.2,-0.4330612244897959,True,False,True,0.05,False,MILD
004,64,2026-03-04 13:00:00,663.01,0.3,-0.44734693877551024,True,False,True,0.05,False,MILD
004,65,2026-03-04 14:00:00,663.01,0.3,-0.44285714285714284,True,False,True,0.05,False,MILD
004,66,2026-03-04 15:00:00,663.01,0.3,-0.4448979591836735,True,False,True,0.05,False,MILD
004,67,2026-03-04 16:00:00,663.01,0.3,-0.4330612244897959,True,False,True,0.05,False,MILD
004,68,2026-03-04 17:00:00,24.25,0.3,-0.4361224489795918,True,False,True,0.05,False,MILD
004,69,2026-03-04 18:00:00,24.25,0.3,-0.4373469387755103,True,False,True,0.05,False,MILD
004,70,2026-03-04 19:00:00,24.25,0.3,-0.4357142857142857,True,False,True,0.05,False,MILD
004,71,2026-03-04 20:00:00,24.25,0.3,-0.4281632653061225,True,False,True,0.05,False,MILD
004,72,2026-03-04 21:00:00,24.25,0.3,-0.4228571428571428,True,False,True,0.05,False,MILD
004,73,2026-03-04 22:00:00,24.25,0.3,-0.42469387755102045,True,False,True,0.05,False,MILD
004,74,2026-03-04 23:00:00,24.25,0.3,-0.4185714285714286,True,False,True,0.05,False,MILD
004,75,2026-03-05 00:00:00,55.47,0.3,-0.4189795918367347,True,False,True,0.05,False,MILD
004,76,2026-03-05 01:00:00,80.73,0.3,-0.4106122448979592,True,False,True,0.05,False,MILD
004,77,2026-03-05 02:00:00,80.73,0.2,-0.40714285714285714,True,False,True,0.05,False,MILD
004,78,2026-03-05 03:00:00,337.92,0.2,-0.4059183673469388,True,False,True,0.05,False,MILD
004,79,2026-03-05 04:00:00,337.92,0.2,-0.4120408163265306,True,False,True,0.05,False,MILD
004,80,2026-03-05 05:00:00,337.92,0.2,-0.42346938775510207,True,False,True,0.05,False,MILD
004,81,2026-03-05 06:00:00,337.92,0.2,-0.4210204081632653,True,False,True,0.05,False,MILD
004,82,2026-03-05 07:00:00,337.92,0.2,-0.4359183673469388,True,False,True,0.05,False,MILD
004,83,2026-03-05 08:00:00,337.92,0.2,-0.44346938775510203,True,False,True,0.05,False,MILD
004,84,2026-03-05 09:00:00,337.92,0.2,-0.45795918367346944,True,False,True,0.05,False,MILD
004,85,2026-03-05 10:00:00,337.92,0.2,-0.4569387755102041,True,False,True,0.05,False,MILD
004,86,2026-03-05 11:00:00,25.52,0.2,-0.4622448979591837,True,False,True,0.05,False,MILD
004,87,2026-03-05 12:00:00,25.52,0.2,-0.4526530612244898,True,False,True,0.05,False,MILD
004,88,2026-03-05 13:00:00,25.52,0.2,-0.44224489795918365,True,False,True,0.05,False,MILD
004,89,2026-03-05 14:00:00,25.52,0.2,-0.43428571428571433,True,False,True,0.05,False,MILD
004,90,2026-03-05 15:00:00,25.52,0.2,-0.42224489795918363,True,False,True,0.05,False,MILD
004,91,2026-03-05 16:00:00,1.53,0.2,-0.4173469387755101,True,True,True,0.05,False,MILD
004,92,2026-03-05 17:00:00,1.53,0.2,-0.3977551020408164,True,True,True,0.05,True,MILD
004,93,2026-03-05 18:00:00,1.53,0.2,-0.39448979591836736,True,True,True,0.05,False,MILD
004,94,2026-03-05 19:00:00,1.53,0.2,-0.38836734693877556,True,True,True,0.05,False,MILD
004,95,2026-03-05 20:00:00,1.53,0.1,-0.3871428571428572,True,True,True,0.05,False,MILD
004,96,2026-03-05 21:00:00,1.3,0.1,-0.38530612244897966,True,True,True,0.05,False,MILD
004,97,2026-03-05 22:00:00,1.3,0.2,-0.39346938775510204,True,True,True,0.05,False,MILD
004,98,2026-03-05 23:00:00,1.32,0.2,-0.39326530612244903,True,True,True,0.05,False,MILD
004,99,2026-03-06 00:00:00,1.32,0.2,-0.39755102040816326,True,True,True,0.05,False,MILD
005,1,2026-04-17 15:00:00,6.15,1.7,-0.8042857142857143,True,True,True,0.0,False,MILD
005,2,2026-04-17 16:00:00,165.48,1.7,-0.793076923076923,True,False,True,0.0,False,MILD
005,3,2026-04-17 17:00:00,165.48,1.7,-0.7842105263157896,True,False,True,0.0,False,MILD
005,4,2026-04-17 18:00:00,165.48,1.7,-0.7728000000000002,True,False,True,0.0,False,MILD
005,5,2026-04-17 19:00:00,165.48,1.7,-0.7687096774193549,True,False,True,0.0,False,MILD
005,6,2026-04-17 20:00:00,165.48,1.7,-0.7691891891891891,True,False,True,0.0,False,MILD
005,7,2026-04-17 21:00:00,165.48,1.7,-0.7695348837209303,True,False,True,0.0,False,MILD
005,8,2026-04-17 22:00:00,165.48,1.7,-0.7657142857142858,True,False,True,0.0,False,MILD
005,9,2026-04-17 23:00:00,165.48,1.6,-0.7700000000000001,True,False,True,0.0,False,MILD
005,10,2026-04-18 00:00:00,165.48,1.3,-0.7669387755102041,True,False,True,0.0,False,MILD
005,11,2026-04-18 01:00:00,242.73,1.2,-0.7659183673469387,True,False,True,0.0,False,MILD
005,12,2026-04-18 02:00:00,242.73,1.2,-0.7769387755102042,True,False,True,0.05,False,MILD
005,13,2026-04-18 03:00:00,242.73,1.2,-0.7908163265306123,True,False,True,0.05,False,MILD
005,14,2026-04-18 04:00:00,242.73,1.2,-0.7875510204081632,True,False,True,0.05,False,MILD
005,15,2026-04-18 05:00:00,242.73,1.2,-0.7842857142857141,True,False,True,0.05,False,MILD
005,16,2026-04-18 06:00:00,242.73,1.2,-0.7912244897959184,True,False,True,0.05,False,MILD
005,17,2026-04-18 07:00:00,242.73,0.5,-0.7881632653061224,True,False,True,0.05,False,MILD
005,18,2026-04-18 08:00:00,242.73,0.6,-0.790204081632653,True,False,True,0.05,False,MILD
005,19,2026-04-18 09:00:00,204.44,0.7,-0.8059183673469388,True,False,True,0.05,False,MILD
005,20,2026-04-18 10:00:00,204.44,0.7,-0.8146938775510203,True,False,True,0.05,False,MILD
005,21,2026-04-18 11:00:00,204.44,0.7,-0.8210204081632653,True,False,True,0.05,False,MILD
005,22,2026-04-18 12:00:00,204.44,0.7,-0.8412244897959184,True,False,True,0.05,False,MILD
005,23,2026-04-18 13:00:00,204.44,0.7,-0.8675510204081632,True,False,True,0.05,False,MILD
005,24,2026-04-18 14:00:00,204.44,0.9,-0.8671428571428572,True,False,True,0.05,False,MILD
005,25,2026-04-18 15:00:00,204.44,0.9,-0.8806122448979593,True,False,True,0.05,False,MILD
005,26,2026-04-18 16:00:00,204.44,0.9,-0.8855102040816326,True,False,True,0.05,False,MILD
005,27,2026-04-18 17:00:00,83.94,0.9,-0.8871428571428571,True,False,True,0.05,False,MILD
005,28,2026-04-18 18:00:00,83.94,0.9,-0.8824489795918367,True,False,True,0.05,False,MILD
005,29,2026-04-18 19:00:00,83.94,0.9,-0.8724489795918368,True,False,True,0.05,False,MILD
005,30,2026-04-18 20:00:00,83.94,0.9,-0.8514285714285714,True,False,True,0.05,False,MILD
005,31,2026-04-18 21:00:00,83.94,0.9,-0.8295918367346938,True,False,True,0.05,False,MILD
005,32,2026-04-18 22:00:00,83.94,0.7,-0.8197959183673468,True,False,True,0.05,False,MILD
005,33,2026-04-18 23:00:00,83.94,0.5,-0.8040816326530612,True,False,True,0.05,False,MILD
005,34,2026-04-19 00:00:00,208.1,0.6,-0.7991836734693878,True,False,True,0.05,False,MILD
005,35,2026-04-19 01:00:00,208.1,0.6,-0.783469387755102,True,False,True,0.05,False,MILD
005,36,2026-04-19 02:00:00,208.1,0.6,-0.7655102040816326,True,False,True,0.05,False,MILD
005,37,2026-04-19 03:00:00,208.1,0.6,-0.7483673469387757,True,False,True,0.05,False,MILD
005,38,2026-04-19 04:00:00,208.1,0.6,-0.7442857142857144,True,False,True,0.05,False,MILD
005,39,2026-04-19 05:00:00,208.1,0.6,-0.7389795918367347,True,False,True,0.05,False,MILD
005,40,2026-04-19 06:00:00,208.1,0.6,-0.7387755102040817,True,False,True,0.05,False,MILD
005,41,2026-04-19 07:00:00,208.1,0.6,-0.7308163265306122,True,False,True,0.05,False,MILD
005,42,2026-04-19 08:00:00,60.8,0.2,-0.7214285714285714,True,False,True,0.05,False,MILD
005,43,2026-04-19 09:00:00,60.8,0.2,-0.72734693877551,True,False,True,0.05,False,MILD
005,44,2026-04-19 10:00:00,60.8,0.2,-0.7371428571428572,True,False,True,0.05,False,MILD
005,45,2026-04-19 11:00:00,60.8,0.2,-0.7534693877551021,True,False,True,0.05,False,MILD
005,46,2026-04-19 12:00:00,60.8,0.2,-0.762857142857143,True,False,True,0.05,False,MILD
005,47,2026-04-19 13:00:00,60.8,0.2,-0.7746938775510204,True,False,True,0.05,False,MILD
005,48,2026-04-19 14:00:00,60.8,0.2,-0.7926530612244898,True,False,True,0.05,False,MILD
005,49,2026-04-19 15:00:00,1.61,0.2,-0.8059183673469388,True,True,False,0.05,False,MILD
005,50,2026-04-19 16:00:00,1.64,0.2,-0.8165306122448979,True,True,False,0.05,False,MILD
005,51,2026-04-19 17:00:00,1.64,0.2,-0.8251020408163265,True,True,False,0.05,False,MILD
005,52,2026-04-19 18:00:00,1.64,0.2,-0.8355102040816326,True,True,False,0.05,False,MILD
005,53,2026-04-19 19:00:00,70.28,0.2,-0.8422448979591838,True,False,True,0.05,False,MILD
005,54,2026-04-19 20:00:00,70.28,0.2,-0.8383673469387755,True,False,True,0.05,False,MILD
005,55,2026-04-19 21:00:00,70.28,0.2,-0.8451020408163264,True,False,True,0.05,False,MILD
005,56,2026-04-19 22:00:00,70.28,0.2,-0.8397959183673469,True,False,True,0.05,False,MILD
005,57,2026-04-19 23:00:00,96.39,0.2,-0.8310204081632654,True,False,True,0.05,False,MILD
005,58,2026-04-20 00:00:00,96.39,0.2,-0.8230612244897959,True,False,True,0.05,False,MILD
005,59,2026-04-20 01:00:00,96.39,0.2,-0.8097959183673469,True,False,True,0.05,False,MILD
005,60,2026-04-20 02:00:00,96.39,0.2,-0.7893877551020406,True,False,True,0.05,False,MILD
005,61,2026-04-20 03:00:00,96.39,0.2,-0.7791836734693878,True,False,True,0.05,False,MILD
005,62,2026-04-20 04:00:00,96.39,0.2,-0.7748979591836735,True,False,True,0.05,False,MILD
005,63,2026-04-20 05:00:00,96.39,0.2,-0.7718367346938774,True,False,True,0.05,False,MILD
005,64,2026-04-20 06:00:00,96.39,0.2,-0.7638775510204081,True,False,True,0.05,False,MILD
005,65,2026-04-20 07:00:00,62.18,0.2,-0.766530612244898,True,False,True,0.05,False,MILD
005,66,2026-04-20 08:00:00,1.62,0.2,-0.773469387755102,True,True,False,0.05,False,MILD
005,67,2026-04-20 09:00:00,1.62,0.2,-0.7822448979591836,True,True,False,0.05,False,MILD
005,68,2026-04-20 10:00:00,1.62,0.2,-0.7957142857142856,True,True,False,0.05,False,MILD
005,69,2026-04-20 11:00:00,1.62,0.2,-0.8083673469387753,True,True,False,0.05,False,MILD
005,70,2026-04-20 12:00:00,1.62,0.2,-0.813469387755102,True,True,False,0.05,False,MILD
005,71,2026-04-20 13:00:00,215.75,0.2,-0.813469387755102,True,False,True,0.05,False,MILD
005,72,2026-04-20 14:00:00,215.75,0.2,-0.8189795918367347,True,False,True,0.05,False,MILD
005,73,2026-04-20 15:00:00,215.75,0.2,-0.8244897959183674,True,False,True,0.05,False,MILD
005,74,2026-04-20 16:00:00,215.75,0.2,-0.8279591836734694,True,False,True,0.05,False,MILD
005,75,2026-04-20 17:00:00,215.75,0.2,-0.8316326530612245,True,False,True,0.05,False,MILD
005,76,2026-04-20 18:00:00,215.75,0.3,-0.8208163265306123,True,False,True,0.05,False,MILD
005,77,2026-04-20 19:00:00,215.75,0.3,-0.8189795918367347,True,False,True,0.05,False,MILD
005,78,2026-04-20 20:00:00,215.75,0.3,-0.8187755102040816,True,False,True,0.05,False,MILD
005,79,2026-04-20 21:00:00,98.09,0.3,-0.8071428571428573,True,False,True,0.05,False,MILD
005,80,2026-04-20 22:00:00,98.09,0.3,-0.7930612244897959,True,False,True,0.05,False,MILD
005,81,2026-04-20 23:00:00,98.09,0.3,-0.7763265306122449,True,False,True,0.05,False,MILD
005,82,2026-04-21 00:00:00,98.09,0.3,-0.7485714285714286,True,False,True,0.05,False,MILD
005,83,2026-04-21 01:00:00,98.09,0.3,-0.7291836734693878,True,False,True,0.05,False,MILD
005,84,2026-04-21 02:00:00,98.09,0.3,-0.716530612244898,True,False,True,0.05,False,MILD
005,85,2026-04-21 03:00:00,98.09,0.2,-0.703469387755102,True,False,True,0.05,False,MILD
005,86,2026-04-21 04:00:00,98.09,0.2,-0.6967346938775512,True,False,True,0.05,False,MILD
005,87,2026-04-21 05:00:00,98.09,0.2,-0.7036734693877552,True,False,True,0.05,False,MILD
005,88,2026-04-21 06:00:00,1.55,0.2,-0.7055102040816327,True,True,True,0.05,False,MILD
005,89,2026-04-21 07:00:00,1.55,0.2,-0.7130612244897959,True,True,True,0.05,False,MILD
005,90,2026-04-21 08:00:00,1.48,0.2,-0.7124489795918366,True,True,True,0.05,False,MILD
005,91,2026-04-21 09:00:00,1.48,0.2,-0.7159183673469387,True,True,True,0.05,False,MILD
005,92,2026-04-21 10:00:00,1.48,0.2,-0.7275510204081632,True,True,True,0.05,False,MILD
005,93,2026-04-21 11:00:00,1.48,0.2,-0.7373469387755102,True,True,True,0.05,False,MILD
005,94,2026-04-21 12:00:00,1.36,0.2,-0.7434693877551021,True,True,True,0.05,False,MILD
005,95,2026-04-21 13:00:00,1.36,0.2,-0.742857142857143,True,True,True,0.05,False,MILD
005,96,2026-04-21 14:00:00,1.36,0.2,-0.7375510204081632,True,True,True,0.05,False,MILD
005,97,2026-04-21 15:00:00,1.36,0.2,-0.733265306122449,True,True,True,0.05,False,MILD
005,98,2026-04-21 16:00:00,1.36,0.2,-0.7495918367346938,True,True,True,0.05,False,MILD
005,99,2026-04-21 17:00:00,1.36,0.2,-0.7689795918367347,True,True,True,0.05,False,MILD
005,100,2026-04-21 18:00:00,1.35,0.2,-0.7771428571428571,True,True,True,0.05,True,MILD
005,101,2026-04-21 19:00:00,1.35,0.2,-0.7826530612244899,True,True,True,0.05,False,MILD
006,1,2026-04-20 14:00:00,4.61,2.1,-1.0871428571428574,True,True,True,0.0,False,MILD
006,2,2026-04-20 15:00:00,4.61,2.2,-1.0846153846153845,True,True,True,0.0,False,MILD
006,3,2026-04-20 16:00:00,5.26,2.2,-1.1010526315789473,True,True,True,0.0,False,MILD
006,4,2026-04-20 17:00:00,5.26,2.2,-1.092,True,True,False,0.0,False,MILD
006,5,2026-04-20 18:00:00,6.31,2.2,-1.0916129032258064,True,True,False,0.0,False,MILD
006,6,2026-04-20 19:00:00,433.77,2.4,-1.0899999999999999,True,False,True,0.0,False,MILD
006,7,2026-04-20 20:00:00,433.77,3.3,-1.0827906976744186,True,False,True,0.0,False,MILD
006,8,2026-04-20 21:00:00,433.77,3.3,-1.0893877551020408,True,False,True,0.0,False,MILD
006,9,2026-04-20 22:00:00,433.77,3.3,-1.0879591836734692,True,False,True,0.0,False,MILD
006,10,2026-04-20 23:00:00,433.77,3.3,-1.0920408163265305,True,False,True,0.0,False,MILD
006,11,2026-04-21 00:00:00,433.77,3.3,-1.0877551020408163,True,False,True,0.0,False,MILD
006,12,2026-04-21 01:00:00,433.77,3.3,-1.0959183673469388,True,False,True,0.05,False,MILD
006,13,2026-04-21 02:00:00,433.77,3.3,-1.0971428571428572,True,False,True,0.05,False,MILD
006,14,2026-04-21 03:00:00,178.02,3.3,-1.0975510204081633,True,False,True,0.05,False,MILD
006,15,2026-04-21 04:00:00,178.02,0.9,-1.1138775510204082,True,False,True,0.05,False,MILD
006,16,2026-04-21 05:00:00,178.02,0.9,-1.1106122448979592,True,False,True,0.05,False,MILD
006,17,2026-04-21 06:00:00,178.02,0.8,-1.1114285714285717,True,False,True,0.05,False,MILD
006,18,2026-04-21 07:00:00,178.02,0.8,-1.1175510204081631,True,False,True,0.05,False,MILD
006,19,2026-04-21 08:00:00,44.82,0.8,-1.1314285714285715,True,False,True,0.05,False,MILD
006,20,2026-04-21 09:00:00,44.82,0.8,-1.1248979591836736,True,False,True,0.05,False,MILD
006,21,2026-04-21 10:00:00,44.82,0.8,-1.116122448979592,True,False,True,0.05,False,MILD
006,22,2026-04-21 11:00:00,3.27,0.8,-1.1257142857142857,True,True,False,0.05,False,MILD
006,23,2026-04-21 12:00:00,3.27,0.8,-1.1134693877551018,True,True,False,0.05,False,MILD
006,24,2026-04-21 13:00:00,3.22,0.8,-1.1226530612244898,True,True,False,0.05,False,MILD
006,25,2026-04-21 14:00:00,3.22,0.7,-1.1357142857142857,True,True,False,0.05,False,MILD
006,26,2026-04-21 15:00:00,3.22,0.7,-1.136530612244898,True,True,False,0.05,False,MILD
006,27,2026-04-21 16:00:00,283.75,0.7,-1.1306122448979592,True,False,True,0.05,False,MILD
006,28,2026-04-21 17:00:00,283.75,0.6,-1.1389795918367347,True,False,True,0.05,False,MILD
006,29,2026-04-21 18:00:00,283.75,0.6,-1.153673469387755,True,False,True,0.05,False,MILD
006,30,2026-04-21 19:00:00,283.75,0.6,-1.1553061224489793,True,False,True,0.05,False,MILD
006,31,2026-04-21 20:00:00,283.75,0.6,-1.1602040816326529,True,False,True,0.05,False,MILD
006,32,2026-04-21 21:00:00,283.75,0.6,-1.1681632653061225,True,False,True,0.05,False,MILD
006,33,2026-04-21 22:00:00,283.75,0.7,-1.163061224489796,True,False,True,0.05,False,MILD
006,34,2026-04-21 23:00:00,283.75,0.7,-1.1675510204081632,True,False,True,0.05,False,MILD
006,35,2026-04-22 00:00:00,3.84,0.7,-1.1810204081632654,True,True,False,0.05,False,MILD
006,36,2026-04-22 01:00:00,3.84,0.7,-1.1863265306122448,True,True,False,0.05,False,MILD
006,37,2026-04-22 02:00:00,3.84,0.7,-1.1893877551020409,True,True,False,0.05,False,MILD
006,38,2026-04-22 03:00:00,3.84,0.7,-1.193469387755102,True,True,False,0.05,False,MILD
006,39,2026-04-22 04:00:00,2.56,0.7,-1.2008163265306122,True,True,False,0.05,False,MILD
006,40,2026-04-22 05:00:00,1.85,0.7,-1.2108163265306124,True,True,False,0.05,False,MILD
006,41,2026-04-22 06:00:00,34.82,0.2,-1.2255102040816326,True,False,True,0.05,False,MILD
006,42,2026-04-22 07:00:00,34.82,0.2,-1.230204081632653,True,False,True,0.05,False,MILD
006,43,2026-04-22 08:00:00,34.82,0.2,-1.2257142857142855,True,False,True,0.05,False,MILD
006,44,2026-04-22 09:00:00,34.82,0.2,-1.2283673469387755,True,False,True,0.05,False,MILD
006,45,2026-04-22 10:00:00,34.82,0.2,-1.240612244897959,True,False,True,0.05,False,MILD
006,46,2026-04-22 11:00:00,34.82,0.3,-1.259795918367347,True,False,True,0.05,False,MILD
006,47,2026-04-22 12:00:00,34.82,0.3,-1.2751020408163267,True,False,True,0.05,False,MILD
006,48,2026-04-22 13:00:00,34.82,0.3,-1.293265306122449,True,False,True,0.05,False,MILD
006,49,2026-04-22 14:00:00,1.59,0.3,-1.3038775510204081,True,True,False,0.05,False,MILD
006,50,2026-04-22 15:00:00,1.59,0.3,-1.319387755102041,True,True,False,0.05,False,MILD
006,51,2026-04-22 16:00:00,1.59,0.3,-1.3416326530612241,True,True,False,0.05,False,MILD
006,52,2026-04-22 17:00:00,1.59,0.3,-1.3585714285714288,True,True,False,0.05,False,MILD
006,53,2026-04-22 18:00:00,292.99,0.3,-1.3783673469387754,True,False,True,0.05,False,MILD
006,54,2026-04-22 19:00:00,292.99,0.2,-1.3951020408163266,True,False,True,0.05,False,MILD
006,55,2026-04-22 20:00:00,292.99,0.2,-1.4102040816326533,True,False,True,0.05,False,MILD
006,56,2026-04-22 21:00:00,292.99,0.2,-1.4114285714285717,True,False,True,0.05,False,MILD
006,57,2026-04-22 22:00:00,292.99,0.2,-1.4197959183673472,True,False,True,0.05,False,MILD
006,58,2026-04-22 23:00:00,302.09,0.2,-1.4244897959183673,True,False,True,0.05,False,MILD
006,59,2026-04-23 00:00:00,302.09,0.2,-1.4253061224489796,True,False,True,0.05,False,MILD
006,60,2026-04-23 01:00:00,302.09,0.2,-1.4234693877551021,True,False,True,0.05,False,MILD
006,61,2026-04-23 02:00:00,302.09,0.2,-1.412448979591837,True,False,True,0.05,False,MILD
006,62,2026-04-23 03:00:00,302.09,0.2,-1.411836734693878,True,False,True,0.05,False,MILD
006,63,2026-04-23 04:00:00,302.09,0.2,-1.396122448979592,True,False,True,0.05,False,MILD
006,64,2026-04-23 05:00:00,302.09,0.2,-1.3887755102040815,True,False,True,0.05,False,MILD
006,65,2026-04-23 06:00:00,302.09,0.2,-1.3848979591836734,True,False,True,0.05,False,MILD
006,66,2026-04-23 07:00:00,99.54,0.2,-1.3785714285714288,True,False,True,0.05,False,MILD
006,67,2026-04-23 08:00:00,99.54,0.2,-1.356938775510204,True,False,True,0.05,False,MILD
006,68,2026-04-23 09:00:00,99.54,0.1,-1.339591836734694,True,False,True,0.05,False,MILD
006,69,2026-04-23 10:00:00,2.11,0.1,-1.336734693877551,True,True,False,0.05,False,MILD
006,70,2026-04-23 11:00:00,51.44,0.1,-1.3255102040816327,True,False,True,0.05,False,MILD
006,71,2026-04-23 12:00:00,51.44,0.2,-1.3157142857142856,True,False,True,0.05,False,MILD
006,72,2026-04-23 13:00:00,51.44,0.2,-1.2993877551020407,True,False,True,0.05,False,MILD
006,73,2026-04-23 14:00:00,51.44,0.2,-1.2848979591836736,True,False,True,0.05,False,MILD
006,74,2026-04-23 15:00:00,51.44,0.2,-1.262857142857143,True,False,True,0.05,False,MILD
006,75,2026-04-23 16:00:00,51.44,0.2,-1.25265306122449,True,False,True,0.05,False,MILD
006,76,2026-04-23 17:00:00,51.44,0.2,-1.2530612244897958,True,False,True,0.05,False,MILD
006,77,2026-04-23 18:00:00,51.44,0.2,-1.2491836734693877,True,False,True,0.05,False,MILD
006,78,2026-04-23 19:00:00,411.94,0.2,-1.2346938775510203,True,False,True,0.05,False,MILD
006,79,2026-04-23 20:00:00,411.94,0.2,-1.233061224489796,True,False,True,0.05,False,MILD
006,80,2026-04-23 21:00:00,411.94,0.2,-1.2357142857142858,True,False,True,0.05,False,MILD
006,81,2026-04-23 22:00:00,411.94,0.1,-1.249387755102041,True,False,True,0.05,False,MILD
006,82,2026-04-23 23:00:00,411.94,0.2,-1.2565306122448978,True,False,True,0.05,False,MILD
006,83,2026-04-24 00:00:00,411.94,0.2,-1.2640816326530613,True,False,True,0.05,False,MILD
006,84,2026-04-24 01:00:00,411.94,0.2,-1.2551020408163265,True,False,True,0.05,False,MILD
006,85,2026-04-24 02:00:00,411.94,0.2,-1.2385714285714287,True,False,True,0.05,False,MILD
006,86,2026-04-24 03:00:00,69.2,0.2,-1.2377551020408164,True,False,True,0.05,False,MILD
006,87,2026-04-24 04:00:00,69.2,0.2,-1.2344897959183672,True,False,True,0.05,False,MILD
006,88,2026-04-24 05:00:00,69.2,0.2,-1.2242857142857144,True,False,True,0.05,False,MILD
006,89,2026-04-24 06:00:00,8.79,0.2,-1.2057142857142857,True,True,True,0.05,False,MILD
006,90,2026-04-24 07:00:00,8.79,0.2,-1.2018367346938776,True,True,True,0.05,False,MILD
006,91,2026-04-24 08:00:00,1.31,0.2,-1.1914285714285713,True,True,True,0.05,False,MILD
006,92,2026-04-24 09:00:00,1.31,0.2,-1.1889795918367347,True,True,True,0.05,False,MILD
006,93,2026-04-24 10:00:00,1.18,0.1,-1.193469387755102,True,True,True,0.05,False,MILD
006,94,2026-04-24 11:00:00,1.55,0.1,-1.1981632653061225,True,True,True,0.05,False,MILD
007,1,2026-04-12 13:00:00,5.16,2.2,-0.2914285714285714,True,True,True,0.0,False,MILD
007,2,2026-04-12 14:00:00,5.19,2.2,-0.2784615384615384,True,True,True,0.0,False,MILD
007,3,2026-04-12 15:00:00,5.19,2.2,-0.27210526315789474,True,True,True,0.0,False,MILD
007,4,2026-04-12 16:00:00,5.19,2.2,-0.2716,True,True,True,0.0,False,MILD
007,5,2026-04-12 17:00:00,5.19,2.2,-0.2635483870967742,True,True,True,0.0,False,MILD
007,6,2026-04-12 18:00:00,35.79,2.2,-0.25864864864864867,True,False,True,0.0,False,MILD
007,7,2026-04-12 19:00:00,35.79,2.2,-0.2602325581395349,True,False,True,0.0,False,MILD
007,8,2026-04-12 20:00:00,35.79,2.2,-0.2677551020408163,True,False,True,0.0,False,MILD
007,9,2026-04-12 21:00:00,35.79,2.2,-0.2679591836734694,True,False,True,0.0,False,MILD
007,10,2026-04-12 22:00:00,35.79,1.8,-0.2708163265306123,True,False,True,0.0,False,MILD
007,11,2026-04-12 23:00:00,35.79,1.0,-0.27469387755102037,True,False,True,0.0,False,MILD
007,12,2026-04-13 00:00:00,35.79,0.7,-0.2808163265306122,True,False,True,0.05,False,MILD
007,13,2026-04-13 01:00:00,35.79,0.6,-0.2914285714285714,True,False,True,0.05,False,MILD
007,14,2026-04-13 02:00:00,3.19,0.6,-0.3089795918367347,True,True,True,0.05,False,MILD
007,15,2026-04-13 03:00:00,3.19,0.6,-0.30571428571428566,True,True,True,0.05,True,MILD
007,16,2026-04-13 04:00:00,116.66,0.6,-0.3020408163265306,True,False,True,0.05,False,MILD
007,17,2026-04-13 05:00:00,116.66,0.6,-0.31061224489795913,True,False,True,0.05,False,MILD
007,18,2026-04-13 06:00:00,116.66,0.6,-0.3153061224489796,True,False,True,0.05,False,MILD
007,19,2026-04-13 07:00:00,116.66,0.5,-0.33265306122448973,True,False,True,0.05,False,MILD
007,20,2026-04-13 08:00:00,116.66,0.5,-0.3402040816326531,True,False,True,0.05,False,MILD
007,21,2026-04-13 09:00:00,116.66,0.2,-0.3583673469387754,True,False,True,0.05,False,MILD
007,22,2026-04-13 10:00:00,116.66,0.2,-0.36918367346938774,True,False,True,0.05,False,MILD
007,23,2026-04-13 11:00:00,125.26,0.2,-0.39693877551020407,True,False,True,0.05,False,MILD
007,24,2026-04-13 12:00:00,132.35,0.2,-0.4120408163265306,True,False,True,0.05,False,MILD
007,25,2026-04-13 13:00:00,132.35,0.2,-0.4253061224489796,True,False,True,0.05,False,MILD
007,26,2026-04-13 14:00:00,132.35,0.2,-0.43979591836734694,True,False,True,0.05,False,MILD
007,27,2026-04-13 15:00:00,132.35,0.2,-0.4461224489795918,True,False,True,0.05,False,MILD
007,28,2026-04-13 16:00:00,132.35,0.2,-0.46285714285714286,True,False,True,0.05,False,MILD
007,29,2026-04-13 17:00:00,132.35,0.2,-0.4651020408163265,True,False,True,0.05,False,MILD
007,30,2026-04-13 18:00:00,132.35,0.2,-0.47040816326530616,True,False,True,0.05,False,MILD
007,31,2026-04-13 19:00:00,132.35,0.2,-0.4714285714285715,True,False,True,0.05,False,MILD
007,32,2026-04-13 20:00:00,19.96,0.2,-0.48673469387755103,True,False,True,0.05,False,MILD
007,33,2026-04-13 21:00:00,19.96,0.2,-0.48734693877551016,True,False,True,0.05,False,MILD
007,34,2026-04-13 22:00:00,19.96,0.2,-0.49408163265306126,True,False,True,0.05,False,MILD
007,35,2026-04-13 23:00:00,19.96,0.2,-0.5095918367346939,True,False,True,0.05,False,MILD
007,36,2026-04-14 00:00:00,1.37,0.2,-0.5189795918367347,True,True,True,0.05,False,MILD
007,37,2026-04-14 01:00:00,1.28,0.2,-0.5453061224489797,True,True,True,0.05,False,MILD
008,1,2026-01-22 12:00:00,6.16,0.9,0.36,False,False,True,0.0,False,MILD
008,2,2026-01-22 13:00:00,8.07,0.9,0.3584615384615385,False,False,True,0.0,False,MILD
008,3,2026-01-22 14:00:00,8.07,2.1,0.3584210526315789,False,False,True,0.0,False,MILD
008,4,2026-01-22 15:00:00,8.07,2.1,0.33399999999999996,False,False,True,0.0,False,MILD
008,5,2026-01-22 16:00:00,8.07,2.1,0.32677419354838705,False,False,True,0.0,False,MILD
008,6,2026-01-22 17:00:00,8.07,2.1,0.3256756756756756,False,False,True,0.0,False,MILD
008,7,2026-01-22 18:00:00,8.07,2.3,0.3267441860465116,False,False,True,0.0,False,MILD
008,8,2026-01-22 19:00:00,8.07,2.6,0.32591836734693874,False,False,True,0.0,False,MILD
008,9,2026-01-22 20:00:00,8.07,2.8,0.32142857142857145,False,False,True,0.0,False,MILD
008,10,2026-01-22 21:00:00,7.49,2.8,0.3159183673469388,False,False,True,0.0,False,MILD
008,11,2026-01-22 22:00:00,7.21,2.8,0.31387755102040815,False,False,True,0.0,False,MILD
008,12,2026-01-22 23:00:00,7.21,2.8,0.316530612244898,False,False,True,0.05,False,MILD
008,13,2026-01-23 00:00:00,7.21,2.8,0.32244897959183677,False,False,True,0.05,False,MILD
008,14,2026-01-23 01:00:00,7.21,2.8,0.3206122448979592,False,False,True,0.05,False,MILD
008,15,2026-01-23 02:00:00,252.88,2.8,0.3104081632653061,False,False,True,0.05,False,MILD
008,16,2026-01-23 03:00:00,252.88,2.8,0.3081632653061225,False,False,True,0.05,False,MILD
008,17,2026-01-23 04:00:00,252.88,1.9,0.3057142857142857,False,False,True,0.05,False,MILD
008,18,2026-01-23 05:00:00,252.88,1.4,0.2936734693877551,False,False,True,0.05,False,MILD
008,19,2026-01-23 06:00:00,252.88,0.8,0.28653061224489795,False,False,True,0.05,False,MILD
008,20,2026-01-23 07:00:00,252.88,0.8,0.273469387755102,False,False,True,0.05,False,MILD
008,21,2026-01-23 08:00:00,252.88,0.8,0.26265306122448984,False,False,True,0.05,False,MILD
008,22,2026-01-23 09:00:00,252.88,0.8,0.2536734693877551,False,False,True,0.05,False,MILD
008,23,2026-01-23 10:00:00,24.82,0.8,0.2416326530612245,False,False,True,0.05,False,MILD
008,24,2026-01-23 11:00:00,24.82,0.8,0.23163265306122444,False,False,True,0.05,False,MILD
008,25,2026-01-23 12:00:00,4.66,0.8,0.21979591836734694,False,False,True,0.05,False,MILD
008,26,2026-01-23 13:00:00,119.82,0.8,0.2316326530612245,False,False,True,0.05,False,MILD
008,27,2026-01-23 14:00:00,119.82,0.8,0.23244897959183675,False,False,True,0.05,False,MILD
008,28,2026-01-23 15:00:00,119.82,0.8,0.23612244897959184,False,False,True,0.05,False,MILD
008,29,2026-01-23 16:00:00,503.26,0.8,0.24081632653061225,False,False,True,0.05,False,MILD
008,30,2026-01-23 17:00:00,503.26,0.8,0.23510204081632652,False,False,True,0.05,False,MILD
008,31,2026-01-23 18:00:00,503.26,0.8,0.2479591836734694,False,False,True,0.05,False,MILD
008,32,2026-01-23 19:00:00,503.26,0.8,0.2512244897959184,False,False,True,0.05,False,MILD
008,33,2026-01-23 20:00:00,503.26,0.8,0.25510204081632654,False,False,True,0.05,False,MILD
008,34,2026-01-23 21:00:00,503.26,0.8,0.2571428571428571,False,False,True,0.05,False,MILD
008,35,2026-01-23 22:00:00,503.26,0.8,0.2608163265306122,False,False,True,0.05,False,MILD
008,36,2026-01-23 23:00:00,503.26,0.7,0.26816326530612244,False,False,True,0.05,False,MILD
008,37,2026-01-24 00:00:00,40.58,0.6,0.2755102040816326,False,False,True,0.05,False,MILD
008,38,2026-01-24 01:00:00,250.39,0.6,0.28775510204081634,False,False,True,0.05,False,MILD
008,39,2026-01-24 02:00:00,250.39,0.6,0.2995918367346939,False,False,True,0.05,False,MILD
008,40,2026-01-24 03:00:00,250.39,0.8,0.31469387755102035,False,False,True,0.05,False,MILD
008,41,2026-01-24 04:00:00,250.39,0.8,0.31734693877551023,False,False,True,0.05,False,MILD
008,42,2026-01-24 05:00:00,250.39,0.8,0.32387755102040816,False,False,True,0.05,False,MILD
008,43,2026-01-24 06:00:00,250.39,0.8,0.3310204081632653,False,False,True,0.05,False,MILD
008,44,2026-01-24 07:00:00,321.7,0.8,0.33836734693877557,False,False,True,0.05,False,MILD
008,45,2026-01-24 08:00:00,321.7,0.8,0.336734693877551,False,False,True,0.05,False,MILD
008,46,2026-01-24 09:00:00,321.7,0.8,0.33346938775510204,False,False,True,0.05,False,MILD
008,47,2026-01-24 10:00:00,321.7,0.8,0.3344897959183673,False,False,True,0.05,False,MILD
008,48,2026-01-24 11:00:00,321.7,0.5,0.3218367346938776,False,False,True,0.05,False,MILD
008,49,2026-01-24 12:00:00,321.7,0.2,0.316530612244898,False,False,True,0.05,False,MILD
008,50,2026-01-24 13:00:00,321.7,0.2,0.3140816326530612,False,False,True,0.05,False,MILD
008,51,2026-01-24 14:00:00,321.7,0.2,0.3030612244897959,False,False,True,0.05,False,MILD
008,52,2026-01-24 15:00:00,171.38,0.2,0.2869387755102041,False,False,True,0.05,False,MILD
008,53,2026-01-24 16:00:00,312.8,0.2,0.28714285714285714,False,False,True,0.05,False,MILD
008,54,2026-01-24 17:00:00,312.8,0.2,0.27346938775510204,False,False,True,0.05,False,MILD
008,55,2026-01-24 18:00:00,312.8,0.2,0.27285714285714285,False,False,True,0.05,False,MILD
008,56,2026-01-24 19:00:00,312.8,0.2,0.26959183673469383,False,False,True,0.05,False,MILD
008,57,2026-01-24 20:00:00,321.88,0.2,0.2736734693877551,False,False,True,0.05,False,MILD
008,58,2026-01-24 21:00:00,321.88,0.2,0.2753061224489796,False,False,True,0.05,False,MILD
008,59,2026-01-24 22:00:00,321.88,0.2,0.27285714285714285,False,False,True,0.05,False,MILD
008,60,2026-01-24 23:00:00,375.99,0.2,0.27795918367346933,False,False,True,0.05,False,MILD
008,61,2026-01-25 00:00:00,375.99,0.2,0.2836734693877551,False,False,True,0.05,False,MILD
008,62,2026-01-25 01:00:00,375.99,0.2,0.2904081632653061,False,False,True,0.05,False,MILD
008,63,2026-01-25 02:00:00,375.99,0.2,0.3042857142857143,False,False,True,0.05,False,MILD
008,64,2026-01-25 03:00:00,375.99,0.2,0.31836734693877555,False,False,True,0.05,False,MILD
008,65,2026-01-25 04:00:00,375.99,0.2,0.32999999999999996,False,False,True,0.05,False,MILD
008,66,2026-01-25 05:00:00,375.99,0.2,0.3487755102040817,False,False,True,0.05,False,MILD
008,67,2026-01-25 06:00:00,375.99,0.2,0.36428571428571427,False,False,True,0.05,False,MILD
008,68,2026-01-25 07:00:00,5.09,0.2,0.37204081632653063,False,False,True,0.05,False,MILD
008,69,2026-01-25 08:00:00,188.48,0.2,0.3877551020408163,False,False,True,0.05,False,MILD
008,70,2026-01-25 09:00:00,188.48,0.2,0.3961224489795918,False,False,True,0.05,False,MILD
008,71,2026-01-25 10:00:00,292.29,0.2,0.39591836734693875,False,False,True,0.05,False,MILD
008,72,2026-01-25 11:00:00,292.29,0.2,0.3995918367346939,False,False,True,0.05,False,MILD
008,73,2026-01-25 12:00:00,292.29,0.2,0.400204081632653,False,False,True,0.05,False,MILD
008,74,2026-01-25 13:00:00,292.29,0.2,0.3985714285714286,False,False,True,0.05,False,MILD
008,75,2026-01-25 14:00:00,292.29,0.2,0.3985714285714286,False,False,True,0.05,False,MILD
008,76,2026-01-25 15:00:00,292.29,0.3,0.41102040816326524,False,False,True,0.05,False,MILD
008,77,2026-01-25 16:00:00,292.29,0.3,0.4124489795918367,False,False,True,0.05,False,MILD
008,78,2026-01-25 17:00:00,292.29,0.3,0.41489795918367345,False,False,True,0.05,False,MILD
008,79,2026-01-25 18:00:00,290.59,0.3,0.4210204081632653,False,False,True,0.05,False,MILD
008,80,2026-01-25 19:00:00,290.59,0.3,0.42,False,False,True,0.05,False,MILD
008,81,2026-01-25 20:00:00,290.59,0.3,0.40693877551020413,False,False,True,0.05,False,MILD
008,82,2026-01-25 21:00:00,308.2,0.3,0.4020408163265306,False,False,True,0.05,False,MILD
008,83,2026-01-25 22:00:00,308.2,0.3,0.3873469387755102,False,False,True,0.05,False,MILD
008,84,2026-01-25 23:00:00,308.2,0.3,0.37795918367346937,False,False,True,0.05,False,MILD
008,85,2026-01-26 00:00:00,308.2,0.2,0.36938775510204075,False,False,True,0.05,False,MILD
008,86,2026-01-26 01:00:00,308.2,0.2,0.3640816326530613,False,False,True,0.05,False,MILD
008,87,2026-01-26 02:00:00,308.2,0.2,0.356734693877551,False,False,True,0.05,False,MILD
008,88,2026-01-26 03:00:00,308.2,0.2,0.3526530612244898,False,False,True,0.05,False,MILD
008,89,2026-01-26 04:00:00,308.2,0.2,0.3642857142857143,False,False,True,0.05,False,MILD
008,90,2026-01-26 05:00:00,370.61,0.2,0.37285714285714283,False,False,True,0.05,False,MILD
008,91,2026-01-26 06:00:00,370.61,0.2,0.3720408163265305,False,False,True,0.05,False,MILD
008,92,2026-01-26 07:00:00,370.61,0.2,0.356734693877551,False,False,True,0.05,False,MILD
008,93,2026-01-26 08:00:00,370.61,0.2,0.34489795918367344,False,False,True,0.05,False,MILD
008,94,2026-01-26 09:00:00,370.61,0.2,0.3304081632653062,False,False,True,0.05,False,MILD
008,95,2026-01-26 10:00:00,370.61,0.2,0.33306122448979586,False,False,True,0.05,False,MILD
008,96,2026-01-26 11:00:00,370.61,0.2,0.32714285714285707,False,False,True,0.05,False,MILD
008,97,2026-01-26 12:00:00,370.61,0.2,0.3104081632653061,False,False,True,0.05,False,MILD
008,98,2026-01-26 13:00:00,1.37,0.2,0.29408163265306125,False,False,True,0.05,False,MILD
008,99,2026-01-26 14:00:00,108.52,0.1,0.29408163265306125,False,False,True,0.05,False,MILD
008,100,2026-01-26 15:00:00,108.52,0.2,0.3040816326530612,False,False,True,0.05,False,MILD
008,101,2026-01-26 16:00:00,108.52,0.2,0.3093877551020408,False,False,True,0.05,False,MILD
008,102,2026-01-26 17:00:00,108.52,0.2,0.30265306122448976,False,False,True,0.05,False,MILD
008,103,2026-01-26 18:00:00,108.52,0.2,0.3016326530612245,False,False,True,0.05,False,MILD
008,104,2026-01-26 19:00:00,258.15,0.2,0.2997959183673469,False,False,True,0.05,False,MILD
008,105,2026-01-26 20:00:00,258.15,0.2,0.3073469387755102,False,False,True,0.05,False,MILD
008,106,2026-01-26 21:00:00,258.15,0.3,0.3104081632653061,False,False,True,0.05,False,MILD
008,107,2026-01-26 22:00:00,258.15,0.3,0.30428571428571427,False,False,True,0.05,False,MILD
008,108,2026-01-26 23:00:00,258.15,0.3,0.2889795918367347,False,False,True,0.05,False,MILD
008,109,2026-01-27 00:00:00,258.15,0.3,0.3026530612244898,False,False,True,0.05,False,MILD
008,110,2026-01-27 01:00:00,258.15,0.3,0.29918367346938773,False,False,True,0.05,False,MILD
008,111,2026-01-27 02:00:00,258.15,0.3,0.2904081632653061,False,False,True,0.05,False,MILD
008,112,2026-01-27 03:00:00,99.58,0.3,0.28816326530612246,False,False,True,0.05,False,MILD
008,113,2026-01-27 04:00:00,99.58,0.3,0.28285714285714286,False,False,True,0.05,False,MILD
008,114,2026-01-27 05:00:00,99.58,0.3,0.2753061224489796,False,False,True,0.05,False,MILD
008,115,2026-01-27 06:00:00,99.58,0.2,0.27918367346938777,False,False,True,0.05,False,MILD
008,116,2026-01-27 07:00:00,99.58,0.2,0.28877551020408165,False,False,True,0.05,False,MILD
008,117,2026-01-27 08:00:00,99.58,0.2,0.29714285714285715,False,False,True,0.05,False,MILD
009,1,2026-04-02 16:00:00,112.77,2.6,-0.2442857142857143,True,False,True,0.0,False,MILD
009,2,2026-04-02 17:00:00,112.77,2.6,-0.2361538461538462,True,False,True,0.0,False,MILD
009,3,2026-04-02 18:00:00,112.77,2.6,-0.22684210526315796,True,False,True,0.0,False,MILD
009,4,2026-04-02 19:00:00,112.77,2.6,-0.2236,True,False,True,0.0,False,MILD
009,5,2026-04-02 20:00:00,112.77,2.6,-0.2229032258064516,True,False,True,0.0,False,MILD
009,6,2026-04-02 21:00:00,112.77,2.6,-0.2137837837837838,True,False,True,0.0,False,MILD
009,7,2026-04-02 22:00:00,112.77,2.6,-0.19999999999999998,True,False,True,0.0,False,MILD
009,8,2026-04-02 23:00:00,205.1,2.7,-0.19938775510204082,True,False,True,0.0,False,MILD
009,9,2026-04-03 00:00:00,205.1,3.2,-0.18102040816326528,True,False,True,0.0,False,MILD
009,10,2026-04-03 01:00:00,205.1,3.2,-0.15938775510204084,True,False,True,0.0,False,MILD
009,11,2026-04-03 02:00:00,205.1,3.2,-0.1436734693877551,True,False,True,0.0,False,MILD
009,12,2026-04-03 03:00:00,308.23,3.2,-0.14326530612244898,True,False,True,0.05,False,MILD
009,13,2026-04-03 04:00:00,308.23,3.2,-0.1312244897959184,True,False,True,0.05,False,MILD
009,14,2026-04-03 05:00:00,308.23,3.2,-0.13081632653061226,True,False,True,0.05,False,MILD
009,15,2026-04-03 06:00:00,308.23,3.2,-0.13938775510204082,True,False,True,0.05,False,MILD
009,16,2026-04-03 07:00:00,308.23,3.2,-0.14326530612244898,True,False,True,0.05,False,MILD
009,17,2026-04-03 08:00:00,308.23,1.8,-0.15897959183673468,True,False,True,0.05,False,MILD
009,18,2026-04-03 09:00:00,308.23,0.8,-0.18285714285714288,True,False,True,0.05,False,MILD
009,19,2026-04-03 10:00:00,308.23,0.8,-0.19265306122448977,True,False,True,0.05,False,MILD
009,20,2026-04-03 11:00:00,2.73,0.8,-0.20020408163265307,True,True,False,0.05,False,MILD
009,21,2026-04-03 12:00:00,2.73,0.8,-0.2110204081632653,True,True,False,0.05,False,MILD
009,22,2026-04-03 13:00:00,2.79,0.8,-0.2146938775510204,True,True,False,0.05,False,MILD
009,23,2026-04-03 14:00:00,3.43,0.8,-0.21285714285714288,True,True,False,0.05,False,MILD
009,24,2026-04-03 15:00:00,3.43,0.8,-0.21061224489795918,True,True,False,0.05,False,MILD
009,25,2026-04-03 16:00:00,113.29,0.8,-0.21020408163265308,True,False,True,0.05,False,MILD
009,26,2026-04-03 17:00:00,113.29,0.7,-0.1906122448979592,True,False,True,0.05,False,MILD
009,27,2026-04-03 18:00:00,113.29,0.7,-0.19265306122448983,True,False,True,0.05,False,MILD
009,28,2026-04-03 19:00:00,113.29,0.7,-0.1863265306122449,True,False,True,0.05,False,MILD
009,29,2026-04-03 20:00:00,113.29,0.7,-0.17816326530612242,True,False,True,0.05,False,MILD
009,30,2026-04-03 21:00:00,113.29,0.7,-0.16897959183673472,True,False,True,0.05,False,MILD
009,31,2026-04-03 22:00:00,317.95,0.7,-0.14857142857142858,True,False,True,0.05,False,MILD
009,32,2026-04-03 23:00:00,388.25,0.7,-0.13632653061224492,True,False,True,0.05,False,MILD
009,33,2026-04-04 00:00:00,388.25,0.7,-0.11163265306122448,True,False,True,0.05,False,MILD
009,34,2026-04-04 01:00:00,388.25,0.7,-0.09673469387755103,True,False,True,0.05,False,MILD
009,35,2026-04-04 02:00:00,388.25,0.7,-0.07265306122448979,True,False,True,0.05,False,MILD
009,36,2026-04-04 03:00:00,388.25,0.7,-0.051632653061224484,True,False,True,0.05,False,MILD
009,37,2026-04-04 04:00:00,388.25,0.7,-0.015714285714285715,True,False,True,0.05,False,MILD
009,38,2026-04-04 05:00:00,388.25,0.7,-0.0004081632653061234,True,False,True,0.05,False,MILD
009,39,2026-04-04 06:00:00,388.25,0.7,0.014693877551020407,False,False,True,0.05,False,MILD
009,40,2026-04-04 07:00:00,61.06,0.6,0.01816326530612245,False,False,True,0.05,False,MILD
009,41,2026-04-04 08:00:00,61.06,0.2,0.023061224489795917,False,False,True,0.05,False,MILD
009,42,2026-04-04 09:00:00,61.06,0.2,0.02795918367346939,False,False,True,0.05,False,MILD
009,43,2026-04-04 10:00:00,88.97,0.2,0.027142857142857146,False,False,True,0.05,False,MILD
009,44,2026-04-04 11:00:00,88.97,0.2,0.027551020408163266,False,False,True,0.05,False,MILD
009,45,2026-04-04 12:00:00,189.59,0.2,0.018571428571428576,False,False,True,0.05,False,MILD
009,46,2026-04-04 13:00:00,189.59,0.3,0.015714285714285715,False,False,True,0.05,False,MILD
009,47,2026-04-04 14:00:00,189.59,0.3,0.01795918367346939,False,False,True,0.05,False,MILD
009,48,2026-04-04 15:00:00,189.59,0.3,0.015714285714285715,False,False,True,0.05,False,MILD
009,49,2026-04-04 16:00:00,194.62,0.3,0.022653061224489797,False,False,True,0.05,False,MILD
009,50,2026-04-04 17:00:00,194.62,0.3,0.019591836734693877,False,False,True,0.05,False,MILD
009,51,2026-04-04 18:00:00,194.62,0.3,0.024897959183673473,False,False,True,0.05,False,MILD
009,52,2026-04-04 19:00:00,194.62,0.3,0.03510204081632653,False,False,True,0.05,False,MILD
009,53,2026-04-04 20:00:00,194.62,0.3,0.04571428571428572,False,False,True,0.05,False,MILD
009,54,2026-04-04 21:00:00,194.62,0.2,0.059795918367346934,False,False,True,0.05,False,MILD
009,55,2026-04-04 22:00:00,194.62,0.2,0.06428571428571428,False,False,True,0.05,False,MILD
009,56,2026-04-04 23:00:00,194.62,0.2,0.0663265306122449,False,False,True,0.05,False,MILD
009,57,2026-04-05 00:00:00,1.45,0.2,0.0663265306122449,False,False,True,0.05,False,MILD
009,58,2026-04-05 01:00:00,1.45,0.2,0.07775510204081632,False,False,True,0.05,False,MILD
009,59,2026-04-05 02:00:00,65.82,0.2,0.08306122448979593,False,False,True,0.05,False,MILD
009,60,2026-04-05 03:00:00,65.82,0.2,0.09142857142857144,False,False,True,0.05,False,MILD
009,61,2026-04-05 04:00:00,65.82,0.2,0.09387755102040818,False,False,True,0.05,False,MILD
009,62,2026-04-05 05:00:00,65.82,0.2,0.10081632653061225,False,False,True,0.05,False,MILD
009,63,2026-04-05 06:00:00,65.82,0.2,0.10142857142857142,False,False,True,0.05,False,MILD
009,64,2026-04-05 07:00:00,65.82,0.2,0.11755102040816327,False,False,True,0.05,False,MILD
009,65,2026-04-05 08:00:00,396.92,0.2,0.11775510204081634,False,False,True,0.05,False,MILD
009,66,2026-04-05 09:00:00,396.92,0.2,0.12265306122448981,False,False,True,0.05,False,MILD
009,67,2026-04-05 10:00:00,396.92,0.2,0.13448979591836735,False,False,True,0.05,False,MILD
009,68,2026-04-05 11:00:00,396.92,0.2,0.12448979591836735,False,False,True,0.05,False,MILD
009,69,2026-04-05 12:00:00,396.92,0.2,0.12040816326530612,False,False,True,0.05,False,MILD
009,70,2026-04-05 13:00:00,396.92,0.2,0.11816326530612245,False,False,True,0.05,False,MILD
009,71,2026-04-05 14:00:00,396.92,0.2,0.11877551020408164,False,False,True,0.05,False,MILD
009,72,2026-04-05 15:00:00,396.92,0.2,0.11897959183673469,False,False,True,0.05,False,MILD
009,73,2026-04-05 16:00:00,246.04,0.2,0.12816326530612243,False,False,True,0.05,False,MILD
009,74,2026-04-05 17:00:00,246.04,0.2,0.13551020408163267,False,False,True,0.05,False,MILD
009,75,2026-04-05 18:00:00,246.04,0.2,0.1453061224489796,False,False,True,0.05,False,MILD
009,76,2026-04-05 19:00:00,246.04,0.2,0.15265306122448982,False,False,True,0.05,False,MILD
009,77,2026-04-05 20:00:00,246.04,0.2,0.14979591836734696,False,False,True,0.05,False,MILD
009,78,2026-04-05 21:00:00,221.95,0.2,0.15306122448979592,False,False,True,0.05,False,MILD
009,79,2026-04-05 22:00:00,221.95,0.2,0.15081632653061228,False,False,True,0.05,False,MILD
009,80,2026-04-05 23:00:00,221.95,0.2,0.156734693877551,False,False,True,0.05,False,MILD
009,81,2026-04-06 00:00:00,219.23,0.2,0.1579591836734694,False,False,True,0.05,False,MILD
009,82,2026-04-06 01:00:00,219.23,0.2,0.15326530612244899,False,False,True,0.05,False,MILD
009,83,2026-04-06 02:00:00,219.23,0.2,0.14551020408163265,False,False,True,0.05,False,MILD
009,84,2026-04-06 03:00:00,219.23,0.2,0.14734693877551022,False,False,True,0.05,False,MILD
009,85,2026-04-06 04:00:00,219.23,0.2,0.15959183673469388,False,False,True,0.05,False,MILD
009,86,2026-04-06 05:00:00,219.23,0.3,0.1536734693877551,False,False,True,0.05,False,MILD
009,87,2026-04-06 06:00:00,219.23,0.3,0.15122448979591838,False,False,True,0.05,False,MILD
009,88,2026-04-06 07:00:00,208.19,0.3,0.14020408163265308,False,False,True,0.05,False,MILD
009,89,2026-04-06 08:00:00,208.19,0.3,0.13755102040816328,False,False,True,0.05,False,MILD
009,90,2026-04-06 09:00:00,208.19,0.3,0.14489795918367349,False,False,True,0.05,False,MILD
009,91,2026-04-06 10:00:00,208.19,0.3,0.14346938775510204,False,False,True,0.05,False,MILD
009,92,2026-04-06 11:00:00,208.19,0.3,0.14428571428571427,False,False,True,0.05,False,MILD
009,93,2026-04-06 12:00:00,71.79,0.3,0.1469387755102041,False,False,True,0.05,False,MILD
009,94,2026-04-06 13:00:00,71.79,0.2,0.15448979591836734,False,False,True,0.05,False,MILD
009,95,2026-04-06 14:00:00,71.79,0.3,0.1706122448979592,False,False,True,0.05,False,MILD
010,1,2026-05-13 12:00:00,3.38,2.0,0.012857142857142859,False,False,True,0.0,False,MILD
010,2,2026-05-13 13:00:00,3.38,2.0,0.03384615384615385,False,False,True,0.0,False,MILD
010,3,2026-05-13 14:00:00,4.98,2.0,0.03052631578947369,False,False,True,0.0,False,MILD
010,4,2026-05-13 15:00:00,194.3,2.0,0.008000000000000002,False,False,True,0.0,False,MILD
010,5,2026-05-13 16:00:00,194.3,2.0,0.00903225806451613,False,False,True,0.0,False,MILD
010,6,2026-05-13 17:00:00,194.3,2.0,0.0018918918918918912,False,False,True,0.0,False,MILD
010,7,2026-05-13 18:00:00,194.3,2.0,-0.008604651162790695,True,False,True,0.0,False,MILD
010,8,2026-05-13 19:00:00,194.3,2.0,-0.008979591836734694,True,False,True,0.0,False,MILD
010,9,2026-05-13 20:00:00,194.3,1.6,-0.020816326530612245,True,False,True,0.0,False,MILD
010,10,2026-05-13 21:00:00,194.3,1.0,-0.03612244897959183,True,False,True,0.0,False,MILD
010,11,2026-05-13 22:00:00,194.3,1.0,-0.042653061224489794,True,False,True,0.0,False,MILD
010,12,2026-05-13 23:00:00,65.31,0.7,-0.05571428571428572,True,False,True,0.05,False,MILD
010,13,2026-05-14 00:00:00,65.31,0.7,-0.0689795918367347,True,False,True,0.05,False,MILD
010,14,2026-05-14 01:00:00,65.31,0.5,-0.07979591836734694,True,False,True,0.05,False,MILD
010,15,2026-05-14 02:00:00,65.31,0.5,-0.08530612244897959,True,False,True,0.05,False,MILD
010,16,2026-05-14 03:00:00,65.31,0.5,-0.09551020408163266,True,False,True,0.05,False,MILD
010,17,2026-05-14 04:00:00,65.31,0.2,-0.0942857142857143,True,False,True,0.05,False,MILD
010,18,2026-05-14 05:00:00,65.31,0.2,-0.0953061224489796,True,False,True,0.05,False,MILD
010,19,2026-05-14 06:00:00,1.43,0.2,-0.09122448979591836,True,True,False,0.05,False,MILD
010,20,2026-05-14 07:00:00,1.43,0.2,-0.07387755102040816,True,True,False,0.05,False,MILD
010,21,2026-05-14 08:00:00,152.22,0.2,-0.07224489795918368,True,False,True,0.05,False,MILD
010,22,2026-05-14 09:00:00,152.22,0.2,-0.06428571428571428,True,False,True,0.05,False,MILD
010,23,2026-05-14 10:00:00,152.22,0.2,-0.05551020408163266,True,False,True,0.05,False,MILD
010,24,2026-05-14 11:00:00,152.22,0.2,-0.050408163265306116,True,False,True,0.05,False,MILD
010,25,2026-05-14 12:00:00,152.22,0.2,-0.04795918367346938,True,False,True,0.05,False,MILD
011,1,2026-05-07 00:00:00,164.39,1.9,-0.8771428571428571,True,False,True,0.0,False,MILD
011,2,2026-05-07 01:00:00,164.39,1.9,-0.8569230769230768,True,False,True,0.0,False,MILD
011,3,2026-05-07 02:00:00,164.39,1.9,-0.8552631578947368,True,False,True,0.0,False,MILD
011,4,2026-05-07 03:00:00,164.39,3.2,-0.8623999999999999,True,False,True,0.0,False,MILD
011,5,2026-05-07 04:00:00,164.39,3.2,-0.8512903225806451,True,False,True,0.0,False,MILD
011,6,2026-05-07 05:00:00,164.39,3.2,-0.8348648648648649,True,False,True,0.0,False,MILD
011,7,2026-05-07 06:00:00,164.39,3.2,-0.8365116279069769,True,False,True,0.0,False,MILD
011,8,2026-05-07 07:00:00,164.39,3.2,-0.8324489795918367,True,False,True,0.0,False,MILD
011,9,2026-05-07 08:00:00,147.61,3.2,-0.8177551020408164,True,False,True,0.0,False,MILD
011,10,2026-05-07 09:00:00,147.61,3.2,-0.82,True,False,True,0.0,False,MILD
011,11,2026-05-07 10:00:00,6.95,3.2,-0.8046938775510204,True,False,True,0.0,False,MILD
011,12,2026-05-07 11:00:00,6.95,2.2,-0.7946938775510204,True,True,False,0.0,False,MILD
011,13,2026-05-07 12:00:00,6.95,1.7,-0.7918367346938776,True,True,False,0.0,False,MILD
011,14,2026-05-07 13:00:00,6.95,1.7,-0.7918367346938776,True,True,False,0.0,False,MILD
011,15,2026-05-07 14:00:00,6.89,1.7,-0.7855102040816327,True,True,False,0.0,False,MILD
011,16,2026-05-07 15:00:00,6.89,1.6,-0.783061224489796,True,True,False,0.0,False,MILD
011,17,2026-05-07 16:00:00,6.89,1.6,-0.7924489795918367,True,True,False,0.0,False,MILD
011,18,2026-05-07 17:00:00,31.39,1.4,-0.7981632653061222,True,False,True,0.0,False,MILD
011,19,2026-05-07 18:00:00,31.39,1.4,-0.8120408163265306,True,False,True,0.0,False,MILD
011,20,2026-05-07 19:00:00,31.39,0.6,-0.8253061224489795,True,False,True,0.0,False,MILD
011,21,2026-05-07 20:00:00,31.39,0.6,-0.8304081632653061,True,False,True,0.0,False,MILD
011,22,2026-05-07 21:00:00,31.39,0.6,-0.8422448979591838,True,False,True,0.0,False,MILD
011,23,2026-05-07 22:00:00,31.39,0.6,-0.8408163265306124,True,False,True,0.0,False,MILD
011,24,2026-05-07 23:00:00,31.39,0.6,-0.842448979591837,True,False,True,0.0,False,MILD
011,25,2026-05-08 00:00:00,31.39,0.6,-0.8346938775510204,True,False,True,0.0,False,MILD
011,26,2026-05-08 01:00:00,2.48,0.8,-0.8263265306122448,True,True,False,0.0,False,MILD
011,27,2026-05-08 02:00:00,22.82,0.8,-0.8161224489795917,True,False,True,0.0,False,MILD
011,28,2026-05-08 03:00:00,22.82,0.8,-0.7948979591836736,True,False,True,0.0,False,MILD
011,29,2026-05-08 04:00:00,22.82,0.8,-0.7853061224489796,True,False,True,0.0,False,MILD
011,30,2026-05-08 05:00:00,22.82,0.8,-0.766530612244898,True,False,True,0.0,False,MILD
011,31,2026-05-08 06:00:00,22.82,0.8,-0.7638775510204081,True,False,True,0.0,False,MILD
011,32,2026-05-08 07:00:00,22.82,0.8,-0.7546938775510204,True,False,True,0.0,False,MILD
011,33,2026-05-08 08:00:00,141.58,0.8,-0.7420408163265304,True,False,True,0.0,False,MILD
011,34,2026-05-08 09:00:00,141.58,0.7,-0.736938775510204,True,False,True,0.0,False,MILD
011,35,2026-05-08 10:00:00,141.58,0.6,-0.7281632653061226,True,False,True,0.0,False,MILD
011,36,2026-05-08 11:00:00,212.61,0.6,-0.7279591836734695,True,False,True,0.0,False,MILD
011,37,2026-05-08 12:00:00,212.61,0.6,-0.7344897959183674,True,False,True,0.0,False,MILD
011,38,2026-05-08 13:00:00,212.61,0.6,-0.7367346938775511,True,False,True,0.0,False,MILD
011,39,2026-05-08 14:00:00,212.61,0.5,-0.7375510204081634,True,False,True,0.0,False,MILD
011,40,2026-05-08 15:00:00,212.61,0.5,-0.7426530612244897,True,False,True,0.0,False,MILD
011,41,2026-05-08 16:00:00,212.61,0.9,-0.7457142857142859,True,False,True,0.0,False,MILD
011,42,2026-05-08 17:00:00,212.61,0.9,-0.7477551020408165,True,False,True,0.0,False,MILD
011,43,2026-05-08 18:00:00,212.61,0.9,-0.7532653061224489,True,False,True,0.0,False,MILD
011,44,2026-05-08 19:00:00,82.23,0.9,-0.7540816326530612,True,False,True,0.0,False,MILD
011,45,2026-05-08 20:00:00,82.23,0.9,-0.7532653061224489,True,False,True,0.0,False,MILD
011,46,2026-05-08 21:00:00,39.7,0.9,-0.7555102040816327,True,False,True,0.0,False,MILD
011,47,2026-05-08 22:00:00,203.09,0.9,-0.7612244897959185,True,False,True,0.0,False,MILD
011,48,2026-05-08 23:00:00,203.09,0.9,-0.7538775510204082,True,False,True,0.0,False,MILD
011,49,2026-05-09 00:00:00,203.09,0.5,-0.7526530612244897,True,False,True,0.0,False,MILD
011,50,2026-05-09 01:00:00,203.09,0.1,-0.7573469387755102,True,False,True,0.0,False,MILD
011,51,2026-05-09 02:00:00,203.09,0.1,-0.755918367346939,True,False,True,0.0,False,MILD
011,52,2026-05-09 03:00:00,203.09,0.1,-0.7579591836734694,True,False,True,0.0,False,MILD
011,53,2026-05-09 04:00:00,203.09,0.1,-0.7606122448979592,True,False,True,0.0,False,MILD
011,54,2026-05-09 05:00:00,203.09,0.2,-0.7604081632653061,True,False,True,0.0,False,MILD
011,55,2026-05-09 06:00:00,1.54,0.2,-0.7589795918367347,True,True,False,0.0,False,MILD
011,56,2026-05-09 07:00:00,1.54,0.2,-0.7720408163265305,True,True,False,0.0,False,MILD
011,57,2026-05-09 08:00:00,18.46,0.2,-0.7938775510204081,True,False,True,0.0,False,MILD
011,58,2026-05-09 09:00:00,18.46,0.2,-0.8155102040816327,True,False,True,0.0,False,MILD
011,59,2026-05-09 10:00:00,18.46,0.2,-0.829795918367347,True,False,True,0.0,False,MILD
011,60,2026-05-09 11:00:00,18.46,0.2,-0.853673469387755,True,False,True,0.0,False,MILD
011,61,2026-05-09 12:00:00,18.46,0.2,-0.8673469387755102,True,False,True,0.0,False,MILD
011,62,2026-05-09 13:00:00,18.46,0.2,-0.8875510204081631,True,False,True,0.0,False,MILD
011,63,2026-05-09 14:00:00,18.46,0.2,-0.9110204081632653,True,False,True,0.0,False,MILD
011,64,2026-05-09 15:00:00,18.46,0.2,-0.9220408163265306,True,False,True,0.0,False,MILD
011,65,2026-05-09 16:00:00,1.79,0.3,-0.9148979591836734,True,True,False,0.0,False,MILD
011,66,2026-05-09 17:00:00,1.43,0.3,-0.8995918367346939,True,True,False,0.0,False,MILD
011,67,2026-05-09 18:00:00,1.43,0.3,-0.9026530612244897,True,True,False,0.0,False,MILD
011,68,2026-05-09 19:00:00,1.43,0.3,-0.889795918367347,True,True,False,0.0,False,MILD
011,69,2026-05-09 20:00:00,1.43,0.3,-0.8802040816326531,True,True,False,0.0,False,MILD
011,70,2026-05-09 21:00:00,1.43,0.3,-0.8567346938775511,True,True,False,0.0,False,MILD
011,71,2026-05-09 22:00:00,1.42,0.3,-0.8524489795918366,True,True,False,0.0,False,MILD
011,72,2026-05-09 23:00:00,1.42,0.3,-0.8467346938775511,True,True,False,0.0,False,MILD
011,73,2026-05-10 00:00:00,1.42,0.2,-0.8499999999999999,True,True,True,0.0,False,MILD
011,74,2026-05-10 01:00:00,1.42,0.2,-0.8583673469387757,True,True,True,0.0,False,MILD
011,75,2026-05-10 02:00:00,1.49,0.2,-0.8657142857142858,True,True,True,0.0,False,MILD
011,76,2026-05-10 03:00:00,1.49,0.2,-0.8655102040816326,True,True,True,0.0,False,MILD
011,77,2026-05-10 04:00:00,1.49,0.2,-0.8683673469387755,True,True,True,0.0,False,MILD
011,78,2026-05-10 05:00:00,1.49,0.2,-0.8753061224489798,True,True,True,0.0,False,MILD
011,79,2026-05-10 06:00:00,141.8,0.2,-0.8816326530612244,True,False,True,0.0,False,MILD
011,80,2026-05-10 07:00:00,141.8,0.2,-0.8904081632653061,True,False,True,0.0,False,MILD
011,81,2026-05-10 08:00:00,141.8,0.2,-0.8940816326530612,True,False,True,0.0,False,MILD
011,82,2026-05-10 09:00:00,141.8,0.2,-0.9075510204081633,True,False,True,0.0,False,MILD
011,83,2026-05-10 10:00:00,141.8,0.2,-0.9128571428571428,True,False,True,0.0,False,MILD
011,84,2026-05-10 11:00:00,141.8,0.2,-0.9173469387755101,True,False,True,0.0,False,MILD
011,85,2026-05-10 12:00:00,141.8,0.2,-0.9179591836734693,True,False,True,0.0,False,MILD
011,86,2026-05-10 13:00:00,141.8,0.2,-0.9253061224489797,True,False,True,0.0,False,MILD
011,87,2026-05-10 14:00:00,2.05,0.2,-0.9342857142857143,True,True,True,0.0,False,MILD
011,88,2026-05-10 15:00:00,2.05,0.2,-0.9399999999999997,True,True,True,0.0,False,MILD
011,89,2026-05-10 16:00:00,2.05,0.2,-0.943469387755102,True,True,True,0.0,False,MILD
011,90,2026-05-10 17:00:00,2.05,0.2,-0.9359183673469388,True,True,True,0.0,False,MILD
011,91,2026-05-10 18:00:00,2.05,0.2,-0.9263265306122448,True,True,True,0.0,False,MILD
011,92,2026-05-10 19:00:00,2.05,0.2,-0.9122448979591837,True,True,True,0.0,False,MILD
011,93,2026-05-10 20:00:00,2.05,0.2,-0.9114285714285714,True,True,True,0.0,False,MILD
011,94,2026-05-10 21:00:00,2.05,0.2,-0.9018367346938775,True,True,True,0.0,False,MILD
011,95,2026-05-10 22:00:00,184.93,0.1,-0.8922448979591836,True,False,True,0.0,False,MILD
011,96,2026-05-10 23:00:00,184.93,0.1,-0.8767346938775509,True,False,True,0.0,False,MILD
011,97,2026-05-11 00:00:00,184.93,0.1,-0.8742857142857142,True,False,True,0.0,False,MILD
011,98,2026-05-11 01:00:00,184.93,0.1,-0.8589795918367347,True,False,True,0.0,False,MILD
011,99,2026-05-11 02:00:00,184.93,0.1,-0.8544897959183673,True,False,True,0.0,False,MILD
011,100,2026-05-11 03:00:00,184.93,0.1,-0.8497959183673469,True,False,True,0.0,False,MILD
011,101,2026-05-11 04:00:00,184.93,0.1,-0.8440816326530612,True,False,True,0.0,False,MILD
011,102,2026-05-11 05:00:00,184.93,0.1,-0.8477551020408163,True,False,True,0.0,False,MILD
011,103,2026-05-11 06:00:00,145.39,0.1,-0.8597959183673468,True,False,True,0.0,False,MILD
011,104,2026-05-11 07:00:00,342.58,0.2,-0.8565306122448979,True,False,True,0.0,False,MILD
011,105,2026-05-11 08:00:00,342.58,0.2,-0.8528571428571429,True,False,True,0.0,False,MILD
011,106,2026-05-11 09:00:00,342.58,0.2,-0.8599999999999999,True,False,True,0.0,False,MILD
011,107,2026-05-11 10:00:00,342.58,0.2,-0.8751020408163266,True,False,True,0.0,False,MILD
011,108,2026-05-11 11:00:00,342.58,0.2,-0.8879591836734694,True,False,True,0.0,False,MILD
011,109,2026-05-11 12:00:00,342.58,0.2,-0.8944897959183673,True,False,True,0.0,False,MILD
011,110,2026-05-11 13:00:00,342.58,0.2,-0.8965306122448979,True,False,True,0.0,False,MILD
011,111,2026-05-11 14:00:00,342.58,0.2,-0.8975510204081631,True,False,True,0.0,False,MILD
011,112,2026-05-11 15:00:00,221.37,0.2,-0.903469387755102,True,False,True,0.0,False,MILD
011,113,2026-05-11 16:00:00,221.37,0.2,-0.9120408163265306,True,False,True,0.0,False,MILD
011,114,2026-05-11 17:00:00,1.56,0.2,-0.9077551020408162,True,True,True,0.0,False,MILD
011,115,2026-05-11 18:00:00,1.56,0.2,-0.9161224489795918,True,True,True,0.0,False,MILD
011,116,2026-05-11 19:00:00,1.56,0.2,-0.9271428571428572,True,True,True,0.0,False,MILD
011,117,2026-05-11 20:00:00,1.56,0.2,-0.9316326530612244,True,True,True,0.0,False,MILD
011,118,2026-05-11 21:00:00,1.56,0.2,-0.9183673469387755,True,True,True,0.0,False,MILD
011,119,2026-05-11 22:00:00,1.56,0.2,-0.9206122448979591,True,True,True,0.0,False,MILD
011,120,2026-05-11 23:00:00,1.56,0.2,-0.9183673469387755,True,True,True,0.0,False,MILD
012,1,2026-01-04 19:00:00,5.43,2.1,-0.02142857142857143,True,True,True,0.0,False,MILD
012,2,2026-01-04 20:00:00,5.57,2.1,-0.02846153846153846,True,True,True,0.0,False,MILD
012,3,2026-01-04 21:00:00,5.57,2.1,-0.003684210526315791,True,True,True,0.0,False,MILD
012,4,2026-01-04 22:00:00,7.67,2.1,0.0031999999999999997,False,False,True,0.0,False,MILD
012,5,2026-01-04 23:00:00,7.67,2.1,0.0,False,False,True,0.0,False,MILD
012,6,2026-01-05 00:00:00,7.67,2.1,0.0016216216216216237,False,False,True,0.0,False,MILD
012,7,2026-01-05 01:00:00,257.95,2.9,0.010465116279069766,False,False,True,0.0,False,MILD
012,8,2026-01-05 02:00:00,257.95,2.9,0.008775510204081632,False,False,True,0.0,False,MILD
012,9,2026-01-05 03:00:00,257.95,2.9,0.020612244897959184,False,False,True,0.0,False,MILD
012,10,2026-01-05 04:00:00,257.95,2.9,0.027551020408163266,False,False,True,0.0,False,MILD
012,11,2026-01-05 05:00:00,257.95,2.9,0.03142857142857143,False,False,True,0.0,False,MILD
012,12,2026-01-05 06:00:00,257.95,2.9,0.04020408163265306,False,False,True,0.05,False,MILD
012,13,2026-01-05 07:00:00,257.95,2.9,0.05000000000000001,False,False,True,0.05,False,MILD
012,14,2026-01-05 08:00:00,257.95,2.9,0.06448979591836734,False,False,True,0.05,False,MILD
012,15,2026-01-05 09:00:00,257.95,2.7,0.06918367346938775,False,False,True,0.05,False,MILD
012,16,2026-01-05 10:00:00,3.04,1.7,0.07979591836734694,False,False,True,0.05,False,MILD
012,17,2026-01-05 11:00:00,2.96,0.7,0.08469387755102041,False,False,True,0.05,False,MILD
012,18,2026-01-05 12:00:00,2.96,0.7,0.09142857142857141,False,False,True,0.05,False,MILD
012,19,2026-01-05 13:00:00,2.96,0.7,0.09285714285714287,False,False,True,0.05,False,MILD
012,20,2026-01-05 14:00:00,2.99,0.7,0.09204081632653062,False,False,True,0.05,False,MILD
012,21,2026-01-05 15:00:00,3.51,0.7,0.10367346938775511,False,False,True,0.05,False,MILD
012,22,2026-01-05 16:00:00,3.51,0.7,0.09795918367346938,False,False,True,0.05,False,MILD
012,23,2026-01-05 17:00:00,3.51,0.7,0.09775510204081633,False,False,True,0.05,False,MILD
012,24,2026-01-05 18:00:00,3.51,0.7,0.10081632653061223,False,False,True,0.05,False,MILD
012,25,2026-01-05 19:00:00,107.9,0.6,0.10061224489795918,False,False,True,0.05,False,MILD
012,26,2026-01-05 20:00:00,107.9,0.6,0.09510204081632652,False,False,True,0.05,False,MILD
012,27,2026-01-05 21:00:00,107.9,0.5,0.08979591836734695,False,False,True,0.05,False,MILD
012,28,2026-01-05 22:00:00,107.9,0.5,0.0959183673469388,False,False,True,0.05,False,MILD
012,29,2026-01-05 23:00:00,107.9,0.5,0.08326530612244898,False,False,True,0.05,False,MILD
012,30,2026-01-06 00:00:00,107.9,0.5,0.0773469387755102,False,False,True,0.05,False,MILD
012,31,2026-01-06 01:00:00,107.9,0.5,0.07816326530612246,False,False,True,0.05,False,MILD
012,32,2026-01-06 02:00:00,107.9,0.5,0.07020408163265306,False,False,True,0.05,False,MILD
012,33,2026-01-06 03:00:00,66.47,0.5,0.08,False,False,True,0.05,False,MILD
012,34,2026-01-06 04:00:00,272.43,0.5,0.09,False,False,True,0.05,False,MILD
012,35,2026-01-06 05:00:00,272.43,0.5,0.09979591836734693,False,False,True,0.05,False,MILD
012,36,2026-01-06 06:00:00,272.43,0.5,0.1106122448979592,False,False,True,0.05,False,MILD
012,37,2026-01-06 07:00:00,272.43,0.4,0.13428571428571429,False,False,True,0.05,False,MILD
012,38,2026-01-06 08:00:00,272.43,0.3,0.15020408163265306,False,False,True,0.05,False,MILD
012,39,2026-01-06 09:00:00,272.43,0.2,0.15408163265306124,False,False,True,0.05,False,MILD
012,40,2026-01-06 10:00:00,272.43,0.2,0.15938775510204084,False,False,True,0.05,False,MILD
012,41,2026-01-06 11:00:00,272.43,0.2,0.15714285714285714,False,False,True,0.05,False,MILD
012,42,2026-01-06 12:00:00,25.36,0.2,0.15,False,False,True,0.05,False,MILD
012,43,2026-01-06 13:00:00,25.36,0.2,0.15040816326530612,False,False,True,0.05,False,MILD
012,44,2026-01-06 14:00:00,59.28,0.2,0.14387755102040817,False,False,True,0.05,False,MILD
012,45,2026-01-06 15:00:00,59.28,0.2,0.133265306122449,False,False,True,0.05,False,MILD
012,46,2026-01-06 16:00:00,59.28,0.2,0.11979591836734695,False,False,True,0.05,False,MILD
012,47,2026-01-06 17:00:00,59.28,0.2,0.11081632653061224,False,False,True,0.05,False,MILD
012,48,2026-01-06 18:00:00,59.28,0.2,0.11510204081632654,False,False,True,0.05,False,MILD
012,49,2026-01-06 19:00:00,59.28,0.2,0.10816326530612244,False,False,True,0.05,False,MILD
012,50,2026-01-06 20:00:00,59.28,0.2,0.10795918367346939,False,False,True,0.05,False,MILD
012,51,2026-01-06 21:00:00,59.28,0.2,0.10918367346938776,False,False,True,0.05,False,MILD
012,52,2026-01-06 22:00:00,1.89,0.2,0.10387755102040816,False,False,True,0.05,False,MILD
012,53,2026-01-06 23:00:00,17.31,0.2,0.10020408163265307,False,False,True,0.05,False,MILD
012,54,2026-01-07 00:00:00,17.31,0.2,0.10265306122448978,False,False,True,0.05,False,MILD
012,55,2026-01-07 01:00:00,17.31,0.2,0.12122448979591836,False,False,True,0.05,False,MILD
012,56,2026-01-07 02:00:00,17.31,0.2,0.12244897959183673,False,False,True,0.05,False,MILD
012,57,2026-01-07 03:00:00,17.31,0.2,0.13714285714285715,False,False,True,0.05,False,MILD
012,58,2026-01-07 04:00:00,17.31,0.2,0.14979591836734693,False,False,True,0.05,False,MILD
012,59,2026-01-07 05:00:00,17.31,0.2,0.16653061224489796,False,False,True,0.05,False,MILD
012,60,2026-01-07 06:00:00,18.01,0.2,0.17836734693877554,False,False,True,0.05,False,MILD
012,61,2026-01-07 07:00:00,18.01,0.1,0.18000000000000005,False,False,True,0.05,False,MILD
012,62,2026-01-07 08:00:00,18.01,0.1,0.1969387755102041,False,False,True,0.05,False,MILD
012,63,2026-01-07 09:00:00,18.01,0.1,0.19183673469387755,False,False,True,0.05,False,MILD
012,64,2026-01-07 10:00:00,18.01,0.1,0.1920408163265306,False,False,True,0.05,False,MILD
012,65,2026-01-07 11:00:00,18.01,0.1,0.20408163265306126,False,False,True,0.05,False,MILD
012,66,2026-01-07 12:00:00,18.01,0.1,0.20591836734693877,False,False,True,0.05,False,MILD
012,67,2026-01-07 13:00:00,18.01,0.1,0.2057142857142857,False,False,True,0.05,False,MILD
012,68,2026-01-07 14:00:00,187.51,0.1,0.20571428571428574,False,False,True,0.05,False,MILD
012,69,2026-01-07 15:00:00,187.51,0.2,0.21836734693877552,False,False,True,0.05,False,MILD
012,70,2026-01-07 16:00:00,187.51,0.2,0.20979591836734696,False,False,True,0.05,False,MILD
012,71,2026-01-07 17:00:00,187.51,0.2,0.21326530612244896,False,False,True,0.05,False,MILD
012,72,2026-01-07 18:00:00,187.51,0.2,0.21775510204081633,False,False,True,0.05,False,MILD
012,73,2026-01-07 19:00:00,187.51,0.2,0.2146938775510204,False,False,True,0.05,False,MILD
012,74,2026-01-07 20:00:00,187.51,0.2,0.20571428571428568,False,False,True,0.05,False,MILD
012,75,2026-01-07 21:00:00,187.51,0.2,0.1936734693877551,False,False,True,0.05,False,MILD
012,76,2026-01-07 22:00:00,1.16,0.2,0.19183673469387752,False,False,True,0.05,False,MILD
012,77,2026-01-07 23:00:00,1.44,0.2,0.1840816326530612,False,False,True,0.05,False,MILD
012,78,2026-01-08 00:00:00,1.44,0.2,0.17612244897959184,False,False,True,0.05,False,MILD
012,79,2026-01-08 01:00:00,1.44,0.2,0.1751020408163265,False,False,True,0.05,False,MILD
012,80,2026-01-08 02:00:00,1.53,0.2,0.17673469387755103,False,False,True,0.05,False,MILD
012,81,2026-01-08 03:00:00,1.53,0.2,0.18918367346938775,False,False,True,0.05,False,MILD
012,82,2026-01-08 04:00:00,1.53,0.2,0.18653061224489798,False,False,True,0.05,False,MILD
012,83,2026-01-08 05:00:00,1.59,0.1,0.1902040816326531,False,False,True,0.05,False,MILD
012,84,2026-01-08 06:00:00,1.59,0.1,0.19122448979591836,False,False,True,0.05,False,MILD
012,85,2026-01-08 07:00:00,1.59,0.1,0.20489795918367348,False,False,True,0.05,False,MILD
012,86,2026-01-08 08:00:00,1.59,0.2,0.2046938775510204,False,False,True,0.05,False,MILD
012,87,2026-01-08 09:00:00,1.59,0.2,0.2077551020408163,False,False,True,0.05,False,MILD
012,88,2026-01-08 10:00:00,1.59,0.2,0.20448979591836733,False,False,True,0.05,False,MILD
012,89,2026-01-08 11:00:00,595.65,0.2,0.19244897959183674,False,False,True,0.05,False,MILD
013,1,2026-04-22 12:00:00,4.11,2.0,0.40428571428571425,False,False,True,0.0,False,MILD
013,2,2026-04-22 13:00:00,128.28,2.1,0.37538461538461537,False,False,True,0.0,False,MILD
013,3,2026-04-22 14:00:00,128.28,2.1,0.37052631578947365,False,False,True,0.0,False,MILD
013,4,2026-04-22 15:00:00,128.28,2.1,0.37839999999999996,False,False,True,0.0,False,MILD
013,5,2026-04-22 16:00:00,128.28,2.1,0.4006451612903225,False,False,True,0.0,False,MILD
013,6,2026-04-22 17:00:00,673.4,2.1,0.3916216216216216,False,False,True,0.0,False,MILD
013,7,2026-04-22 18:00:00,673.4,2.1,0.3948837209302325,False,False,True,0.0,False,MILD
013,8,2026-04-22 19:00:00,673.4,2.1,0.38816326530612244,False,False,True,0.0,False,MILD
013,9,2026-04-22 20:00:00,673.4,2.1,0.37469387755102035,False,False,True,0.0,False,MILD
013,10,2026-04-22 21:00:00,673.4,1.9,0.3726530612244898,False,False,True,0.0,False,MILD
013,11,2026-04-22 22:00:00,673.4,1.8,0.3742857142857143,False,False,True,0.0,False,MILD
013,12,2026-04-22 23:00:00,673.4,1.6,0.35734693877551016,False,False,True,0.05,False,MILD
013,13,2026-04-23 00:00:00,673.4,1.3,0.3322448979591837,False,False,True,0.05,False,MILD
013,14,2026-04-23 01:00:00,94.73,0.5,0.3181632653061225,False,False,True,0.05,False,MILD
013,15,2026-04-23 02:00:00,124.24,0.5,0.2883673469387755,False,False,True,0.05,False,MILD
013,16,2026-04-23 03:00:00,124.24,0.5,0.2751020408163265,False,False,True,0.05,False,MILD
013,17,2026-04-23 04:00:00,124.24,0.5,0.2704081632653061,False,False,True,0.05,False,MILD
013,18,2026-04-23 05:00:00,124.24,0.5,0.2630612244897959,False,False,True,0.05,False,MILD
013,19,2026-04-23 06:00:00,124.24,0.5,0.2546938775510204,False,False,True,0.05,False,MILD
013,20,2026-04-23 07:00:00,124.24,0.5,0.2571428571428572,False,False,True,0.05,False,MILD
013,21,2026-04-23 08:00:00,124.24,0.5,0.26142857142857145,False,False,True,0.05,False,MILD
013,22,2026-04-23 09:00:00,124.24,0.5,0.27571428571428575,False,False,True,0.05,False,MILD
013,23,2026-04-23 10:00:00,2.21,0.2,0.28979591836734697,False,False,True,0.05,False,MILD
013,24,2026-04-23 11:00:00,1.75,0.2,0.2891836734693878,False,False,True,0.05,False,MILD
013,25,2026-04-23 12:00:00,1.75,0.2,0.2926530612244898,False,False,True,0.05,False,MILD
013,26,2026-04-23 13:00:00,1.75,0.2,0.29775510204081634,False,False,True,0.05,False,MILD
013,27,2026-04-23 14:00:00,1.64,0.2,0.299795918367347,False,False,True,0.05,False,MILD
013,28,2026-04-23 15:00:00,1.64,0.2,0.29408163265306125,False,False,True,0.05,False,MILD
013,29,2026-04-23 16:00:00,1.64,0.2,0.28408163265306124,False,False,True,0.05,False,MILD
013,30,2026-04-23 17:00:00,72.35,0.2,0.26326530612244897,False,False,True,0.05,False,MILD
013,31,2026-04-23 18:00:00,72.35,0.2,0.2675510204081633,False,False,True,0.05,False,MILD
013,32,2026-04-23 19:00:00,72.35,0.2,0.2759183673469388,False,False,True,0.05,False,MILD
013,33,2026-04-23 20:00:00,72.35,0.2,0.2881632653061224,False,False,True,0.05,False,MILD
013,34,2026-04-23 21:00:00,72.35,0.2,0.283265306122449,False,False,True,0.05,False,MILD
013,35,2026-04-23 22:00:00,72.35,0.3,0.2844897959183673,False,False,True,0.05,False,MILD
013,36,2026-04-23 23:00:00,72.35,0.3,0.28959183673469385,False,False,True,0.05,False,MILD
013,37,2026-04-24 00:00:00,72.35,0.3,0.28877551020408165,False,False,True,0.05,False,MILD
013,38,2026-04-24 01:00:00,1.64,0.3,0.3040816326530612,False,False,True,0.05,False,MILD
013,39,2026-04-24 02:00:00,1.64,0.3,0.3024489795918367,False,False,True,0.05,False,MILD
013,40,2026-04-24 03:00:00,1.64,0.3,0.293265306122449,False,False,True,0.05,False,MILD
013,41,2026-04-24 04:00:00,1.64,0.3,0.2853061224489796,False,False,True,0.05,False,MILD
013,42,2026-04-24 05:00:00,1.64,0.3,0.2957142857142857,False,False,True,0.05,False,MILD
013,43,2026-04-24 06:00:00,1.64,0.2,0.29428571428571426,False,False,True,0.05,False,MILD
013,44,2026-04-24 07:00:00,1.47,0.2,0.2959183673469387,False,False,True,0.05,False,MILD
013,45,2026-04-24 08:00:00,1.47,0.2,0.3057142857142857,False,False,True,0.05,False,MILD
014,1,2026-02-01 14:00:00,3.79,2.3,0.26999999999999996,False,False,True,0.0,False,MILD
014,2,2026-02-01 15:00:00,4.85,2.3,0.25923076923076926,False,False,True,0.0,False,MILD
014,3,2026-02-01 16:00:00,6.0,2.3,0.2489473684210526,False,False,True,0.0,False,MILD
014,4,2026-02-01 17:00:00,6.0,2.3,0.22320000000000004,False,False,True,0.0,False,MILD
014,5,2026-02-01 18:00:00,6.0,2.3,0.22258064516129036,False,False,True,0.0,False,MILD
014,6,2026-02-01 19:00:00,6.0,2.3,0.2264864864864865,False,False,True,0.0,False,MILD
014,7,2026-02-01 20:00:00,6.0,2.3,0.22116279069767442,False,False,True,0.0,False,MILD
014,8,2026-02-01 21:00:00,6.0,2.3,0.2287755102040816,False,False,True,0.0,False,MILD
014,9,2026-02-01 22:00:00,6.0,2.3,0.23081632653061226,False,False,True,0.0,False,MILD
014,10,2026-02-01 23:00:00,6.0,2.0,0.24306122448979592,False,False,True,0.0,False,MILD
014,11,2026-02-02 00:00:00,5.75,2.0,0.2416326530612245,False,False,True,0.0,False,MILD
014,12,2026-02-02 01:00:00,5.75,2.0,0.24693877551020407,False,False,True,0.05,False,MILD
014,13,2026-02-02 02:00:00,5.47,2.0,0.2479591836734694,False,False,True,0.05,False,MILD
014,14,2026-02-02 03:00:00,154.07,2.0,0.25816326530612244,False,False,True,0.05,False,MILD
014,15,2026-02-02 04:00:00,154.07,2.0,0.2820408163265306,False,False,True,0.05,False,MILD
014,16,2026-02-02 05:00:00,154.07,1.9,0.2883673469387755,False,False,True,0.05,False,MILD
014,17,2026-02-02 06:00:00,154.07,0.7,0.28408163265306124,False,False,True,0.05,False,MILD
014,18,2026-02-02 07:00:00,154.07,0.7,0.2818367346938776,False,False,True,0.05,False,MILD
014,19,2026-02-02 08:00:00,154.07,0.7,0.2889795918367347,False,False,True,0.05,False,MILD
014,20,2026-02-02 09:00:00,154.07,0.7,0.29877551020408166,False,False,True,0.05,False,MILD
014,21,2026-02-02 10:00:00,154.07,0.7,0.30673469387755103,False,False,True,0.05,False,MILD
014,22,2026-02-02 11:00:00,30.87,0.7,0.2922448979591837,False,False,True,0.05,False,MILD
014,23,2026-02-02 12:00:00,30.87,0.7,0.27877551020408164,False,False,True,0.05,False,MILD
014,24,2026-02-02 13:00:00,30.87,0.7,0.2718367346938776,False,False,True,0.05,False,MILD
014,25,2026-02-02 14:00:00,30.87,0.7,0.27408163265306124,False,False,True,0.05,False,MILD
014,26,2026-02-02 15:00:00,30.87,0.7,0.2814285714285715,False,False,True,0.05,False,MILD
014,27,2026-02-02 16:00:00,30.87,0.7,0.2857142857142857,False,False,True,0.05,False,MILD
014,28,2026-02-02 17:00:00,21.02,0.7,0.2891836734693878,False,False,True,0.05,False,MILD
014,29,2026-02-02 18:00:00,21.02,0.7,0.30244897959183675,False,False,True,0.05,False,MILD
014,30,2026-02-02 19:00:00,21.02,0.7,0.3175510204081633,False,False,True,0.05,False,MILD
014,31,2026-02-02 20:00:00,65.43,0.7,0.32306122448979596,False,False,True,0.05,False,MILD
014,32,2026-02-02 21:00:00,65.43,0.7,0.32387755102040816,False,False,True,0.05,False,MILD
014,33,2026-02-02 22:00:00,65.43,0.7,0.32448979591836735,False,False,True,0.05,False,MILD
014,34,2026-02-02 23:00:00,92.21,0.7,0.3242857142857143,False,False,True,0.05,False,MILD
014,35,2026-02-03 00:00:00,92.21,0.7,0.3020408163265306,False,False,True,0.05,False,MILD
014,36,2026-02-03 01:00:00,92.21,0.7,0.29469387755102044,False,False,True,0.05,False,MILD
014,37,2026-02-03 02:00:00,92.21,0.5,0.28183673469387754,False,False,True,0.05,False,MILD
014,38,2026-02-03 03:00:00,92.21,0.5,0.27448979591836736,False,False,True,0.05,False,MILD
014,39,2026-02-03 04:00:00,92.21,0.2,0.26857142857142857,False,False,True,0.05,False,MILD
014,40,2026-02-03 05:00:00,92.21,0.2,0.2624489795918368,False,False,True,0.05,False,MILD
014,41,2026-02-03 06:00:00,92.21,0.2,0.25306122448979596,False,False,True,0.05,False,MILD
014,42,2026-02-03 07:00:00,80.83,0.2,0.2536734693877551,False,False,True,0.05,False,MILD
014,43,2026-02-03 08:00:00,80.83,0.2,0.25775510204081636,False,False,True,0.05,False,MILD
014,44,2026-02-03 09:00:00,33.08,0.2,0.2559183673469388,False,False,True,0.05,False,MILD
014,45,2026-02-03 10:00:00,33.08,0.2,0.2559183673469388,False,False,True,0.05,False,MILD
014,46,2026-02-03 11:00:00,33.08,0.2,0.2532653061224489,False,False,True,0.05,False,MILD
014,47,2026-02-03 12:00:00,33.08,0.2,0.25693877551020405,False,False,True,0.05,False,MILD
014,48,2026-02-03 13:00:00,33.08,0.2,0.2689795918367347,False,False,True,0.05,False,MILD
014,49,2026-02-03 14:00:00,33.08,0.2,0.2808163265306123,False,False,True,0.05,False,MILD
014,50,2026-02-03 15:00:00,1.64,0.1,0.2879591836734694,False,False,True,0.05,False,MILD
014,51,2026-02-03 16:00:00,1.64,0.1,0.29102040816326535,False,False,True,0.05,False,MILD
014,52,2026-02-03 17:00:00,1.64,0.1,0.2924489795918368,False,False,True,0.05,False,MILD
014,53,2026-02-03 18:00:00,1.64,0.1,0.30469387755102045,False,False,True,0.05,False,MILD
014,54,2026-02-03 19:00:00,1.64,0.1,0.31244897959183676,False,False,True,0.05,False,MILD
014,55,2026-02-03 20:00:00,1.64,0.1,0.31734693877551023,False,False,True,0.05,False,MILD
014,56,2026-02-03 21:00:00,1.64,0.1,0.31551020408163266,False,False,True,0.05,False,MILD
014,57,2026-02-03 22:00:00,1.6,0.1,0.30836734693877554,False,False,True,0.05,False,MILD
014,58,2026-02-03 23:00:00,1.6,0.2,0.3040816326530612,False,False,True,0.05,False,MILD
014,59,2026-02-04 00:00:00,1.6,0.2,0.30673469387755103,False,False,True,0.05,False,MILD
014,60,2026-02-04 01:00:00,1.6,0.2,0.3061224489795919,False,False,True,0.05,False,MILD
014,61,2026-02-04 02:00:00,1.6,0.2,0.30551020408163265,False,False,True,0.05,False,MILD
014,62,2026-02-04 03:00:00,281.88,0.2,0.29346938775510206,False,False,True,0.05,False,MILD
014,63,2026-02-04 04:00:00,281.88,0.2,0.2802040816326531,False,False,True,0.05,False,MILD
014,64,2026-02-04 05:00:00,281.88,0.2,0.2730612244897959,False,False,True,0.05,False,MILD
014,65,2026-02-04 06:00:00,281.88,0.2,0.2648979591836735,False,False,True,0.05,False,MILD
014,66,2026-02-04 07:00:00,281.88,0.2,0.25489795918367353,False,False,True,0.05,False,MILD
014,67,2026-02-04 08:00:00,281.88,0.2,0.23653061224489796,False,False,True,0.05,False,MILD
014,68,2026-02-04 09:00:00,281.88,0.2,0.24836734693877555,False,False,True,0.05,False,MILD
014,69,2026-02-04 10:00:00,281.88,0.2,0.24265306122448976,False,False,True,0.05,False,MILD
014,70,2026-02-04 11:00:00,254.21,0.2,0.2630612244897959,False,False,True,0.05,False,MILD
014,71,2026-02-04 12:00:00,254.21,0.2,0.28591836734693876,False,False,True,0.05,False,MILD
014,72,2026-02-04 13:00:00,254.21,0.2,0.3040816326530612,False,False,True,0.05,False,MILD
014,73,2026-02-04 14:00:00,254.21,0.2,0.3183673469387755,False,False,True,0.05,False,MILD
014,74,2026-02-04 15:00:00,254.21,0.2,0.3379591836734694,False,False,True,0.05,False,MILD
014,75,2026-02-04 16:00:00,254.21,0.2,0.3655102040816327,False,False,True,0.05,False,MILD
014,76,2026-02-04 17:00:00,254.21,0.2,0.37306122448979595,False,False,True,0.05,False,MILD
014,77,2026-02-04 18:00:00,254.21,0.2,0.39102040816326533,False,False,True,0.05,False,MILD
014,78,2026-02-04 19:00:00,1.39,0.2,0.39734693877551025,False,False,True,0.05,False,MILD
014,79,2026-02-04 20:00:00,1.39,0.2,0.4110204081632654,False,False,True,0.05,False,MILD
014,80,2026-02-04 21:00:00,1.39,0.2,0.40836734693877547,False,False,True,0.05,False,MILD
014,81,2026-02-04 22:00:00,1.39,0.2,0.4130612244897959,False,False,True,0.05,False,MILD
014,82,2026-02-04 23:00:00,1.39,0.2,0.42306122448979594,False,False,True,0.05,False,MILD
014,83,2026-02-05 00:00:00,1.39,0.2,0.4381632653061225,False,False,True,0.05,False,MILD
014,84,2026-02-05 01:00:00,1.39,0.2,0.4408163265306122,False,False,True,0.05,False,MILD
014,85,2026-02-05 02:00:00,1.39,0.2,0.44306122448979596,False,False,True,0.05,False,MILD
014,86,2026-02-05 03:00:00,160.84,0.2,0.45714285714285713,False,False,True,0.05,False,MILD
014,87,2026-02-05 04:00:00,160.84,0.2,0.44408163265306116,False,False,True,0.05,False,MILD
014,88,2026-02-05 05:00:00,160.84,0.2,0.4383673469387755,False,False,True,0.05,False,MILD
014,89,2026-02-05 06:00:00,285.22,0.2,0.43755102040816324,False,False,True,0.05,False,MILD
014,90,2026-02-05 07:00:00,285.22,0.2,0.42612244897959184,False,False,True,0.05,False,MILD
014,91,2026-02-05 08:00:00,285.22,0.2,0.3973469387755102,False,False,True,0.05,False,MILD
014,92,2026-02-05 09:00:00,285.22,0.2,0.3893877551020409,False,False,True,0.05,False,MILD
015,1,2026-01-26 18:00:00,8.58,1.4,-0.25,True,True,True,0.0,False,MILD
015,2,2026-01-26 19:00:00,8.58,1.6,-0.22230769230769232,True,True,True,0.0,False,MILD
015,3,2026-01-26 20:00:00,8.58,1.6,-0.22842105263157894,True,True,True,0.0,False,MILD
015,4,2026-01-26 21:00:00,8.58,2.0,-0.21720000000000003,True,True,False,0.0,False,MILD
015,5,2026-01-26 22:00:00,8.58,2.0,-0.22580645161290322,True,True,False,0.0,False,MILD
015,6,2026-01-26 23:00:00,8.58,2.0,-0.22837837837837832,True,True,False,0.0,False,MILD
015,7,2026-01-27 00:00:00,8.58,2.0,-0.2230232558139535,True,True,False,0.0,False,MILD
015,8,2026-01-27 01:00:00,116.98,2.0,-0.21408163265306124,True,False,True,0.0,False,MILD
015,9,2026-01-27 02:00:00,116.98,2.0,-0.21224489795918364,True,False,True,0.0,False,MILD
015,10,2026-01-27 03:00:00,116.98,2.0,-0.21142857142857147,True,False,True,0.0,False,MILD
015,11,2026-01-27 04:00:00,116.98,2.0,-0.21530612244897956,True,False,True,0.0,False,MILD
015,12,2026-01-27 05:00:00,116.98,1.7,-0.20816326530612245,True,False,True,0.05,False,MILD
015,13,2026-01-27 06:00:00,116.98,1.7,-0.193265306122449,True,False,True,0.05,False,MILD
015,14,2026-01-27 07:00:00,116.98,1.7,-0.17387755102040817,True,False,True,0.05,False,MILD
015,15,2026-01-27 08:00:00,116.98,1.7,-0.1677551020408163,True,False,True,0.05,False,MILD
015,16,2026-01-27 09:00:00,116.98,0.9,-0.1657142857142857,True,False,True,0.05,False,MILD
015,17,2026-01-27 10:00:00,87.14,0.9,-0.15387755102040815,True,False,True,0.05,False,MILD
015,18,2026-01-27 11:00:00,87.14,0.9,-0.14755102040816326,True,False,True,0.05,False,MILD
015,19,2026-01-27 12:00:00,87.14,0.9,-0.13081632653061223,True,False,True,0.05,False,MILD
015,20,2026-01-27 13:00:00,87.14,0.9,-0.12897959183673469,True,False,True,0.05,False,MILD
015,21,2026-01-27 14:00:00,87.14,0.9,-0.11795918367346939,True,False,True,0.05,False,MILD
015,22,2026-01-27 15:00:00,2.55,0.7,-0.11326530612244898,True,True,False,0.05,False,MILD
015,23,2026-01-27 16:00:00,2.55,0.7,-0.12020408163265307,True,True,False,0.05,False,MILD
015,24,2026-01-27 17:00:00,2.55,0.7,-0.11326530612244898,True,True,False,0.05,False,MILD
015,25,2026-01-27 18:00:00,79.31,0.7,-0.11510204081632654,True,False,True,0.05,False,MILD
015,26,2026-01-27 19:00:00,79.31,0.7,-0.10244897959183674,True,False,True,0.05,False,MILD
015,27,2026-01-27 20:00:00,79.31,0.7,-0.09591836734693877,True,False,True,0.05,False,MILD
015,28,2026-01-27 21:00:00,79.31,0.7,-0.08795918367346937,True,False,True,0.05,False,MILD
015,29,2026-01-27 22:00:00,88.3,0.7,-0.09326530612244899,True,False,True,0.05,False,MILD
015,30,2026-01-27 23:00:00,88.3,0.5,-0.09551020408163266,True,False,True,0.05,False,MILD
015,31,2026-01-28 00:00:00,88.3,0.5,-0.08224489795918367,True,False,True,0.05,False,MILD
015,32,2026-01-28 01:00:00,88.3,0.5,-0.07204081632653062,True,False,True,0.05,False,MILD
015,33,2026-01-28 02:00:00,88.3,0.5,-0.06897959183673469,True,False,True,0.05,False,MILD
015,34,2026-01-28 03:00:00,88.3,0.5,-0.07306122448979592,True,False,True,0.05,False,MILD
015,35,2026-01-28 04:00:00,88.3,0.4,-0.07673469387755102,True,False,True,0.05,False,MILD
015,36,2026-01-28 05:00:00,88.3,0.3,-0.07244897959183673,True,False,True,0.05,False,MILD
015,37,2026-01-28 06:00:00,153.81,0.2,-0.06653061224489797,True,False,True,0.05,False,MILD
015,38,2026-01-28 07:00:00,153.81,0.2,-0.06755102040816327,True,False,True,0.05,False,MILD
015,39,2026-01-28 08:00:00,153.81,0.2,-0.0763265306122449,True,False,True,0.05,False,MILD
015,40,2026-01-28 09:00:00,153.81,0.2,-0.08122448979591837,True,False,True,0.05,False,MILD
015,41,2026-01-28 10:00:00,153.81,0.2,-0.08061224489795919,True,False,True,0.05,False,MILD
015,42,2026-01-28 11:00:00,153.81,0.2,-0.07571428571428572,True,False,True,0.05,False,MILD
015,43,2026-01-28 12:00:00,153.81,0.2,-0.08489795918367346,True,False,True,0.05,False,MILD
015,44,2026-01-28 13:00:00,153.81,0.2,-0.09591836734693876,True,False,True,0.05,False,MILD
015,45,2026-01-28 14:00:00,25.94,0.2,-0.10551020408163266,True,False,True,0.05,False,MILD
015,46,2026-01-28 15:00:00,25.94,0.2,-0.12326530612244899,True,False,True,0.05,False,MILD
015,47,2026-01-28 16:00:00,25.94,0.2,-0.1389795918367347,True,False,True,0.05,False,MILD
015,48,2026-01-28 17:00:00,25.94,0.2,-0.15551020408163266,True,False,True,0.05,False,MILD
015,49,2026-01-28 18:00:00,116.23,0.2,-0.1783673469387755,True,False,True,0.05,False,MILD
015,50,2026-01-28 19:00:00,240.61,0.1,-0.19040816326530613,True,False,True,0.05,False,MILD
015,51,2026-01-28 20:00:00,240.61,0.2,-0.206530612244898,True,False,True,0.05,False,MILD
015,52,2026-01-28 21:00:00,240.61,0.2,-0.2189795918367347,True,False,True,0.05,False,MILD
015,53,2026-01-28 22:00:00,240.61,0.2,-0.24,True,False,True,0.05,False,MILD
015,54,2026-01-28 23:00:00,240.61,0.2,-0.25326530612244896,True,False,True,0.05,False,MILD
015,55,2026-01-29 00:00:00,240.61,0.2,-0.2648979591836735,True,False,True,0.05,False,MILD
015,56,2026-01-29 01:00:00,240.61,0.2,-0.27734693877551025,True,False,True,0.05,False,MILD
015,57,2026-01-29 02:00:00,240.61,0.2,-0.29326530612244894,True,False,True,0.05,False,MILD
015,58,2026-01-29 03:00:00,102.64,0.2,-0.32693877551020406,True,False,True,0.05,False,MILD
015,59,2026-01-29 04:00:00,102.64,0.2,-0.33836734693877557,True,False,True,0.05,False,MILD
015,60,2026-01-29 05:00:00,102.64,0.2,-0.3448979591836735,True,False,True,0.05,False,MILD
015,61,2026-01-29 06:00:00,102.64,0.2,-0.3608163265306123,True,False,True,0.05,False,MILD
015,62,2026-01-29 07:00:00,102.64,0.2,-0.3704081632653062,True,False,True,0.05,False,MILD
015,63,2026-01-29 08:00:00,102.64,0.2,-0.3740816326530612,True,False,True,0.05,False,MILD
015,64,2026-01-29 09:00:00,178.7,0.2,-0.3763265306122449,True,False,True,0.05,False,MILD
015,65,2026-01-29 10:00:00,178.7,0.2,-0.3812244897959184,True,False,True,0.05,False,MILD
015,66,2026-01-29 11:00:00,178.7,0.2,-0.37367346938775514,True,False,True,0.05,False,MILD
015,67,2026-01-29 12:00:00,178.7,0.2,-0.37326530612244896,True,False,True,0.05,False,MILD
015,68,2026-01-29 13:00:00,178.7,0.2,-0.37999999999999995,True,False,True,0.05,False,MILD
015,69,2026-01-29 14:00:00,178.7,0.2,-0.3777551020408163,True,False,True,0.05,False,MILD
015,70,2026-01-29 15:00:00,178.7,0.2,-0.3755102040816326,True,False,True,0.05,False,MILD
015,71,2026-01-29 16:00:00,178.7,0.2,-0.36897959183673473,True,False,True,0.05,False,MILD
015,72,2026-01-29 17:00:00,178.7,0.1,-0.3673469387755102,True,False,True,0.05,False,MILD
015,73,2026-01-29 18:00:00,1.65,0.1,-0.3744897959183673,True,True,True,0.05,False,MILD
015,74,2026-01-29 19:00:00,1.65,0.1,-0.3822448979591836,True,True,True,0.05,False,MILD
015,75,2026-01-29 20:00:00,1.26,0.1,-0.3781632653061224,True,True,True,0.05,False,MILD
015,76,2026-01-29 21:00:00,255.74,0.1,-0.3761224489795919,True,False,True,0.05,False,MILD
015,77,2026-01-29 22:00:00,255.74,0.1,-0.3820408163265306,True,False,True,0.05,False,MILD
015,78,2026-01-29 23:00:00,255.74,0.1,-0.3871428571428571,True,False,True,0.05,False,MILD
015,79,2026-01-30 00:00:00,255.74,0.1,-0.3924489795918367,True,False,True,0.05,False,MILD
015,80,2026-01-30 01:00:00,255.74,0.1,-0.39285714285714285,True,False,True,0.05,False,MILD
015,81,2026-01-30 02:00:00,318.66,0.1,-0.39204081632653065,True,False,True,0.05,False,MILD
015,82,2026-01-30 03:00:00,318.66,0.1,-0.37999999999999995,True,False,True,0.05,False,MILD
015,83,2026-01-30 04:00:00,318.66,0.2,-0.3914285714285715,True,False,True,0.05,False,MILD
015,84,2026-01-30 05:00:00,318.66,0.2,-0.40142857142857147,True,False,True,0.05,False,MILD
015,85,2026-01-30 06:00:00,318.66,0.2,-0.3991836734693877,True,False,True,0.05,False,MILD
016,1,2026-04-01 11:00:00,4.04,1.5,-0.8685714285714285,True,True,True,0.0,False,MILD
016,2,2026-04-01 12:00:00,294.76,1.5,-0.8623076923076922,True,False,True,0.0,False,MILD
016,3,2026-04-01 13:00:00,294.76,2.6,-0.8521052631578948,True,False,True,0.0,False,MILD
016,4,2026-04-01 14:00:00,294.76,2.6,-0.8688000000000001,True,False,True,0.0,False,MILD
016,5,2026-04-01 15:00:00,294.76,2.6,-0.8638709677419356,True,False,True,0.0,False,MILD
016,6,2026-04-01 16:00:00,294.76,2.6,-0.8708108108108108,True,False,True,0.0,False,MILD
016,7,2026-04-01 17:00:00,294.76,2.6,-0.877906976744186,True,False,True,0.0,False,MILD
016,8,2026-04-01 18:00:00,294.76,2.6,-0.8804081632653061,True,False,True,0.0,False,MILD
016,9,2026-04-01 19:00:00,294.76,2.6,-0.8757142857142858,True,False,True,0.0,False,MILD
016,10,2026-04-01 20:00:00,294.76,2.6,-0.8746938775510203,True,False,True,0.0,False,MILD
016,11,2026-04-01 21:00:00,252.73,2.6,-0.8871428571428572,True,False,True,0.0,False,MILD
016,12,2026-04-01 22:00:00,252.73,2.0,-0.8881632653061226,True,False,True,0.05,False,MILD
016,13,2026-04-01 23:00:00,129.43,2.0,-0.8922448979591836,True,False,True,0.05,False,MILD
016,14,2026-04-02 00:00:00,129.43,2.0,-0.8944897959183674,True,False,True,0.05,False,MILD
016,15,2026-04-02 01:00:00,129.43,2.0,-0.8983673469387756,True,False,True,0.05,False,MILD
016,16,2026-04-02 02:00:00,129.43,2.0,-0.9040816326530612,True,False,True,0.05,False,MILD
016,17,2026-04-02 03:00:00,129.43,0.7,-0.9132653061224492,True,False,True,0.05,False,MILD
016,18,2026-04-02 04:00:00,129.43,0.7,-0.9034693877551021,True,False,True,0.05,False,MILD
016,19,2026-04-02 05:00:00,2.57,0.7,-0.8973469387755102,True,True,False,0.05,False,MILD
016,20,2026-04-02 06:00:00,3.16,0.7,-0.9044897959183672,True,True,False,0.05,False,MILD
016,21,2026-04-02 07:00:00,3.16,0.6,-0.9010204081632652,True,True,False,0.05,False,MILD
016,22,2026-04-02 08:00:00,3.16,0.6,-0.8946938775510205,True,True,False,0.05,False,MILD
016,23,2026-04-02 09:00:00,3.16,0.6,-0.8877551020408164,True,True,False,0.05,False,MILD
016,24,2026-04-02 10:00:00,3.16,0.6,-0.8779591836734693,True,True,False,0.05,False,MILD
016,25,2026-04-02 11:00:00,287.81,0.6,-0.8714285714285714,True,False,True,0.05,False,MILD
016,26,2026-04-02 12:00:00,287.81,0.6,-0.8789795918367347,True,False,True,0.05,False,MILD
016,27,2026-04-02 13:00:00,287.81,0.5,-0.8818367346938775,True,False,True,0.05,False,MILD
016,28,2026-04-02 14:00:00,287.81,0.9,-0.8767346938775512,True,False,True,0.05,False,MILD
016,29,2026-04-02 15:00:00,287.81,0.9,-0.8708163265306121,True,False,True,0.05,False,MILD
016,30,2026-04-02 16:00:00,287.81,0.9,-0.876938775510204,True,False,True,0.05,False,MILD
016,31,2026-04-02 17:00:00,287.81,0.9,-0.8832653061224489,True,False,True,0.05,False,MILD
016,32,2026-04-02 18:00:00,287.81,0.9,-0.8789795918367348,True,False,True,0.05,False,MILD
016,33,2026-04-02 19:00:00,125.48,0.9,-0.8983673469387754,True,False,True,0.05,False,MILD
016,34,2026-04-02 20:00:00,125.48,0.9,-0.9087755102040816,True,False,True,0.05,False,MILD
016,35,2026-04-02 21:00:00,3.46,0.9,-0.9199999999999999,True,True,False,0.05,False,MILD
016,36,2026-04-02 22:00:00,3.46,0.8,-0.9389795918367349,True,True,False,0.05,False,MILD
016,37,2026-04-02 23:00:00,3.46,0.8,-0.9559183673469388,True,True,False,0.05,False,MILD
016,38,2026-04-03 00:00:00,3.46,0.8,-0.97,True,True,False,0.05,False,MILD
016,39,2026-04-03 01:00:00,3.03,0.8,-0.9822448979591837,True,True,False,0.05,False,MILD
016,40,2026-04-03 02:00:00,3.03,0.8,-0.9991836734693877,True,True,False,0.05,False,MILD
016,41,2026-04-03 03:00:00,1.59,0.5,-1.0089795918367348,True,True,False,0.05,False,MILD
016,42,2026-04-03 04:00:00,1.6,0.5,-1.0173469387755103,True,True,False,0.05,False,MILD
016,43,2026-04-03 05:00:00,1.6,0.2,-1.0255102040816326,True,True,False,0.05,False,MILD
016,44,2026-04-03 06:00:00,1.6,0.2,-1.036734693877551,True,True,False,0.05,False,MILD
016,45,2026-04-03 07:00:00,42.28,0.2,-1.0469387755102042,True,False,True,0.05,False,MILD
016,46,2026-04-03 08:00:00,42.28,0.2,-1.0493877551020407,True,False,True,0.05,False,MILD
016,47,2026-04-03 09:00:00,42.28,0.2,-1.0622448979591836,True,False,True,0.05,False,MILD
016,48,2026-04-03 10:00:00,42.28,0.2,-1.0683673469387753,True,False,True,0.05,False,MILD
016,49,2026-04-03 11:00:00,42.28,0.2,-1.069795918367347,True,False,True,0.05,False,MILD
016,50,2026-04-03 12:00:00,42.28,0.2,-1.0775510204081633,True,False,True,0.05,False,MILD
016,51,2026-04-03 13:00:00,272.15,0.2,-1.0812244897959185,True,False,True,0.05,False,MILD
016,52,2026-04-03 14:00:00,272.15,0.2,-1.072857142857143,True,False,True,0.05,False,MILD
016,53,2026-04-03 15:00:00,272.15,0.2,-1.0802040816326532,True,False,True,0.05,False,MILD
016,54,2026-04-03 16:00:00,272.15,0.2,-1.0818367346938778,True,False,True,0.05,False,MILD
016,55,2026-04-03 17:00:00,272.15,0.2,-1.0812244897959182,True,False,True,0.05,False,MILD
016,56,2026-04-03 18:00:00,272.15,0.2,-1.0904081632653062,True,False,True,0.05,False,MILD
016,57,2026-04-03 19:00:00,272.15,0.2,-1.0916326530612246,True,False,True,0.05,False,MILD
016,58,2026-04-03 20:00:00,272.15,0.2,-1.0828571428571427,True,False,True,0.05,False,MILD
016,59,2026-04-03 21:00:00,1.57,0.2,-1.0589795918367346,True,True,False,0.05,False,MILD
016,60,2026-04-03 22:00:00,1.57,0.2,-1.057551020408163,True,True,False,0.05,False,MILD
016,61,2026-04-03 23:00:00,1.57,0.2,-1.05,True,True,False,0.05,False,MILD
016,62,2026-04-04 00:00:00,1.57,0.2,-1.0471428571428572,True,True,False,0.05,False,MILD
016,63,2026-04-04 01:00:00,1.57,0.2,-1.0348979591836736,True,True,False,0.05,False,MILD
016,64,2026-04-04 02:00:00,1.57,0.2,-1.026734693877551,True,True,False,0.05,False,MILD
016,65,2026-04-04 03:00:00,74.98,0.2,-1.026122448979592,True,False,True,0.05,False,MILD
016,66,2026-04-04 04:00:00,74.98,0.2,-1.0269387755102042,True,False,True,0.05,False,MILD
016,67,2026-04-04 05:00:00,74.98,0.2,-1.0369387755102042,True,False,True,0.05,False,MILD
016,68,2026-04-04 06:00:00,456.92,0.2,-1.0377551020408164,True,False,True,0.05,False,MILD
016,69,2026-04-04 07:00:00,456.92,0.2,-1.04,True,False,True,0.05,False,MILD
016,70,2026-04-04 08:00:00,456.92,0.2,-1.046326530612245,True,False,True,0.05,False,MILD
016,71,2026-04-04 09:00:00,456.92,0.2,-1.046938775510204,True,False,True,0.05,False,MILD
016,72,2026-04-04 10:00:00,456.92,0.2,-1.0430612244897959,True,False,True,0.05,False,MILD
016,73,2026-04-04 11:00:00,456.92,0.2,-1.0318367346938775,True,False,True,0.05,False,MILD
016,74,2026-04-04 12:00:00,456.92,0.2,-1.0246938775510204,True,False,True,0.05,False,MILD
016,75,2026-04-04 13:00:00,456.92,0.2,-1.0155102040816326,True,False,True,0.05,False,MILD
016,76,2026-04-04 14:00:00,456.92,0.2,-1.016122448979592,True,False,True,0.05,False,MILD
016,77,2026-04-04 15:00:00,1.89,0.2,-1.0124489795918368,True,True,True,0.05,False,MILD
016,78,2026-04-04 16:00:00,30.03,0.2,-1.0055102040816326,True,False,True,0.05,False,MILD
016,79,2026-04-04 17:00:00,30.03,0.2,-1.0069387755102042,True,False,True,0.05,False,MILD
016,80,2026-04-04 18:00:00,30.03,0.2,-1.0024489795918368,True,False,True,0.05,False,MILD
016,81,2026-04-04 19:00:00,30.03,0.2,-1.009387755102041,True,False,True,0.05,False,MILD
016,82,2026-04-04 20:00:00,109.35,0.1,-1.0097959183673468,True,False,True,0.05,False,MILD
016,83,2026-04-04 21:00:00,109.35,0.1,-1.013877551020408,True,False,True,0.05,False,MILD
016,84,2026-04-04 22:00:00,109.35,0.1,-1.0155102040816328,True,False,True,0.05,False,MILD
016,85,2026-04-04 23:00:00,109.35,0.1,-1.0210204081632652,True,False,True,0.05,False,MILD
016,86,2026-04-05 00:00:00,186.6,0.1,-1.0230612244897959,True,False,True,0.05,False,MILD
016,87,2026-04-05 01:00:00,186.6,0.1,-1.0079591836734696,True,False,True,0.05,False,MILD
016,88,2026-04-05 02:00:00,186.6,0.1,-1.0155102040816326,True,False,True,0.05,False,MILD
016,89,2026-04-05 03:00:00,186.6,0.2,-1.0124489795918368,True,False,True,0.05,False,MILD
016,90,2026-04-05 04:00:00,186.6,0.2,-1.016734693877551,True,False,True,0.05,False,MILD
016,91,2026-04-05 05:00:00,186.6,0.2,-1.0053061224489797,True,False,True,0.05,False,MILD
016,92,2026-04-05 06:00:00,186.6,0.2,-0.9910204081632652,True,False,True,0.05,False,MILD
016,93,2026-04-05 07:00:00,186.6,0.2,-0.9722448979591837,True,False,True,0.05,False,MILD
016,94,2026-04-05 08:00:00,186.6,0.2,-0.963265306122449,True,False,True,0.05,False,MILD
016,95,2026-04-05 09:00:00,1.5,0.2,-0.9606122448979592,True,True,True,0.05,False,MILD
016,96,2026-04-05 10:00:00,1.3,0.2,-0.9524489795918367,True,True,True,0.05,False,MILD
016,97,2026-04-05 11:00:00,1.3,0.2,-0.9591836734693877,True,True,True,0.05,False,MILD
016,98,2026-04-05 12:00:00,1.3,0.2,-0.9516326530612246,True,True,True,0.05,False,MILD
016,99,2026-04-05 13:00:00,1.59,0.2,-0.9497959183673469,True,True,True,0.05,False,MILD
016,100,2026-04-05 14:00:00,1.59,0.3,-0.9681632653061224,True,True,True,0.05,False,MILD
016,101,2026-04-05 15:00:00,1.59,0.3,-0.9799999999999999,True,True,True,0.05,False,MILD
016,102,2026-04-05 16:00:00,1.61,0.3,-0.9912244897959184,True,True,True,0.05,False,MILD
016,103,2026-04-05 17:00:00,1.61,0.3,-0.9906122448979593,True,True,True,0.05,False,MILD
017,1,2026-04-11 17:00:00,2.98,1.7,0.21714285714285714,False,False,True,0.0,False,MILD
017,2,2026-04-11 18:00:00,3.86,2.4,0.19461538461538463,False,False,True,0.0,False,MILD
017,3,2026-04-11 19:00:00,3.86,2.4,0.19368421052631576,False,False,True,0.0,False,MILD
017,4,2026-04-11 20:00:00,5.29,2.4,0.19680000000000003,False,False,True,0.0,False,MILD
017,5,2026-04-11 21:00:00,5.85,2.4,0.21387096774193554,False,False,True,0.0,False,MILD
017,6,2026-04-11 22:00:00,5.85,2.4,0.2189189189189189,False,False,True,0.0,False,MILD
017,7,2026-04-11 23:00:00,173.38,2.4,0.22046511627906973,False,False,True,0.0,False,MILD
017,8,2026-04-12 00:00:00,173.38,2.4,0.23346938775510204,False,False,True,0.0,False,MILD
017,9,2026-04-12 01:00:00,173.38,2.4,0.24040816326530606,False,False,True,0.0,False,MILD
017,10,2026-04-12 02:00:00,173.38,2.1,0.25224489795918364,False,False,True,0.0,False,MILD
017,11,2026-04-12 03:00:00,173.38,2.1,0.2677551020408163,False,False,True,0.0,False,MILD
017,12,2026-04-12 04:00:00,173.38,2.1,0.28285714285714286,False,False,True,0.05,False,MILD
017,13,2026-04-12 05:00:00,173.38,2.1,0.2816326530612245,False,False,True,0.05,False,MILD
017,14,2026-04-12 06:00:00,173.38,2.1,0.2830612244897959,False,False,True,0.05,False,MILD
017,15,2026-04-12 07:00:00,173.38,2.1,0.28632653061224494,False,False,True,0.05,False,MILD
017,16,2026-04-12 08:00:00,36.43,2.1,0.27693877551020407,False,False,True,0.05,False,MILD
017,17,2026-04-12 09:00:00,36.43,2.1,0.2693877551020408,False,False,True,0.05,False,MILD
017,18,2026-04-12 10:00:00,36.43,2.1,0.2642857142857143,False,False,True,0.05,False,MILD
017,19,2026-04-12 11:00:00,36.43,0.8,0.24448979591836736,False,False,True,0.05,False,MILD
017,20,2026-04-12 12:00:00,36.43,0.8,0.22122448979591836,False,False,True,0.05,False,MILD
017,21,2026-04-12 13:00:00,214.8,0.8,0.20469387755102042,False,False,True,0.05,False,MILD
017,22,2026-04-12 14:00:00,214.8,0.6,0.2091836734693878,False,False,True,0.05,False,MILD
017,23,2026-04-12 15:00:00,214.8,0.6,0.20387755102040817,False,False,True,0.05,False,MILD
017,24,2026-04-12 16:00:00,214.8,0.5,0.1973469387755102,False,False,True,0.05,False,MILD
017,25,2026-04-12 17:00:00,214.8,0.5,0.19551020408163267,False,False,True,0.05,False,MILD
017,26,2026-04-12 18:00:00,214.8,0.5,0.19204081632653064,False,False,True,0.05,False,MILD
017,27,2026-04-12 19:00:00,214.8,0.5,0.1975510204081633,False,False,True,0.05,False,MILD
017,28,2026-04-12 20:00:00,214.8,0.8,0.20673469387755103,False,False,True,0.05,False,MILD
017,29,2026-04-12 21:00:00,3.33,0.8,0.21387755102040817,False,False,True,0.05,False,MILD
017,30,2026-04-12 22:00:00,3.33,0.8,0.20775510204081635,False,False,True,0.05,False,MILD
017,31,2026-04-12 23:00:00,3.33,0.8,0.22224489795918367,False,False,True,0.05,False,MILD
017,32,2026-04-13 00:00:00,100.26,0.8,0.2361224489795918,False,False,True,0.05,False,MILD
017,33,2026-04-13 01:00:00,100.26,0.8,0.23632653061224487,False,False,True,0.05,False,MILD
017,34,2026-04-13 02:00:00,100.26,0.8,0.2577551020408163,False,False,True,0.05,False,MILD
017,35,2026-04-13 03:00:00,100.26,0.8,0.27061224489795915,False,False,True,0.05,False,MILD
017,36,2026-04-13 04:00:00,100.26,0.8,0.2838775510204082,False,False,True,0.05,False,MILD
017,37,2026-04-13 05:00:00,100.26,0.7,0.2920408163265306,False,False,True,0.05,False,MILD
017,38,2026-04-13 06:00:00,100.26,0.7,0.29510204081632657,False,False,True,0.05,False,MILD
017,39,2026-04-13 07:00:00,100.26,0.7,0.28326530612244893,False,False,True,0.05,False,MILD
017,40,2026-04-13 08:00:00,100.26,0.7,0.27224489795918366,False,False,True,0.05,False,MILD
017,41,2026-04-13 09:00:00,10.1,0.7,0.2759183673469388,False,False,True,0.05,False,MILD
017,42,2026-04-13 10:00:00,134.19,0.7,0.2702040816326531,False,False,True,0.05,False,MILD
017,43,2026-04-13 11:00:00,134.19,0.7,0.2653061224489796,False,False,True,0.05,False,MILD
017,44,2026-04-13 12:00:00,134.19,0.7,0.2646938775510204,False,False,True,0.05,False,MILD
017,45,2026-04-13 13:00:00,134.19,0.7,0.2571428571428572,False,False,True,0.05,False,MILD
017,46,2026-04-13 14:00:00,134.19,0.5,0.2642857142857143,False,False,True,0.05,False,MILD
017,47,2026-04-13 15:00:00,134.19,0.5,0.2726530612244898,False,False,True,0.05,False,MILD
017,48,2026-04-13 16:00:00,134.19,0.2,0.2840816326530612,False,False,True,0.05,False,MILD
017,49,2026-04-13 17:00:00,351.86,0.2,0.29061224489795917,False,False,True,0.05,False,MILD
017,50,2026-04-13 18:00:00,351.86,0.2,0.28755102040816327,False,False,True,0.05,False,MILD
017,51,2026-04-13 19:00:00,351.86,0.2,0.28653061224489795,False,False,True,0.05,False,MILD
017,52,2026-04-13 20:00:00,351.86,0.2,0.30306122448979594,False,False,True,0.05,False,MILD
017,53,2026-04-13 21:00:00,351.86,0.2,0.3159183673469388,False,False,True,0.05,False,MILD
017,54,2026-04-13 22:00:00,351.86,0.2,0.3281632653061225,False,False,True,0.05,False,MILD
017,55,2026-04-13 23:00:00,351.86,0.2,0.33653061224489794,False,False,True,0.05,False,MILD
017,56,2026-04-14 00:00:00,351.86,0.2,0.35040816326530616,False,False,True,0.05,False,MILD
017,57,2026-04-14 01:00:00,1.84,0.2,0.36653061224489797,False,False,True,0.05,False,MILD
017,58,2026-04-14 02:00:00,1.84,0.2,0.38632653061224487,False,False,True,0.05,False,MILD
017,59,2026-04-14 03:00:00,1.84,0.2,0.39326530612244903,False,False,True,0.05,False,MILD
017,60,2026-04-14 04:00:00,1.64,0.2,0.39163265306122447,False,False,True,0.05,False,MILD
017,61,2026-04-14 05:00:00,1.64,0.2,0.3948979591836735,False,False,True,0.05,False,MILD
017,62,2026-04-14 06:00:00,1.64,0.2,0.4046938775510204,False,False,True,0.05,False,MILD
017,63,2026-04-14 07:00:00,1.64,0.2,0.4130612244897958,False,False,True,0.05,False,MILD
017,64,2026-04-14 08:00:00,1.64,0.2,0.4153061224489796,False,False,True,0.05,False,MILD
017,65,2026-04-14 09:00:00,36.7,0.2,0.4208163265306122,False,False,True,0.05,False,MILD
017,66,2026-04-14 10:00:00,247.02,0.2,0.41265306122448986,False,False,True,0.05,False,MILD
017,67,2026-04-14 11:00:00,247.02,0.2,0.4242857142857143,False,False,True,0.05,False,MILD
017,68,2026-04-14 12:00:00,247.02,0.2,0.43448979591836734,False,False,True,0.05,False,MILD
017,69,2026-04-14 13:00:00,247.02,0.2,0.42326530612244895,False,False,True,0.05,False,MILD
017,70,2026-04-14 14:00:00,247.02,0.2,0.4122448979591837,False,False,True,0.05,False,MILD
017,71,2026-04-14 15:00:00,247.02,0.2,0.403265306122449,False,False,True,0.05,False,MILD
017,72,2026-04-14 16:00:00,247.02,0.2,0.3936734693877551,False,False,True,0.05,False,MILD
017,73,2026-04-14 17:00:00,247.02,0.2,0.3869387755102041,False,False,True,0.05,False,MILD
017,74,2026-04-14 18:00:00,1.61,0.2,0.37285714285714283,False,False,True,0.05,False,MILD
017,75,2026-04-14 19:00:00,1.61,0.2,0.34653061224489795,False,False,True,0.05,False,MILD
017,76,2026-04-14 20:00:00,1.61,0.2,0.3275510204081633,False,False,True,0.05,False,MILD
017,77,2026-04-14 21:00:00,1.49,0.2,0.3289795918367347,False,False,True,0.05,False,MILD
017,78,2026-04-14 22:00:00,1.49,0.3,0.3283673469387755,False,False,True,0.05,False,MILD
017,79,2026-04-14 23:00:00,1.49,0.3,0.32571428571428573,False,False,True,0.05,False,MILD
017,80,2026-04-15 00:00:00,1.58,0.3,0.3302040816326531,False,False,True,0.05,False,MILD
017,81,2026-04-15 01:00:00,1.58,0.3,0.32653061224489793,False,False,True,0.05,False,MILD
017,82,2026-04-15 02:00:00,1.58,0.3,0.33081632653061227,False,False,True,0.05,False,MILD
017,83,2026-04-15 03:00:00,1.58,0.3,0.3346938775510204,False,False,True,0.05,False,MILD
017,84,2026-04-15 04:00:00,378.42,0.3,0.34122448979591835,False,False,True,0.05,False,MILD
017,85,2026-04-15 05:00:00,378.42,0.3,0.343265306122449,False,False,True,0.05,False,MILD
017,86,2026-04-15 06:00:00,378.42,0.2,0.34591836734693876,False,False,True,0.05,False,MILD
017,87,2026-04-15 07:00:00,378.42,0.2,0.34489795918367344,False,False,True,0.05,False,MILD
017,88,2026-04-15 08:00:00,378.42,0.2,0.3544897959183674,False,False,True,0.05,False,MILD
017,89,2026-04-15 09:00:00,378.42,0.2,0.36142857142857143,False,False,True,0.05,False,MILD
017,90,2026-04-15 10:00:00,378.42,0.2,0.3757142857142857,False,False,True,0.05,False,MILD
017,91,2026-04-15 11:00:00,378.42,0.2,0.39571428571428574,False,False,True,0.05,False,MILD
017,92,2026-04-15 12:00:00,1.5,0.3,0.40714285714285714,False,False,True,0.05,False,MILD
017,93,2026-04-15 13:00:00,1.5,0.3,0.41122448979591836,False,False,True,0.05,False,MILD
017,94,2026-04-15 14:00:00,1.62,0.3,0.4151020408163265,False,False,True,0.05,False,MILD
017,95,2026-04-15 15:00:00,1.62,0.3,0.4222448979591837,False,False,True,0.05,False,MILD
017,96,2026-04-15 16:00:00,1.62,0.3,0.42775510204081635,False,False,True,0.05,False,MILD
017,97,2026-04-15 17:00:00,1.62,0.3,0.43510204081632653,False,False,True,0.05,False,MILD
017,98,2026-04-15 18:00:00,1.62,0.3,0.43897959183673474,False,False,True,0.05,False,MILD
017,99,2026-04-15 19:00:00,1.62,0.3,0.4420408163265307,False,False,True,0.05,False,MILD
017,100,2026-04-15 20:00:00,1.62,0.2,0.4510204081632654,False,False,True,0.05,False,MILD
017,101,2026-04-15 21:00:00,1.62,0.2,0.4555102040816327,False,False,True,0.05,False,MILD
017,102,2026-04-15 22:00:00,1.89,0.2,0.4669387755102041,False,False,True,0.05,False,MILD
017,103,2026-04-15 23:00:00,1.89,0.2,0.4726530612244898,False,False,True,0.05,False,MILD
017,104,2026-04-16 00:00:00,1.89,0.2,0.48081632653061224,False,False,True,0.05,False,MILD
017,105,2026-04-16 01:00:00,1.89,0.2,0.47816326530612246,False,False,True,0.05,False,MILD
017,106,2026-04-16 02:00:00,1.89,0.2,0.4810204081632653,False,False,True,0.05,False,MILD
017,107,2026-04-16 03:00:00,1.89,0.2,0.48673469387755103,False,False,True,0.05,False,MILD
017,108,2026-04-16 04:00:00,1.89,0.2,0.48244897959183675,False,False,True,0.05,False,MILD
017,109,2026-04-16 05:00:00,1.89,0.2,0.48183673469387756,False,False,True,0.05,False,MILD
017,110,2026-04-16 06:00:00,48.59,0.2,0.4757142857142857,False,False,True,0.05,False,MILD
017,111,2026-04-16 07:00:00,209.25,0.2,0.473061224489796,False,False,True,0.05,False,MILD
017,112,2026-04-16 08:00:00,209.25,0.2,0.4677551020408163,False,False,True,0.05,False,MILD
017,113,2026-04-16 09:00:00,209.25,0.2,0.46244897959183673,False,False,True,0.05,False,MILD
017,114,2026-04-16 10:00:00,209.25,0.2,0.4451020408163265,False,False,True,0.05,False,MILD
017,115,2026-04-16 11:00:00,209.25,0.2,0.4379591836734693,False,False,True,0.05,False,MILD
017,116,2026-04-16 12:00:00,209.25,0.2,0.4251020408163265,False,False,True,0.05,False,MILD
018,1,2026-01-21 17:00:00,3.42,1.5,0.027142857142857142,False,False,True,0.0,False,MILD
018,2,2026-01-21 18:00:00,6.15,2.2,0.05538461538461538,False,False,True,0.0,False,MILD
018,3,2026-01-21 19:00:00,7.03,2.4,0.05842105263157895,False,False,True,0.0,False,MILD
018,4,2026-01-21 20:00:00,52.04,2.4,0.0644,False,False,True,0.0,False,MILD
018,5,2026-01-21 21:00:00,52.04,2.4,0.06225806451612902,False,False,True,0.0,False,MILD
018,6,2026-01-21 22:00:00,162.54,2.4,0.053783783783783776,False,False,True,0.0,False,MILD
018,7,2026-01-21 23:00:00,162.54,2.4,0.05581395348837209,False,False,True,0.0,False,MILD
018,8,2026-01-22 00:00:00,162.54,2.4,0.05020408163265306,False,False,True,0.0,False,MILD
018,9,2026-01-22 01:00:00,162.54,2.4,0.04775510204081633,False,False,True,0.0,False,MILD
018,10,2026-01-22 02:00:00,162.54,2.4,0.035102040816326535,False,False,True,0.0,False,MILD
018,11,2026-01-22 03:00:00,162.54,2.4,0.029183673469387758,False,False,True,0.0,False,MILD
018,12,2026-01-22 04:00:00,162.54,2.4,0.017346938775510207,False,False,True,0.05,False,MILD
018,13,2026-01-22 05:00:00,162.54,2.4,0.009591836734693876,False,False,True,0.05,False,MILD
018,14,2026-01-22 06:00:00,8.65,2.2,0.01020408163265306,False,False,True,0.05,False,MILD
018,15,2026-01-22 07:00:00,8.65,1.0,-1.1328806373726086e-18,True,True,True,0.05,False,MILD
018,16,2026-01-22 08:00:00,6.22,0.7,0.0012244897959183651,False,False,True,0.05,False,MILD
018,17,2026-01-22 09:00:00,3.2,0.6,-0.0008163265306122456,True,True,True,0.05,False,MILD
018,18,2026-01-22 10:00:00,3.2,0.6,0.008775510204081632,False,False,True,0.05,False,MILD
018,19,2026-01-22 11:00:00,159.92,0.6,0.00857142857142857,False,False,True,0.05,False,MILD
018,20,2026-01-22 12:00:00,159.92,0.6,0.01693877551020408,False,False,True,0.05,False,MILD
018,21,2026-01-22 13:00:00,159.92,0.6,0.019183673469387756,False,False,True,0.05,False,MILD
018,22,2026-01-22 14:00:00,315.39,0.7,0.01306122448979592,False,False,True,0.05,False,MILD
018,23,2026-01-22 15:00:00,315.39,0.7,0.008979591836734696,False,False,True,0.05,False,MILD
018,24,2026-01-22 16:00:00,315.39,0.7,0.005714285714285715,False,False,True,0.05,False,MILD
018,25,2026-01-22 17:00:00,315.39,0.7,0.002448979591836736,False,False,True,0.05,False,MILD
018,26,2026-01-22 18:00:00,315.39,0.7,-0.012448979591836737,True,False,True,0.05,False,MILD
018,27,2026-01-22 19:00:00,315.39,0.7,-0.025714285714285714,True,False,True,0.05,False,MILD
018,28,2026-01-22 20:00:00,315.39,0.7,-0.037551020408163265,True,False,True,0.05,False,MILD
018,29,2026-01-22 21:00:00,315.39,0.7,-0.04857142857142857,True,False,True,0.05,False,MILD
018,30,2026-01-22 22:00:00,315.39,0.7,-0.04857142857142857,True,False,True,0.05,False,MILD
018,31,2026-01-22 23:00:00,189.81,0.7,-0.04938775510204081,True,False,True,0.05,False,MILD
018,32,2026-01-23 00:00:00,189.81,0.7,-0.057755102040816325,True,False,True,0.05,False,MILD
018,33,2026-01-23 01:00:00,27.25,0.7,-0.05897959183673471,True,False,True,0.05,False,MILD
018,34,2026-01-23 02:00:00,27.25,0.7,-0.056938775510204084,True,False,True,0.05,False,MILD
018,35,2026-01-23 03:00:00,27.25,0.7,-0.0463265306122449,True,False,True,0.05,False,MILD
018,36,2026-01-23 04:00:00,27.25,0.7,-0.035510204081632656,True,False,True,0.05,False,MILD
018,37,2026-01-23 05:00:00,336.21,0.4,-0.034081632653061224,True,False,True,0.05,False,MILD
018,38,2026-01-23 06:00:00,336.21,0.3,-0.0473469387755102,True,False,True,0.05,False,MILD
018,39,2026-01-23 07:00:00,336.21,0.3,-0.04530612244897959,True,False,True,0.05,False,MILD
018,40,2026-01-23 08:00:00,336.21,0.3,-0.036734693877551024,True,False,True,0.05,False,MILD
018,41,2026-01-23 09:00:00,336.21,0.3,-0.0326530612244898,True,False,True,0.05,False,MILD
018,42,2026-01-23 10:00:00,336.21,0.3,-0.0336734693877551,True,False,True,0.05,False,MILD
018,43,2026-01-23 11:00:00,336.21,0.3,-0.030204081632653066,True,False,True,0.05,False,MILD
018,44,2026-01-23 12:00:00,336.21,0.3,-0.03734693877551021,True,False,True,0.05,False,MILD
018,45,2026-01-23 13:00:00,1.85,0.3,-0.029387755102040815,True,True,True,0.05,True,MILD
018,46,2026-01-23 14:00:00,1.85,0.2,-0.024081632653061222,True,True,True,0.05,False,MILD
018,47,2026-01-23 15:00:00,1.85,0.2,-0.02102040816326531,True,True,True,0.05,False,MILD
018,48,2026-01-23 16:00:00,82.25,0.2,-0.018163265306122448,True,False,True,0.05,False,MILD
018,49,2026-01-23 17:00:00,293.27,0.2,-0.009591836734693878,True,False,True,0.05,False,MILD
018,50,2026-01-23 18:00:00,293.27,0.2,-0.017551020408163264,True,False,True,0.05,False,MILD
018,51,2026-01-23 19:00:00,293.27,0.2,-0.022653061224489797,True,False,True,0.05,False,MILD
018,52,2026-01-23 20:00:00,293.27,0.2,-0.022244897959183677,True,False,True,0.05,False,MILD
018,53,2026-01-23 21:00:00,293.27,0.2,-0.020816326530612245,True,False,True,0.05,False,MILD
018,54,2026-01-23 22:00:00,293.27,0.2,-0.027142857142857146,True,False,True,0.05,False,MILD
018,55,2026-01-23 23:00:00,293.27,0.2,-0.0210204081632653,True,False,True,0.05,False,MILD
018,56,2026-01-24 00:00:00,293.27,0.2,-0.013877551020408161,True,False,True,0.05,False,MILD
018,57,2026-01-24 01:00:00,1.56,0.2,-0.0173469387755102,True,True,True,0.05,False,MILD
018,58,2026-01-24 02:00:00,1.31,0.2,-0.022244897959183677,True,True,True,0.05,False,MILD
018,59,2026-01-24 03:00:00,1.31,0.2,-0.028571428571428574,True,True,True,0.05,False,MILD
018,60,2026-01-24 04:00:00,1.31,0.2,-0.044081632653061226,True,True,True,0.05,False,MILD
018,61,2026-01-24 05:00:00,58.29,0.1,-0.051836734693877555,True,False,True,0.05,False,MILD
018,62,2026-01-24 06:00:00,58.29,0.1,-0.05285714285714285,True,False,True,0.05,False,MILD
018,63,2026-01-24 07:00:00,58.29,0.1,-0.06040816326530611,True,False,True,0.05,False,MILD
018,64,2026-01-24 08:00:00,58.29,0.1,-0.0773469387755102,True,False,True,0.05,False,MILD
018,65,2026-01-24 09:00:00,58.29,0.1,-0.08244897959183674,True,False,True,0.05,False,MILD
018,66,2026-01-24 10:00:00,58.29,0.1,-0.0763265306122449,True,False,True,0.05,False,MILD
018,67,2026-01-24 11:00:00,58.29,0.1,-0.06714285714285713,True,False,True,0.05,False,MILD
018,68,2026-01-24 12:00:00,58.29,0.1,-0.06510204081632653,True,False,True,0.05,False,MILD
018,69,2026-01-24 13:00:00,1.6,0.2,-0.06959183673469388,True,True,True,0.05,False,MILD
018,70,2026-01-24 14:00:00,1.6,0.2,-0.08367346938775509,True,True,True,0.05,False,MILD
018,71,2026-01-24 15:00:00,378.58,0.2,-0.10326530612244897,True,False,True,0.05,False,MILD
018,72,2026-01-24 16:00:00,378.58,0.2,-0.10979591836734692,True,False,True,0.05,False,MILD
018,73,2026-01-24 17:00:00,378.58,0.2,-0.11877551020408164,True,False,True,0.05,False,MILD
018,74,2026-01-24 18:00:00,378.58,0.2,-0.13346938775510203,True,False,True,0.05,False,MILD
018,75,2026-01-24 19:00:00,378.58,0.2,-0.16244897959183674,True,False,True,0.05,False,MILD
018,76,2026-01-24 20:00:00,378.58,0.2,-0.16755102040816328,True,False,True,0.05,False,MILD
018,77,2026-01-24 21:00:00,378.58,0.2,-0.17306122448979594,True,False,True,0.05,False,MILD
018,78,2026-01-24 22:00:00,378.58,0.2,-0.15591836734693879,True,False,True,0.05,False,MILD
018,79,2026-01-24 23:00:00,151.45,0.2,-0.13755102040816325,True,False,True,0.05,False,MILD
018,80,2026-01-25 00:00:00,151.45,0.2,-0.13877551020408163,True,False,True,0.05,False,MILD
018,81,2026-01-25 01:00:00,151.45,0.2,-0.13,True,False,True,0.05,False,MILD
018,82,2026-01-25 02:00:00,151.45,0.2,-0.13734693877551024,True,False,True,0.05,False,MILD
018,83,2026-01-25 03:00:00,151.45,0.2,-0.10775510204081633,True,False,True,0.05,False,MILD
018,84,2026-01-25 04:00:00,151.45,0.2,-0.09285714285714286,True,False,True,0.05,False,MILD
018,85,2026-01-25 05:00:00,151.45,0.2,-0.09020408163265306,True,False,True,0.05,False,MILD
018,86,2026-01-25 06:00:00,116.66,0.2,-0.08387755102040816,True,False,True,0.05,False,MILD
018,87,2026-01-25 07:00:00,129.75,0.2,-0.08959183673469388,True,False,True,0.05,False,MILD
018,88,2026-01-25 08:00:00,129.75,0.2,-0.08714285714285713,True,False,True,0.05,False,MILD
018,89,2026-01-25 09:00:00,129.75,0.2,-0.08530612244897959,True,False,True,0.05,False,MILD
018,90,2026-01-25 10:00:00,129.75,0.2,-0.07346938775510205,True,False,True,0.05,False,MILD
019,1,2026-04-14 04:00:00,5.4,0.9,0.25999999999999995,False,False,True,0.0,False,MODERATE
019,2,2026-04-14 05:00:00,5.4,0.9,0.25769230769230766,False,False,True,0.0,False,MODERATE
019,3,2026-04-14 06:00:00,5.4,1.3,0.24947368421052632,False,False,True,0.0,False,MODERATE
019,4,2026-04-14 07:00:00,7.91,1.6,0.22920000000000001,False,False,True,0.0,False,MODERATE
019,5,2026-04-14 08:00:00,7.91,2.5,0.21064516129032262,False,False,True,0.0,False,MODERATE
019,6,2026-04-14 09:00:00,7.98,2.5,0.2008108108108108,False,False,True,0.0,False,MODERATE
019,7,2026-04-14 10:00:00,7.98,2.5,0.19999999999999996,False,False,True,0.0,False,MODERATE
019,8,2026-04-14 11:00:00,258.01,2.5,0.19387755102040816,False,False,True,0.0,False,MODERATE
019,9,2026-04-14 12:00:00,258.01,2.5,0.196734693877551,False,False,True,0.0,False,MODERATE
019,10,2026-04-14 13:00:00,258.01,2.5,0.18877551020408162,False,False,True,0.0,False,MODERATE
019,11,2026-04-14 14:00:00,258.01,2.5,0.1838775510204082,False,False,True,0.0,False,MODERATE
019,12,2026-04-14 15:00:00,258.01,2.5,0.19551020408163267,False,False,True,0.05,False,MODERATE
019,13,2026-04-14 16:00:00,258.01,2.5,0.21081632653061225,False,False,True,0.05,False,MODERATE
019,14,2026-04-14 17:00:00,258.01,2.3,0.22918367346938776,False,False,True,0.05,False,MODERATE
019,15,2026-04-14 18:00:00,258.01,2.3,0.23469387755102042,False,False,True,0.05,False,MODERATE
019,16,2026-04-14 19:00:00,91.34,2.3,0.25,False,False,True,0.05,False,MODERATE
019,17,2026-04-14 20:00:00,327.21,2.2,0.2557142857142857,False,False,True,0.05,False,MODERATE
019,18,2026-04-14 21:00:00,327.21,0.7,0.2655102040816327,False,False,True,0.05,False,MODERATE
019,19,2026-04-14 22:00:00,327.21,0.7,0.2759183673469388,False,False,True,0.05,False,MODERATE
019,20,2026-04-14 23:00:00,327.21,0.7,0.2704081632653061,False,False,True,0.05,False,MODERATE
019,21,2026-04-15 00:00:00,327.21,0.7,0.2612244897959184,False,False,True,0.05,False,MODERATE
019,22,2026-04-15 01:00:00,480.72,0.7,0.2663265306122449,False,False,True,0.05,False,MODERATE
019,23,2026-04-15 02:00:00,480.72,0.7,0.2563265306122449,False,False,True,0.05,False,MODERATE
019,24,2026-04-15 03:00:00,480.72,0.7,0.25,False,False,True,0.05,False,MODERATE
019,25,2026-04-15 04:00:00,480.72,0.7,0.2283673469387755,False,False,True,0.05,False,MODERATE
019,26,2026-04-15 05:00:00,480.72,0.6,0.22204081632653064,False,False,True,0.05,False,MODERATE
019,27,2026-04-15 06:00:00,480.72,0.6,0.21571428571428572,False,False,True,0.05,False,MODERATE
019,28,2026-04-15 07:00:00,480.72,0.6,0.2283673469387755,False,False,True,0.05,False,MODERATE
019,29,2026-04-15 08:00:00,480.72,0.6,0.22979591836734695,False,False,True,0.05,False,MODERATE
019,30,2026-04-15 09:00:00,2.9,0.6,0.22020408163265304,False,False,True,0.05,False,MODERATE
019,31,2026-04-15 10:00:00,2.9,0.7,0.22551020408163264,False,False,True,0.05,False,MODERATE
019,32,2026-04-15 11:00:00,3.3,0.7,0.2230612244897959,False,False,True,0.05,False,MODERATE
019,33,2026-04-15 12:00:00,127.0,0.7,0.23571428571428574,False,False,True,0.05,False,MODERATE
019,34,2026-04-15 13:00:00,127.0,0.7,0.22755102040816327,False,False,True,0.05,False,MODERATE
019,35,2026-04-15 14:00:00,127.0,0.7,0.23387755102040814,False,False,True,0.05,False,MODERATE
019,36,2026-04-15 15:00:00,127.0,0.7,0.22387755102040813,False,False,True,0.05,False,MODERATE
019,37,2026-04-15 16:00:00,127.0,0.7,0.2304081632653061,False,False,True,0.05,False,MODERATE
019,38,2026-04-15 17:00:00,127.0,0.7,0.23142857142857143,False,False,True,0.05,False,MODERATE
019,39,2026-04-15 18:00:00,127.0,0.7,0.23918367346938774,False,False,True,0.05,False,MODERATE
019,40,2026-04-15 19:00:00,127.0,0.6,0.2553061224489796,False,False,True,0.05,False,MODERATE
019,41,2026-04-15 20:00:00,151.93,0.6,0.2593877551020408,False,False,True,0.05,False,MODERATE
019,42,2026-04-15 21:00:00,151.93,0.6,0.2683673469387755,False,False,True,0.05,False,MODERATE
019,43,2026-04-15 22:00:00,151.93,0.4,0.2773469387755102,False,False,True,0.05,False,MODERATE
019,44,2026-04-15 23:00:00,151.93,0.2,0.2910204081632653,False,False,True,0.05,False,MODERATE
019,45,2026-04-16 00:00:00,151.93,0.2,0.29081632653061223,False,False,True,0.05,False,MODERATE
019,46,2026-04-16 01:00:00,151.93,0.2,0.2963265306122449,False,False,True,0.05,False,MODERATE
019,47,2026-04-16 02:00:00,151.93,0.2,0.2983673469387755,False,False,True,0.05,False,MODERATE
019,48,2026-04-16 03:00:00,151.93,0.2,0.2906122448979592,False,False,True,0.05,False,MODERATE
019,49,2026-04-16 04:00:00,151.93,0.2,0.2844897959183673,False,False,True,0.05,False,MODERATE
019,50,2026-04-16 05:00:00,1.19,0.2,0.2910204081632653,False,False,True,0.05,False,MODERATE
019,51,2026-04-16 06:00:00,344.52,0.2,0.28653061224489795,False,False,True,0.05,False,MODERATE
019,52,2026-04-16 07:00:00,344.52,0.2,0.2942857142857143,False,False,True,0.05,False,MODERATE
019,53,2026-04-16 08:00:00,344.52,0.2,0.2993877551020408,False,False,True,0.05,False,MODERATE
019,54,2026-04-16 09:00:00,344.52,0.2,0.28979591836734697,False,False,True,0.05,False,MODERATE
019,55,2026-04-16 10:00:00,344.52,0.2,0.2889795918367347,False,False,True,0.05,False,MODERATE
019,56,2026-04-16 11:00:00,344.52,0.2,0.2836734693877551,False,False,True,0.05,False,MODERATE
019,57,2026-04-16 12:00:00,344.52,0.2,0.27959183673469384,False,False,True,0.05,False,MODERATE
019,58,2026-04-16 13:00:00,344.52,0.2,0.2755102040816326,False,False,True,0.05,False,MODERATE
019,59,2026-04-16 14:00:00,344.52,0.2,0.27346938775510204,False,False,True,0.05,False,MODERATE
019,60,2026-04-16 15:00:00,183.87,0.2,0.2653061224489796,False,False,True,0.05,False,MODERATE
019,61,2026-04-16 16:00:00,183.87,0.2,0.2640816326530612,False,False,True,0.05,False,MODERATE
019,62,2026-04-16 17:00:00,183.87,0.2,0.2546938775510204,False,False,True,0.05,False,MODERATE
019,63,2026-04-16 18:00:00,183.87,0.2,0.24693877551020407,False,False,True,0.05,False,MODERATE
019,64,2026-04-16 19:00:00,183.87,0.2,0.23999999999999996,False,False,True,0.05,False,MODERATE
019,65,2026-04-16 20:00:00,183.87,0.2,0.22673469387755105,False,False,True,0.05,False,MODERATE
019,66,2026-04-16 21:00:00,183.87,0.2,0.21122448979591835,False,False,True,0.05,False,MODERATE
019,67,2026-04-16 22:00:00,183.87,0.2,0.2014285714285714,False,False,True,0.05,False,MODERATE
019,68,2026-04-16 23:00:00,41.73,0.2,0.1887755102040816,False,False,True,0.05,False,MODERATE
019,69,2026-04-17 00:00:00,46.91,0.2,0.17142857142857143,False,False,True,0.05,False,MODERATE
019,70,2026-04-17 01:00:00,46.91,0.2,0.156734693877551,False,False,True,0.05,False,MODERATE
019,71,2026-04-17 02:00:00,972.89,0.2,0.1348979591836735,False,False,True,0.05,False,MODERATE
019,72,2026-04-17 03:00:00,972.89,0.2,0.11959183673469388,False,False,True,0.05,False,MODERATE
019,73,2026-04-17 04:00:00,972.89,0.2,0.10244897959183673,False,False,True,0.05,False,MODERATE
019,74,2026-04-17 05:00:00,972.89,0.2,0.0846938775510204,False,False,True,0.05,False,MODERATE
019,75,2026-04-17 06:00:00,972.89,0.2,0.056938775510204084,False,False,True,0.05,False,MODERATE
019,76,2026-04-17 07:00:00,972.89,0.2,0.04,False,False,True,0.05,False,MODERATE
019,77,2026-04-17 08:00:00,972.89,0.2,0.012244897959183675,False,False,True,0.05,False,MODERATE
019,78,2026-04-17 09:00:00,972.89,0.2,-0.001020408163265307,True,False,True,0.05,False,MODERATE
019,79,2026-04-17 10:00:00,1.22,0.2,-0.009591836734693876,True,True,True,0.05,False,MODERATE
019,80,2026-04-17 11:00:00,1.22,0.2,-0.02285714285714286,True,True,True,0.05,False,MODERATE
019,81,2026-04-17 12:00:00,1.71,0.2,-0.018979591836734696,True,True,True,0.05,False,MODERATE
019,82,2026-04-17 13:00:00,1.71,0.2,-0.010408163265306122,True,True,True,0.05,False,MODERATE
019,83,2026-04-17 14:00:00,76.32,0.2,-0.003673469387755102,True,False,True,0.05,False,MODERATE
019,84,2026-04-17 15:00:00,76.32,0.2,0.007142857142857143,False,False,True,0.05,False,MODERATE
019,85,2026-04-17 16:00:00,76.32,0.2,0.02,False,False,True,0.05,False,MODERATE
019,86,2026-04-17 17:00:00,76.32,0.2,0.039795918367346944,False,False,True,0.05,False,MODERATE
019,87,2026-04-17 18:00:00,76.32,0.2,0.054489795918367355,False,False,True,0.05,False,MODERATE
019,88,2026-04-17 19:00:00,76.32,0.2,0.06387755102040817,False,False,True,0.05,False,MODERATE
019,89,2026-04-17 20:00:00,76.32,0.2,0.0669387755102041,False,False,True,0.05,False,MODERATE
019,90,2026-04-17 21:00:00,76.32,0.2,0.0553061224489796,False,False,True,0.05,False,MODERATE
019,91,2026-04-17 22:00:00,38.52,0.2,0.04591836734693878,False,False,True,0.05,False,MODERATE
019,92,2026-04-17 23:00:00,38.52,0.2,0.026326530612244894,False,False,True,0.05,False,MODERATE
019,93,2026-04-18 00:00:00,1.66,0.2,0.014081632653061225,False,False,True,0.05,False,MODERATE
019,94,2026-04-18 01:00:00,1.66,0.2,-0.016326530612244896,True,True,True,0.05,False,MODERATE
019,95,2026-04-18 02:00:00,1.66,0.2,-0.02877551020408163,True,True,True,0.05,False,MODERATE
019,96,2026-04-18 03:00:00,500.4,0.2,-0.04551020408163265,True,False,True,0.05,False,MODERATE
019,97,2026-04-18 04:00:00,500.4,0.2,-0.04551020408163265,True,False,True,0.05,False,MODERATE
019,98,2026-04-18 05:00:00,500.4,0.2,-0.03326530612244898,True,False,True,0.05,False,MODERATE
019,99,2026-04-18 06:00:00,500.4,0.2,-0.01591836734693878,True,False,True,0.05,False,MODERATE
019,100,2026-04-18 07:00:00,500.4,0.3,0.005102040816326529,False,False,True,0.05,False,MODERATE
019,101,2026-04-18 08:00:00,500.4,0.3,0.015714285714285715,False,False,True,0.05,False,MODERATE
020,1,2026-01-10 10:00:00,7.0,1.0,-0.3228571428571429,True,True,True,0.0,False,MILD
020,2,2026-01-10 11:00:00,61.38,1.0,-0.34769230769230774,True,False,True,0.0,False,MILD
020,3,2026-01-10 12:00:00,61.38,1.8,-0.35210526315789475,True,False,True,0.0,False,MILD
020,4,2026-01-10 13:00:00,61.38,3.0,-0.3708000000000001,True,False,True,0.0,False,MILD
020,5,2026-01-10 14:00:00,61.38,3.0,-0.3545161290322581,True,False,True,0.0,False,MILD
020,6,2026-01-10 15:00:00,61.38,3.0,-0.3586486486486487,True,False,True,0.0,False,MILD
020,7,2026-01-10 16:00:00,61.38,3.0,-0.3581395348837209,True,False,True,0.0,False,MILD
020,8,2026-01-10 17:00:00,61.38,3.0,-0.3628571428571428,True,False,True,0.0,False,MILD
020,9,2026-01-10 18:00:00,61.38,3.0,-0.3567346938775511,True,False,True,0.0,False,MILD
020,10,2026-01-10 19:00:00,355.36,3.0,-0.36346938775510207,True,False,True,0.0,False,MILD
020,11,2026-01-10 20:00:00,355.36,3.0,-0.3736734693877551,True,False,True,0.0,False,MILD
020,12,2026-01-10 21:00:00,355.36,2.0,-0.3791836734693877,True,False,True,0.05,False,MILD
020,13,2026-01-10 22:00:00,355.36,2.0,-0.3955102040816326,True,False,True,0.05,False,MILD
020,14,2026-01-10 23:00:00,355.36,2.0,-0.3981632653061225,True,False,True,0.05,False,MILD
020,15,2026-01-11 00:00:00,355.36,2.0,-0.40775510204081633,True,False,True,0.05,False,MILD
020,16,2026-01-11 01:00:00,355.36,1.5,-0.41163265306122443,True,False,True,0.05,False,MILD
020,17,2026-01-11 02:00:00,355.36,1.3,-0.42795918367346936,True,False,True,0.05,False,MILD
020,18,2026-01-11 03:00:00,323.42,0.6,-0.4304081632653061,True,False,True,0.05,False,MILD
020,19,2026-01-11 04:00:00,323.42,0.6,-0.43714285714285717,True,False,True,0.05,False,MILD
020,20,2026-01-11 05:00:00,323.42,0.6,-0.4473469387755102,True,False,True,0.05,False,MILD
020,21,2026-01-11 06:00:00,157.38,0.6,-0.45551020408163256,True,False,True,0.05,False,MILD
020,22,2026-01-11 07:00:00,157.38,0.6,-0.4651020408163265,True,False,True,0.05,False,MILD
020,23,2026-01-11 08:00:00,157.38,0.6,-0.4642857142857143,True,False,True,0.05,False,MILD
020,24,2026-01-11 09:00:00,3.14,0.6,-0.4726530612244898,True,True,False,0.05,False,MILD
020,25,2026-01-11 10:00:00,3.14,0.7,-0.4775510204081632,True,True,False,0.05,False,MILD
020,26,2026-01-11 11:00:00,3.14,0.7,-0.48632653061224496,True,True,False,0.05,False,MILD
020,27,2026-01-11 12:00:00,3.14,0.7,-0.47897959183673466,True,True,False,0.05,False,MILD
020,28,2026-01-11 13:00:00,3.14,0.7,-0.473469387755102,True,True,False,0.05,False,MILD
020,29,2026-01-11 14:00:00,3.14,0.7,-0.4716326530612244,True,True,False,0.05,False,MILD
020,30,2026-01-11 15:00:00,2.93,0.7,-0.4761224489795919,True,True,False,0.05,False,MILD
020,31,2026-01-11 16:00:00,53.37,0.7,-0.4881632653061224,True,False,True,0.05,False,MILD
020,32,2026-01-11 17:00:00,53.37,0.7,-0.49775510204081636,True,False,True,0.05,False,MILD
020,33,2026-01-11 18:00:00,53.37,0.7,-0.49346938775510196,True,False,True,0.05,False,MILD
020,34,2026-01-11 19:00:00,53.37,0.7,-0.5022448979591837,True,False,True,0.05,False,MILD
020,35,2026-01-11 20:00:00,53.37,0.7,-0.5093877551020408,True,False,True,0.05,False,MILD
020,36,2026-01-11 21:00:00,53.37,0.7,-0.5179591836734694,True,False,True,0.05,False,MILD
020,37,2026-01-11 22:00:00,53.37,0.7,-0.5171428571428571,True,False,True,0.05,False,MILD
020,38,2026-01-11 23:00:00,53.37,0.7,-0.5195918367346939,True,False,True,0.05,False,MILD
020,39,2026-01-12 00:00:00,2.59,0.7,-0.503265306122449,True,True,False,0.05,False,MILD
020,40,2026-01-12 01:00:00,2.59,0.7,-0.499795918367347,True,True,False,0.05,False,MILD
020,41,2026-01-12 02:00:00,2.59,0.7,-0.5020408163265306,True,True,False,0.05,False,MILD
020,42,2026-01-12 03:00:00,1.92,0.7,-0.5071428571428571,True,True,False,0.05,False,MILD
020,43,2026-01-12 04:00:00,5.37,0.7,-0.5044897959183674,True,True,False,0.05,False,MILD
020,44,2026-01-12 05:00:00,5.37,0.7,-0.5212244897959184,True,True,False,0.05,False,MILD
020,45,2026-01-12 06:00:00,5.37,0.6,-0.5440816326530613,True,True,False,0.05,False,MILD
020,46,2026-01-12 07:00:00,5.37,0.2,-0.5508163265306123,True,True,False,0.05,False,MILD
020,47,2026-01-12 08:00:00,5.37,0.2,-0.5644897959183673,True,True,False,0.05,False,MILD
020,48,2026-01-12 09:00:00,5.37,0.1,-0.583265306122449,True,True,False,0.05,False,MILD
020,49,2026-01-12 10:00:00,5.37,0.1,-0.5955102040816327,True,True,False,0.05,False,MILD
020,50,2026-01-12 11:00:00,5.37,0.1,-0.5951020408163266,True,True,False,0.05,False,MILD
020,51,2026-01-12 12:00:00,112.98,0.1,-0.5989795918367348,True,False,True,0.05,False,MILD
020,52,2026-01-12 13:00:00,112.98,0.1,-0.5804081632653062,True,False,True,0.05,False,MILD
020,53,2026-01-12 14:00:00,112.98,0.2,-0.57,True,False,True,0.05,False,MILD
020,54,2026-01-12 15:00:00,112.98,0.2,-0.5522448979591837,True,False,True,0.05,False,MILD
020,55,2026-01-12 16:00:00,112.98,0.2,-0.5318367346938776,True,False,True,0.05,False,MILD
020,56,2026-01-12 17:00:00,112.98,0.2,-0.5083673469387755,True,False,True,0.05,False,MILD
020,57,2026-01-12 18:00:00,112.98,0.2,-0.49102040816326536,True,False,True,0.05,False,MILD
020,58,2026-01-12 19:00:00,112.98,0.2,-0.48408163265306114,True,False,True,0.05,False,MILD
020,59,2026-01-12 20:00:00,1.43,0.2,-0.47306122448979593,True,True,False,0.05,False,MILD
020,60,2026-01-12 21:00:00,176.24,0.2,-0.4544897959183674,True,False,True,0.05,False,MILD
020,61,2026-01-12 22:00:00,176.24,0.2,-0.4410204081632653,True,False,True,0.05,False,MILD
020,62,2026-01-12 23:00:00,176.24,0.2,-0.4336734693877552,True,False,True,0.05,False,MILD
020,63,2026-01-13 00:00:00,176.24,0.2,-0.4377551020408163,True,False,True,0.05,False,MILD
020,64,2026-01-13 01:00:00,176.24,0.2,-0.4330612244897959,True,False,True,0.05,False,MILD
020,65,2026-01-13 02:00:00,176.24,0.2,-0.4269387755102041,True,False,True,0.05,False,MILD
020,66,2026-01-13 03:00:00,176.24,0.2,-0.4142857142857143,True,False,True,0.05,False,MILD
020,67,2026-01-13 04:00:00,176.24,0.2,-0.40448979591836737,True,False,True,0.05,False,MILD
020,68,2026-01-13 05:00:00,165.64,0.2,-0.40244897959183673,True,False,True,0.05,False,MILD
020,69,2026-01-13 06:00:00,136.54,0.2,-0.4004081632653061,True,False,True,0.05,False,MILD
020,70,2026-01-13 07:00:00,136.54,0.2,-0.40387755102040823,True,False,True,0.05,False,MILD
020,71,2026-01-13 08:00:00,136.54,0.2,-0.40877551020408165,True,False,True,0.05,False,MILD
020,72,2026-01-13 09:00:00,136.54,0.2,-0.42938775510204086,True,False,True,0.05,False,MILD
020,73,2026-01-13 10:00:00,136.54,0.2,-0.45530612244897956,True,False,True,0.05,False,MILD
020,74,2026-01-13 11:00:00,136.54,0.2,-0.4738775510204081,True,False,True,0.05,False,MILD
020,75,2026-01-13 12:00:00,136.54,0.2,-0.493265306122449,True,False,True,0.05,False,MILD
020,76,2026-01-13 13:00:00,43.91,0.2,-0.5148979591836734,True,False,True,0.05,False,MILD
020,77,2026-01-13 14:00:00,348.49,0.2,-0.536734693877551,True,False,True,0.05,False,MILD
020,78,2026-01-13 15:00:00,348.49,0.2,-0.5544897959183673,True,False,True,0.05,False,MILD
020,79,2026-01-13 16:00:00,348.49,0.2,-0.5689795918367346,True,False,True,0.05,False,MILD
020,80,2026-01-13 17:00:00,348.49,0.2,-0.5663265306122449,True,False,True,0.05,False,MILD
020,81,2026-01-13 18:00:00,348.49,0.2,-0.5599999999999999,True,False,True,0.05,False,MILD
020,82,2026-01-13 19:00:00,348.49,0.2,-0.5626530612244899,True,False,True,0.05,False,MILD
020,83,2026-01-13 20:00:00,348.49,0.2,-0.5618367346938776,True,False,True,0.05,False,MILD
020,84,2026-01-13 21:00:00,348.49,0.2,-0.5583673469387755,True,False,True,0.05,False,MILD
020,85,2026-01-13 22:00:00,1.57,0.2,-0.56,True,True,True,0.05,False,MILD
020,86,2026-01-13 23:00:00,1.57,0.2,-0.556734693877551,True,True,True,0.05,False,MILD
020,87,2026-01-14 00:00:00,1.57,0.2,-0.5524489795918368,True,True,True,0.05,False,MILD
020,88,2026-01-14 01:00:00,338.48,0.1,-0.5326530612244899,True,False,True,0.05,False,MILD
020,89,2026-01-14 02:00:00,338.48,0.2,-0.5220408163265307,True,False,True,0.05,False,MILD
020,90,2026-01-14 03:00:00,338.48,0.2,-0.5106122448979592,True,False,True,0.05,False,MILD
020,91,2026-01-14 04:00:00,338.48,0.2,-0.4806122448979593,True,False,True,0.05,False,MILD
020,92,2026-01-14 05:00:00,338.48,0.2,-0.4648979591836735,True,False,True,0.05,False,MILD
020,93,2026-01-14 06:00:00,338.48,0.2,-0.4473469387755102,True,False,True,0.05,False,MILD
020,94,2026-01-14 07:00:00,338.48,0.2,-0.4246938775510204,True,False,True,0.05,False,MILD
020,95,2026-01-14 08:00:00,338.48,0.2,-0.4167346938775511,True,False,True,0.05,False,MILD
020,96,2026-01-14 09:00:00,134.9,0.2,-0.4077551020408163,True,False,True,0.05,False,MILD
020,97,2026-01-14 10:00:00,134.9,0.2,-0.3955102040816326,True,False,True,0.05,False,MILD
020,98,2026-01-14 11:00:00,134.9,0.2,-0.3828571428571429,True,False,True,0.05,False,MILD
020,99,2026-01-14 12:00:00,134.9,0.2,-0.3816326530612244,True,False,True,0.05,False,MILD
020,100,2026-01-14 13:00:00,1.81,0.2,-0.3889795918367347,True,True,True,0.05,False,MILD
020,101,2026-01-14 14:00:00,1.24,0.2,-0.38346938775510203,True,True,True,0.05,False,MILD
020,102,2026-01-14 15:00:00,1.24,0.2,-0.38244897959183677,True,True,True,0.05,True,MILD
020,103,2026-01-14 16:00:00,1.24,0.2,-0.37612244897959185,True,True,True,0.05,False,MILD
020,104,2026-01-14 17:00:00,1.24,0.2,-0.3638775510204082,True,True,True,0.05,False,MILD
020,105,2026-01-14 18:00:00,1.51,0.2,-0.36571428571428577,True,True,True,0.05,False,MILD
020,106,2026-01-14 19:00:00,1.55,0.2,-0.3642857142857143,True,True,True,0.05,False,MILD
020,107,2026-01-14 20:00:00,1.55,0.2,-0.37020408163265306,True,True,True,0.05,False,MILD
020,108,2026-01-14 21:00:00,87.3,0.2,-0.36469387755102034,True,False,True,0.05,False,MILD
020,109,2026-01-14 22:00:00,87.3,0.2,-0.370204081632653,True,False,True,0.05,False,MILD
020,110,2026-01-14 23:00:00,87.3,0.1,-0.3708163265306123,True,False,True,0.05,False,MILD
020,111,2026-01-15 00:00:00,87.3,0.3,-0.3685714285714286,True,False,True,0.05,False,MILD
020,112,2026-01-15 01:00:00,87.3,0.3,-0.37346938775510197,True,False,True,0.05,False,MILD
020,113,2026-01-15 02:00:00,87.3,0.3,-0.3777551020408163,True,False,True,0.05,False,MILD
021,1,2026-05-10 05:00:00,7.9,1.9,0.14714285714285716,False,False,True,0.0,False,MILD
021,2,2026-05-10 06:00:00,7.9,2.4,0.1684615384615385,False,False,True,0.0,False,MILD
021,3,2026-05-10 07:00:00,7.9,2.4,0.15368421052631576,False,False,True,0.0,False,MILD
021,4,2026-05-10 08:00:00,130.31,2.4,0.17600000000000002,False,False,True,0.0,False,MILD
021,5,2026-05-10 09:00:00,130.31,2.4,0.18516129032258066,False,False,True,0.0,False,MILD
021,6,2026-05-10 10:00:00,130.31,2.4,0.20027027027027028,False,False,True,0.0,False,MILD
021,7,2026-05-10 11:00:00,130.31,2.4,0.20046511627906974,False,False,True,0.0,False,MILD
021,8,2026-05-10 12:00:00,130.31,2.4,0.1995918367346939,False,False,True,0.0,False,MILD
021,9,2026-05-10 13:00:00,130.31,2.4,0.21285714285714286,False,False,True,0.0,False,MILD
021,10,2026-05-10 14:00:00,130.31,2.4,0.21857142857142856,False,False,True,0.0,False,MILD
021,11,2026-05-10 15:00:00,310.33,2.1,0.23510204081632652,False,False,True,0.0,False,MILD
021,12,2026-05-10 16:00:00,310.33,0.7,0.24244897959183676,False,False,True,0.05,False,MILD
021,13,2026-05-10 17:00:00,310.33,0.7,0.2442857142857143,False,False,True,0.05,False,MILD
021,14,2026-05-10 18:00:00,310.33,0.7,0.22979591836734697,False,False,True,0.05,False,MILD
021,15,2026-05-10 19:00:00,310.33,0.8,0.2216326530612245,False,False,True,0.05,False,MILD
021,16,2026-05-10 20:00:00,310.33,0.8,0.2193877551020408,False,False,True,0.05,False,MILD
021,17,2026-05-10 21:00:00,310.33,0.8,0.20571428571428568,False,False,True,0.05,False,MILD
021,18,2026-05-10 22:00:00,310.33,0.8,0.19632653061224492,False,False,True,0.05,False,MILD
021,19,2026-05-10 23:00:00,310.33,0.8,0.1855102040816326,False,False,True,0.05,False,MILD
021,20,2026-05-11 00:00:00,177.79,0.8,0.16693877551020408,False,False,True,0.05,False,MILD
021,21,2026-05-11 01:00:00,277.47,0.8,0.14755102040816329,False,False,True,0.05,False,MILD
021,22,2026-05-11 02:00:00,277.47,0.8,0.1389795918367347,False,False,True,0.05,False,MILD
021,23,2026-05-11 03:00:00,277.47,0.2,0.1389795918367347,False,False,True,0.05,False,MILD
021,24,2026-05-11 04:00:00,277.47,0.2,0.13591836734693877,False,False,True,0.05,False,MILD
021,25,2026-05-11 05:00:00,277.47,0.2,0.1326530612244898,False,False,True,0.05,False,MILD
021,26,2026-05-11 06:00:00,277.47,0.2,0.1353061224489796,False,False,True,0.05,False,MILD
021,27,2026-05-11 07:00:00,277.47,0.2,0.146734693877551,False,False,True,0.05,False,MILD
021,28,2026-05-11 08:00:00,277.47,0.2,0.16,False,False,True,0.05,False,MILD
021,29,2026-05-11 09:00:00,80.34,0.2,0.16306122448979593,False,False,True,0.05,False,MILD
021,30,2026-05-11 10:00:00,80.34,0.2,0.17163265306122447,False,False,True,0.05,False,MILD
021,31,2026-05-11 11:00:00,80.34,0.2,0.18346938775510205,False,False,True,0.05,False,MILD
021,32,2026-05-11 12:00:00,80.34,0.2,0.18571428571428572,False,False,True,0.05,False,MILD
021,33,2026-05-11 13:00:00,80.34,0.1,0.1989795918367347,False,False,True,0.05,False,MILD
021,34,2026-05-11 14:00:00,104.98,0.1,0.19285714285714287,False,False,True,0.05,False,MILD
021,35,2026-05-11 15:00:00,299.71,0.2,0.1648979591836735,False,False,True,0.05,False,MILD
021,36,2026-05-11 16:00:00,299.71,0.2,0.1453061224489796,False,False,True,0.05,False,MILD
021,37,2026-05-11 17:00:00,299.71,0.2,0.13755102040816328,False,False,True,0.05,False,MILD
021,38,2026-05-11 18:00:00,299.71,0.2,0.12489795918367347,False,False,True,0.05,False,MILD
021,39,2026-05-11 19:00:00,299.71,0.2,0.11183673469387755,False,False,True,0.05,False,MILD
021,40,2026-05-11 20:00:00,299.71,0.2,0.09938775510204081,False,False,True,0.05,False,MILD
021,41,2026-05-11 21:00:00,299.71,0.2,0.08469387755102041,False,False,True,0.05,False,MILD
021,42,2026-05-11 22:00:00,299.71,0.2,0.07938775510204081,False,False,True,0.05,False,MILD
021,43,2026-05-11 23:00:00,1.49,0.2,0.08489795918367347,False,False,True,0.05,False,MILD
022,1,2026-05-02 19:00:00,2.79,1.0,-0.5042857142857142,True,True,True,0.0,False,MILD
022,2,2026-05-02 20:00:00,5.63,1.6,-0.519230769230769,True,True,True,0.0,False,MILD
022,3,2026-05-02 21:00:00,5.63,1.9,-0.5168421052631579,True,True,True,0.0,False,MILD
022,4,2026-05-02 22:00:00,5.7,1.9,-0.5276,True,True,True,0.0,False,MILD
022,5,2026-05-02 23:00:00,5.7,1.9,-0.5251612903225805,True,True,True,0.0,False,MILD
022,6,2026-05-03 00:00:00,7.19,1.9,-0.547027027027027,True,True,True,0.0,False,MILD
022,7,2026-05-03 01:00:00,7.19,1.9,-0.5553488372093024,True,True,True,0.0,False,MILD
022,8,2026-05-03 02:00:00,7.19,1.9,-0.5620408163265307,True,True,True,0.0,False,MILD
022,9,2026-05-03 03:00:00,7.19,1.9,-0.5804081632653062,True,True,True,0.0,False,MILD
022,10,2026-05-03 04:00:00,7.19,1.9,-0.5875510204081632,True,True,True,0.0,False,MILD
022,11,2026-05-03 05:00:00,29.8,1.9,-0.5893877551020408,True,False,True,0.0,False,MILD
022,12,2026-05-03 06:00:00,36.8,0.5,-0.5940816326530612,True,False,True,0.05,False,MILD
022,13,2026-05-03 07:00:00,36.8,0.5,-0.6030612244897959,True,False,True,0.05,False,MILD
022,14,2026-05-03 08:00:00,157.16,0.5,-0.600204081632653,True,False,True,0.05,False,MILD
022,15,2026-05-03 09:00:00,157.16,0.5,-0.6055102040816327,True,False,True,0.05,False,MILD
022,16,2026-05-03 10:00:00,157.16,0.5,-0.6020408163265306,True,False,True,0.05,False,MILD
022,17,2026-05-03 11:00:00,157.16,0.5,-0.5997959183673469,True,False,True,0.05,False,MILD
022,18,2026-05-03 12:00:00,293.59,0.4,-0.5879591836734694,True,False,True,0.05,False,MILD
022,19,2026-05-03 13:00:00,293.59,0.4,-0.5857142857142857,True,False,True,0.05,False,MILD
022,20,2026-05-03 14:00:00,293.59,0.3,-0.5722448979591837,True,False,True,0.05,False,MILD
022,21,2026-05-03 15:00:00,293.59,0.3,-0.556530612244898,True,False,True,0.05,False,MILD
022,22,2026-05-03 16:00:00,293.59,0.3,-0.5406122448979592,True,False,True,0.05,False,MILD
022,23,2026-05-03 17:00:00,293.59,0.3,-0.5126530612244898,True,False,True,0.05,False,MILD
022,24,2026-05-03 18:00:00,293.59,0.2,-0.48612244897959184,True,False,True,0.05,False,MILD
022,25,2026-05-03 19:00:00,293.59,0.2,-0.45918367346938777,True,False,True,0.05,False,MILD
022,26,2026-05-03 20:00:00,97.19,0.2,-0.4412244897959184,True,False,True,0.05,False,MILD
022,27,2026-05-03 21:00:00,97.19,0.2,-0.41693877551020414,True,False,True,0.05,False,MILD
022,28,2026-05-03 22:00:00,97.19,0.2,-0.3995918367346939,True,False,True,0.05,False,MILD
022,29,2026-05-03 23:00:00,36.64,0.2,-0.3791836734693877,True,False,True,0.05,False,MILD
022,30,2026-05-04 00:00:00,94.48,0.2,-0.36857142857142855,True,False,True,0.05,False,MILD
022,31,2026-05-04 01:00:00,94.48,0.2,-0.3642857142857143,True,False,True,0.05,False,MILD
022,32,2026-05-04 02:00:00,94.48,0.2,-0.3663265306122449,True,False,True,0.05,False,MILD
022,33,2026-05-04 03:00:00,94.48,0.2,-0.36836734693877554,True,False,True,0.05,False,MILD
022,34,2026-05-04 04:00:00,94.48,0.2,-0.3828571428571429,True,False,True,0.05,False,MILD
022,35,2026-05-04 05:00:00,94.48,0.2,-0.39734693877551025,True,False,True,0.05,False,MILD
022,36,2026-05-04 06:00:00,94.48,0.2,-0.41673469387755097,True,False,True,0.05,False,MILD
023,1,2026-05-26 01:00:00,4.81,2.0,-0.2928571428571428,True,True,True,0.0,False,MILD
023,2,2026-05-26 02:00:00,50.15,2.0,-0.27384615384615385,True,False,True,0.0,False,MILD
023,3,2026-05-26 03:00:00,50.15,2.7,-0.27684210526315794,True,False,True,0.0,False,MILD
023,4,2026-05-26 04:00:00,50.15,2.7,-0.27,True,False,True,0.0,False,MILD
023,5,2026-05-26 05:00:00,50.15,2.7,-0.2793548387096774,True,False,True,0.0,False,MILD
023,6,2026-05-26 06:00:00,50.15,2.7,-0.2805405405405406,True,False,True,0.0,False,MILD
023,7,2026-05-26 07:00:00,50.15,2.7,-0.2755813953488373,True,False,True,0.0,False,MILD
023,8,2026-05-26 08:00:00,50.15,2.7,-0.28285714285714286,True,False,True,0.0,False,MILD
023,9,2026-05-26 09:00:00,50.15,2.7,-0.2689795918367347,True,False,True,0.0,False,MILD
023,10,2026-05-26 10:00:00,50.15,2.7,-0.2640816326530612,True,False,True,0.0,False,MILD
023,11,2026-05-26 11:00:00,30.17,1.4,-0.24653061224489797,True,False,True,0.0,False,MILD
023,12,2026-05-26 12:00:00,30.17,1.4,-0.23285714285714282,True,False,True,0.05,False,MILD
023,13,2026-05-26 13:00:00,30.17,1.4,-0.2120408163265306,True,False,True,0.05,False,MILD
023,14,2026-05-26 14:00:00,17.71,1.4,-0.193265306122449,True,False,True,0.05,False,MILD
023,15,2026-05-26 15:00:00,3.69,1.4,-0.18551020408163266,True,True,False,0.05,False,MILD
023,16,2026-05-26 16:00:00,3.16,0.8,-0.16612244897959186,True,True,False,0.05,False,MILD
023,17,2026-05-26 17:00:00,3.16,0.7,-0.15040816326530612,True,True,False,0.05,False,MILD
023,18,2026-05-26 18:00:00,3.16,0.7,-0.14285714285714285,True,True,False,0.05,False,MILD
023,19,2026-05-26 19:00:00,3.16,0.7,-0.14408163265306123,True,True,False,0.05,False,MILD
023,20,2026-05-26 20:00:00,3.16,0.7,-0.1410204081632653,True,True,False,0.05,False,MILD
023,21,2026-05-26 21:00:00,3.16,0.5,-0.14591836734693878,True,True,False,0.05,False,MILD
023,22,2026-05-26 22:00:00,3.16,0.5,-0.14959183673469387,True,True,False,0.05,False,MILD
023,23,2026-05-26 23:00:00,3.16,0.6,-0.15040816326530612,True,True,False,0.05,False,MILD
023,24,2026-05-27 00:00:00,3.09,0.6,-0.1463265306122449,True,True,False,0.05,False,MILD
023,25,2026-05-27 01:00:00,350.47,0.6,-0.1548979591836735,True,False,True,0.05,False,MILD
023,26,2026-05-27 02:00:00,350.47,0.6,-0.16183673469387755,True,False,True,0.05,False,MILD
023,27,2026-05-27 03:00:00,350.47,0.6,-0.1573469387755102,True,False,True,0.05,False,MILD
023,28,2026-05-27 04:00:00,350.47,0.6,-0.15938775510204084,True,False,True,0.05,False,MILD
023,29,2026-05-27 05:00:00,350.47,0.6,-0.1546938775510204,True,False,True,0.05,False,MILD
023,30,2026-05-27 06:00:00,350.47,0.6,-0.13734693877551019,True,False,True,0.05,False,MILD
023,31,2026-05-27 07:00:00,350.47,0.6,-0.12775510204081633,True,False,True,0.05,False,MILD
023,32,2026-05-27 08:00:00,350.47,0.6,-0.12244897959183673,True,False,True,0.05,False,MILD
023,33,2026-05-27 09:00:00,350.47,0.6,-0.11081632653061224,True,False,True,0.05,False,MILD
023,34,2026-05-27 10:00:00,2.59,0.6,-0.09714285714285714,True,True,False,0.05,False,MILD
023,35,2026-05-27 11:00:00,11.08,0.6,-0.08408163265306123,True,False,True,0.05,False,MILD
023,36,2026-05-27 12:00:00,11.08,0.2,-0.07408163265306122,True,False,True,0.05,False,MILD
023,37,2026-05-27 13:00:00,11.08,0.2,-0.0626530612244898,True,False,True,0.05,False,MILD
023,38,2026-05-27 14:00:00,11.08,0.2,-0.06714285714285714,True,False,True,0.05,False,MILD
023,39,2026-05-27 15:00:00,11.08,0.2,-0.05102040816326531,True,False,True,0.05,False,MILD
023,40,2026-05-27 16:00:00,11.08,0.2,-0.03306122448979592,True,False,True,0.05,False,MILD
023,41,2026-05-27 17:00:00,11.08,0.2,-0.02224489795918367,True,False,True,0.05,False,MILD
023,42,2026-05-27 18:00:00,11.08,0.2,-0.004489795918367345,True,False,True,0.05,False,MILD
023,43,2026-05-27 19:00:00,1.68,0.2,-0.001428571428571429,True,True,False,0.05,False,MILD
023,44,2026-05-27 20:00:00,60.47,0.2,0.002653061224489797,False,False,True,0.05,False,MILD
023,45,2026-05-27 21:00:00,60.47,0.2,0.026122448979591838,False,False,True,0.05,False,MILD
023,46,2026-05-27 22:00:00,60.47,0.2,0.04857142857142858,False,False,True,0.05,False,MILD
023,47,2026-05-27 23:00:00,326.12,0.2,0.05877551020408163,False,False,True,0.05,False,MILD
023,48,2026-05-28 00:00:00,326.12,0.2,0.06816326530612245,False,False,True,0.05,False,MILD
023,49,2026-05-28 01:00:00,326.12,0.2,0.07918367346938775,False,False,True,0.05,False,MILD
023,50,2026-05-28 02:00:00,326.12,0.2,0.09408163265306123,False,False,True,0.05,False,MILD
023,51,2026-05-28 03:00:00,326.12,0.2,0.11346938775510206,False,False,True,0.05,False,MILD
023,52,2026-05-28 04:00:00,326.12,0.2,0.13061224489795917,False,False,True,0.05,False,MILD
023,53,2026-05-28 05:00:00,326.12,0.2,0.14714285714285716,False,False,True,0.05,False,MILD
023,54,2026-05-28 06:00:00,326.12,0.2,0.14653061224489797,False,False,True,0.05,False,MILD
023,55,2026-05-28 07:00:00,277.3,0.2,0.15244897959183676,False,False,True,0.05,False,MILD
023,56,2026-05-28 08:00:00,277.3,0.2,0.15857142857142859,False,False,True,0.05,False,MILD
023,57,2026-05-28 09:00:00,277.3,0.2,0.1736734693877551,False,False,True,0.05,False,MILD
023,58,2026-05-28 10:00:00,277.3,0.2,0.1816326530612245,False,False,True,0.05,False,MILD
023,59,2026-05-28 11:00:00,277.3,0.2,0.18816326530612246,False,False,True,0.05,False,MILD
023,60,2026-05-28 12:00:00,156.11,0.2,0.19693877551020408,False,False,True,0.05,False,MILD
023,61,2026-05-28 13:00:00,156.11,0.2,0.1979591836734694,False,False,True,0.05,False,MILD
023,62,2026-05-28 14:00:00,39.96,0.2,0.21020408163265308,False,False,True,0.05,False,MILD
023,63,2026-05-28 15:00:00,39.96,0.2,0.21734693877551017,False,False,True,0.05,False,MILD
023,64,2026-05-28 16:00:00,224.65,0.2,0.23224489795918368,False,False,True,0.05,False,MILD
023,65,2026-05-28 17:00:00,224.65,0.2,0.24918367346938777,False,False,True,0.05,False,MILD
023,66,2026-05-28 18:00:00,224.65,0.2,0.24714285714285714,False,False,True,0.05,False,MILD
023,67,2026-05-28 19:00:00,224.65,0.2,0.23979591836734693,False,False,True,0.05,False,MILD
023,68,2026-05-28 20:00:00,224.65,0.2,0.2463265306122449,False,False,True,0.05,False,MILD
023,69,2026-05-28 21:00:00,224.65,0.2,0.2518367346938776,False,False,True,0.05,False,MILD
023,70,2026-05-28 22:00:00,224.65,0.2,0.25469387755102035,False,False,True,0.05,False,MILD
023,71,2026-05-28 23:00:00,224.65,0.2,0.25326530612244896,False,False,True,0.05,False,MILD
023,72,2026-05-29 00:00:00,1.25,0.2,0.2512244897959183,False,False,True,0.05,False,MILD
023,73,2026-05-29 01:00:00,1.25,0.2,0.24346938775510205,False,False,True,0.05,False,MILD
023,74,2026-05-29 02:00:00,380.77,0.2,0.2387755102040816,False,False,True,0.05,False,MILD
023,75,2026-05-29 03:00:00,380.77,0.2,0.24938775510204084,False,False,True,0.05,False,MILD
023,76,2026-05-29 04:00:00,380.77,0.2,0.24326530612244895,False,False,True,0.05,False,MILD
023,77,2026-05-29 05:00:00,380.77,0.2,0.2383673469387755,False,False,True,0.05,False,MILD
023,78,2026-05-29 06:00:00,380.77,0.2,0.23795918367346938,False,False,True,0.05,False,MILD
023,79,2026-05-29 07:00:00,380.77,0.2,0.23183673469387758,False,False,True,0.05,False,MILD
024,1,2026-02-07 14:00:00,3.39,2.9,-0.31857142857142856,True,True,True,0.0,False,MILD
024,2,2026-02-07 15:00:00,3.39,2.9,-0.2730769230769231,True,True,True,0.0,False,MILD
024,3,2026-02-07 16:00:00,3.39,2.9,-0.26526315789473687,True,True,True,0.0,False,MILD
024,4,2026-02-07 17:00:00,3.43,2.9,-0.2888,True,True,False,0.0,False,MILD
024,5,2026-02-07 18:00:00,4.07,2.9,-0.3051612903225807,True,True,False,0.0,False,MILD
024,6,2026-02-07 19:00:00,93.3,2.9,-0.30162162162162165,True,False,True,0.0,False,MILD
024,7,2026-02-07 20:00:00,93.3,2.9,-0.30372093023255814,True,False,True,0.0,False,MILD
024,8,2026-02-07 21:00:00,93.3,2.9,-0.3046938775510204,True,False,True,0.0,False,MILD
024,9,2026-02-07 22:00:00,93.3,3.2,-0.30306122448979594,True,False,True,0.0,False,MILD
024,10,2026-02-07 23:00:00,93.3,3.2,-0.3122448979591837,True,False,True,0.0,False,MILD
024,11,2026-02-08 00:00:00,93.3,3.2,-0.3348979591836735,True,False,True,0.0,False,MILD
024,12,2026-02-08 01:00:00,93.3,3.2,-0.33836734693877546,True,False,True,0.05,False,MILD
024,13,2026-02-08 02:00:00,93.3,3.2,-0.34122448979591835,True,False,True,0.05,False,MILD
024,14,2026-02-08 03:00:00,15.07,3.2,-0.35244897959183674,True,False,True,0.05,False,MILD
024,15,2026-02-08 04:00:00,15.07,3.2,-0.3638775510204082,True,False,True,0.05,False,MILD
024,16,2026-02-08 05:00:00,17.12,3.2,-0.37204081632653063,True,False,True,0.05,False,MILD
024,17,2026-02-08 06:00:00,17.12,2.4,-0.3812244897959184,True,False,True,0.05,False,MILD
024,18,2026-02-08 07:00:00,17.12,1.5,-0.4006122448979592,True,False,True,0.05,False,MILD
024,19,2026-02-08 08:00:00,17.12,0.7,-0.39591836734693875,True,False,True,0.05,False,MILD
024,20,2026-02-08 09:00:00,48.64,0.7,-0.3983673469387754,True,False,True,0.05,False,MILD
024,21,2026-02-08 10:00:00,48.64,0.7,-0.39877551020408153,True,False,True,0.05,False,MILD
024,22,2026-02-08 11:00:00,48.64,0.6,-0.4,True,False,True,0.05,False,MILD
024,23,2026-02-08 12:00:00,88.81,0.6,-0.39163265306122447,True,False,True,0.05,False,MILD
024,24,2026-02-08 13:00:00,88.81,0.6,-0.39306122448979597,True,False,True,0.05,False,MILD
024,25,2026-02-08 14:00:00,88.81,0.5,-0.3979591836734694,True,False,True,0.05,False,MILD
024,26,2026-02-08 15:00:00,288.89,0.5,-0.4036734693877551,True,False,True,0.05,False,MILD
024,27,2026-02-08 16:00:00,288.89,0.5,-0.40775510204081633,True,False,True,0.05,False,MILD
024,28,2026-02-08 17:00:00,288.89,0.5,-0.41653061224489796,True,False,True,0.05,False,MILD
024,29,2026-02-08 18:00:00,288.89,0.5,-0.43265306122448977,True,False,True,0.05,False,MILD
024,30,2026-02-08 19:00:00,288.89,0.5,-0.44346938775510203,True,False,True,0.05,False,MILD
024,31,2026-02-08 20:00:00,288.89,0.5,-0.4620408163265306,True,False,True,0.05,False,MILD
024,32,2026-02-08 21:00:00,288.89,0.5,-0.476734693877551,True,False,True,0.05,False,MILD
024,33,2026-02-08 22:00:00,288.89,0.6,-0.4922448979591837,True,False,True,0.05,False,MILD
024,34,2026-02-08 23:00:00,103.05,0.6,-0.5,True,False,True,0.05,False,MILD
024,35,2026-02-09 00:00:00,151.65,0.6,-0.5020408163265306,True,False,True,0.05,False,MILD
024,36,2026-02-09 01:00:00,151.65,0.6,-0.5014285714285714,True,False,True,0.05,False,MILD
024,37,2026-02-09 02:00:00,151.65,0.6,-0.4957142857142857,True,False,True,0.05,False,MILD
024,38,2026-02-09 03:00:00,151.65,0.6,-0.49306122448979595,True,False,True,0.05,False,MILD
024,39,2026-02-09 04:00:00,151.65,0.6,-0.4887755102040816,True,False,True,0.05,False,MILD
024,40,2026-02-09 05:00:00,151.65,0.6,-0.48142857142857143,True,False,True,0.05,False,MILD
024,41,2026-02-09 06:00:00,151.65,0.6,-0.48040816326530617,True,False,True,0.05,False,MILD
024,42,2026-02-09 07:00:00,151.65,0.6,-0.480204081632653,True,False,True,0.05,False,MILD
024,43,2026-02-09 08:00:00,72.12,0.6,-0.48489795918367345,True,False,True,0.05,False,MILD
024,44,2026-02-09 09:00:00,72.12,0.6,-0.49408163265306126,True,False,True,0.05,False,MILD
024,45,2026-02-09 10:00:00,72.12,0.6,-0.5008163265306123,True,False,True,0.05,False,MILD
024,46,2026-02-09 11:00:00,72.12,0.6,-0.5091836734693878,True,False,True,0.05,False,MILD
024,47,2026-02-09 12:00:00,405.76,0.6,-0.51,True,False,True,0.05,False,MILD
024,48,2026-02-09 13:00:00,405.76,0.2,-0.5202040816326531,True,False,True,0.05,False,MILD
024,49,2026-02-09 14:00:00,405.76,0.2,-0.5159183673469387,True,False,True,0.05,False,MILD
024,50,2026-02-09 15:00:00,405.76,0.2,-0.5071428571428571,True,False,True,0.05,False,MILD
024,51,2026-02-09 16:00:00,405.76,0.2,-0.5016326530612245,True,False,True,0.05,False,MILD
024,52,2026-02-09 17:00:00,405.76,0.2,-0.4904081632653061,True,False,True,0.05,False,MILD
024,53,2026-02-09 18:00:00,405.76,0.2,-0.4753061224489796,True,False,True,0.05,False,MILD
024,54,2026-02-09 19:00:00,405.76,0.2,-0.4685714285714286,True,False,True,0.05,False,MILD
024,55,2026-02-09 20:00:00,405.76,0.2,-0.4655102040816327,True,False,True,0.05,False,MILD
024,56,2026-02-09 21:00:00,1.82,0.2,-0.45795918367346933,True,True,False,0.05,False,MILD
024,57,2026-02-09 22:00:00,1.82,0.2,-0.47081632653061223,True,True,False,0.05,False,MILD
024,58,2026-02-09 23:00:00,1.82,0.2,-0.4779591836734694,True,True,False,0.05,False,MILD
024,59,2026-02-10 00:00:00,1.82,0.2,-0.4885714285714286,True,True,False,0.05,False,MILD
024,60,2026-02-10 01:00:00,1.82,0.2,-0.5022448979591837,True,True,False,0.05,False,MILD
024,61,2026-02-10 02:00:00,391.63,0.2,-0.5173469387755102,True,False,True,0.05,False,MILD
024,62,2026-02-10 03:00:00,391.63,0.2,-0.5304081632653062,True,False,True,0.05,False,MILD
024,63,2026-02-10 04:00:00,391.63,0.2,-0.536530612244898,True,False,True,0.05,False,MILD
024,64,2026-02-10 05:00:00,391.63,0.2,-0.5395918367346939,True,False,True,0.05,False,MILD
024,65,2026-02-10 06:00:00,391.63,0.2,-0.5332653061224489,True,False,True,0.05,False,MILD
024,66,2026-02-10 07:00:00,391.63,0.2,-0.520408163265306,True,False,True,0.05,False,MILD
024,67,2026-02-10 08:00:00,391.63,0.2,-0.5279591836734694,True,False,True,0.05,False,MILD
024,68,2026-02-10 09:00:00,391.63,0.2,-0.5285714285714286,True,False,True,0.05,False,MILD
024,69,2026-02-10 10:00:00,391.63,0.2,-0.5277551020408163,True,False,True,0.05,False,MILD
024,70,2026-02-10 11:00:00,192.1,0.2,-0.5328571428571428,True,False,True,0.05,False,MILD
024,71,2026-02-10 12:00:00,192.1,0.2,-0.5383673469387755,True,False,True,0.05,False,MILD
024,72,2026-02-10 13:00:00,192.1,0.2,-0.5516326530612246,True,False,True,0.05,False,MILD
024,73,2026-02-10 14:00:00,192.1,0.2,-0.5606122448979591,True,False,True,0.05,False,MILD
024,74,2026-02-10 15:00:00,192.1,0.2,-0.583469387755102,True,False,True,0.05,False,MILD
024,75,2026-02-10 16:00:00,106.53,0.2,-0.5893877551020408,True,False,True,0.05,False,MILD
024,76,2026-02-10 17:00:00,106.53,0.2,-0.5830612244897959,True,False,True,0.05,False,MILD
024,77,2026-02-10 18:00:00,106.53,0.2,-0.5810204081632653,True,False,True,0.05,False,MILD
024,78,2026-02-10 19:00:00,106.53,0.2,-0.5781632653061224,True,False,True,0.05,False,MILD
024,79,2026-02-10 20:00:00,106.53,0.2,-0.5685714285714285,True,False,True,0.05,False,MILD
024,80,2026-02-10 21:00:00,106.53,0.2,-0.5553061224489796,True,False,True,0.05,False,MILD
024,81,2026-02-10 22:00:00,106.53,0.2,-0.5353061224489796,True,False,True,0.05,False,MILD
024,82,2026-02-10 23:00:00,106.53,0.2,-0.509795918367347,True,False,True,0.05,False,MILD
024,83,2026-02-11 00:00:00,1.28,0.2,-0.48224489795918374,True,True,True,0.05,False,MILD
024,84,2026-02-11 01:00:00,1.28,0.2,-0.4677551020408164,True,True,True,0.05,False,MILD
024,85,2026-02-11 02:00:00,14.41,0.2,-0.4573469387755102,True,False,True,0.05,False,MILD
024,86,2026-02-11 03:00:00,14.41,0.2,-0.44265306122448983,True,False,True,0.05,False,MILD
024,87,2026-02-11 04:00:00,14.41,0.2,-0.42857142857142855,True,False,True,0.05,False,MILD
024,88,2026-02-11 05:00:00,14.41,0.2,-0.41918367346938773,True,False,True,0.05,False,MILD
024,89,2026-02-11 06:00:00,14.41,0.2,-0.4106122448979592,True,False,True,0.05,False,MILD
024,90,2026-02-11 07:00:00,14.41,0.2,-0.4008163265306123,True,False,True,0.05,False,MILD
024,91,2026-02-11 08:00:00,14.41,0.2,-0.3893877551020409,True,False,True,0.05,False,MILD
024,92,2026-02-11 09:00:00,14.41,0.2,-0.3763265306122449,True,False,True,0.05,False,MILD
024,93,2026-02-11 10:00:00,2.1,0.2,-0.3677551020408163,True,True,True,0.05,False,MILD
024,94,2026-02-11 11:00:00,2.1,0.2,-0.35469387755102044,True,True,True,0.05,False,MILD
024,95,2026-02-11 12:00:00,2.1,0.2,-0.3522448979591837,True,True,True,0.05,False,MILD
024,96,2026-02-11 13:00:00,2.1,0.2,-0.3485714285714286,True,True,True,0.05,False,MILD
024,97,2026-02-11 14:00:00,85.33,0.2,-0.3446938775510205,True,False,True,0.05,False,MILD
024,98,2026-02-11 15:00:00,85.33,0.2,-0.34224489795918367,True,False,True,0.05,False,MILD
024,99,2026-02-11 16:00:00,85.33,0.2,-0.34591836734693876,True,False,True,0.05,False,MILD
024,100,2026-02-11 17:00:00,85.33,0.2,-0.34959183673469385,True,False,True,0.05,False,MILD
024,101,2026-02-11 18:00:00,85.33,0.2,-0.35122448979591847,True,False,True,0.05,False,MILD
024,102,2026-02-11 19:00:00,85.33,0.2,-0.3355102040816327,True,False,True,0.05,False,MILD
024,103,2026-02-11 20:00:00,85.33,0.2,-0.3193877551020408,True,False,True,0.05,False,MILD
024,104,2026-02-11 21:00:00,85.33,0.2,-0.30877551020408167,True,False,True,0.05,False,MILD
024,105,2026-02-11 22:00:00,1.57,0.2,-0.3012244897959184,True,True,True,0.05,False,MILD
024,106,2026-02-11 23:00:00,1.65,0.2,-0.2802040816326531,True,True,True,0.05,False,MILD
024,107,2026-02-12 00:00:00,1.65,0.2,-0.260204081632653,True,True,True,0.05,False,MILD
024,108,2026-02-12 01:00:00,1.65,0.2,-0.23244897959183672,True,True,True,0.05,False,MILD
024,109,2026-02-12 02:00:00,1.65,0.2,-0.20877551020408164,True,True,True,0.05,False,MILD
024,110,2026-02-12 03:00:00,1.65,0.2,-0.19775510204081637,True,True,True,0.05,False,MILD
024,111,2026-02-12 04:00:00,1.65,0.2,-0.19795918367346937,True,True,True,0.05,False,MILD
024,112,2026-02-12 05:00:00,1.65,0.2,-0.18387755102040815,True,True,True,0.05,False,MILD
024,113,2026-02-12 06:00:00,1.65,0.2,-0.16408163265306125,True,True,True,0.05,False,MILD
024,114,2026-02-12 07:00:00,1.53,0.2,-0.15020408163265309,True,True,True,0.05,False,MILD
024,115,2026-02-12 08:00:00,1.51,0.2,-0.13816326530612247,True,True,True,0.05,False,MILD
024,116,2026-02-12 09:00:00,1.51,0.2,-0.14408163265306123,True,True,True,0.05,False,MILD
024,117,2026-02-12 10:00:00,1.88,0.2,-0.14387755102040817,True,True,True,0.05,False,MILD
025,1,2026-03-28 19:00:00,4.96,2.2,0.2571428571428572,False,False,True,0.0,False,MILD
025,2,2026-03-28 20:00:00,18.92,2.2,0.27615384615384614,False,False,True,0.0,False,MILD
025,3,2026-03-28 21:00:00,18.92,2.2,0.2584210526315789,False,False,True,0.0,False,MILD
025,4,2026-03-28 22:00:00,390.68,2.2,0.25279999999999997,False,False,True,0.0,False,MILD
025,5,2026-03-28 23:00:00,390.68,2.2,0.25645161290322577,False,False,True,0.0,False,MILD
025,6,2026-03-29 00:00:00,390.68,2.2,0.2537837837837838,False,False,True,0.0,False,MILD
025,7,2026-03-29 01:00:00,390.68,2.2,0.2509302325581395,False,False,True,0.0,False,MILD
025,8,2026-03-29 02:00:00,390.68,2.2,0.2518367346938776,False,False,True,0.0,False,MILD
025,9,2026-03-29 03:00:00,390.68,2.2,0.24693877551020407,False,False,True,0.0,False,MILD
025,10,2026-03-29 04:00:00,390.68,2.2,0.22795918367346937,False,False,True,0.0,False,MILD
025,11,2026-03-29 05:00:00,390.68,2.2,0.21326530612244896,False,False,True,0.0,False,MILD
025,12,2026-03-29 06:00:00,377.98,1.5,0.2118367346938776,False,False,True,0.05,False,MILD
025,13,2026-03-29 07:00:00,4.87,1.5,0.20142857142857146,False,False,True,0.05,False,MILD
025,14,2026-03-29 08:00:00,4.87,1.5,0.18489795918367352,False,False,True,0.05,False,MILD
025,15,2026-03-29 09:00:00,3.35,0.8,0.18693877551020407,False,False,True,0.05,False,MILD
025,16,2026-03-29 10:00:00,3.35,0.8,0.18999999999999997,False,False,True,0.05,False,MILD
025,17,2026-03-29 11:00:00,3.96,0.8,0.19510204081632654,False,False,True,0.05,False,MILD
025,18,2026-03-29 12:00:00,3.96,0.8,0.20816326530612247,False,False,True,0.05,False,MILD
025,19,2026-03-29 13:00:00,3.96,0.8,0.22122448979591833,False,False,True,0.05,False,MILD
025,20,2026-03-29 14:00:00,3.96,0.8,0.23183673469387758,False,False,True,0.05,False,MILD
025,21,2026-03-29 15:00:00,36.25,0.8,0.2328571428571429,False,False,True,0.05,False,MILD
025,22,2026-03-29 16:00:00,36.25,0.8,0.24387755102040815,False,False,True,0.05,False,MILD
025,23,2026-03-29 17:00:00,36.25,0.8,0.2420408163265306,False,False,True,0.05,False,MILD
025,24,2026-03-29 18:00:00,60.35,0.8,0.24183673469387754,False,False,True,0.05,False,MILD
025,25,2026-03-29 19:00:00,60.35,0.8,0.2377551020408163,False,False,True,0.05,False,MILD
025,26,2026-03-29 20:00:00,60.35,0.5,0.24081632653061225,False,False,True,0.05,False,MILD
025,27,2026-03-29 21:00:00,60.35,0.2,0.23775510204081637,False,False,True,0.05,False,MILD
025,28,2026-03-29 22:00:00,60.35,0.2,0.23346938775510206,False,False,True,0.05,False,MILD
025,29,2026-03-29 23:00:00,60.35,0.2,0.24244897959183676,False,False,True,0.05,False,MILD
025,30,2026-03-30 00:00:00,60.35,0.2,0.2418367346938776,False,False,True,0.05,False,MILD
025,31,2026-03-30 01:00:00,60.35,0.2,0.24326530612244898,False,False,True,0.05,False,MILD
025,32,2026-03-30 02:00:00,31.6,0.2,0.246734693877551,False,False,True,0.05,False,MILD
025,33,2026-03-30 03:00:00,31.6,0.2,0.24346938775510205,False,False,True,0.05,False,MILD
025,34,2026-03-30 04:00:00,31.6,0.2,0.23755102040816323,False,False,True,0.05,False,MILD
025,35,2026-03-30 05:00:00,31.6,0.2,0.23244897959183672,False,False,True,0.05,False,MILD
025,36,2026-03-30 06:00:00,3.04,0.2,0.23163265306122444,False,False,True,0.05,False,MILD
025,37,2026-03-30 07:00:00,3.04,0.1,0.22714285714285715,False,False,True,0.05,False,MILD
025,38,2026-03-30 08:00:00,3.04,0.2,0.21857142857142856,False,False,True,0.05,False,MILD
025,39,2026-03-30 09:00:00,3.04,0.2,0.2069387755102041,False,False,True,0.05,False,MILD
025,40,2026-03-30 10:00:00,13.43,0.2,0.1975510204081633,False,False,True,0.05,False,MILD
025,41,2026-03-30 11:00:00,13.43,0.2,0.20040816326530608,False,False,True,0.05,False,MILD
025,42,2026-03-30 12:00:00,13.43,0.2,0.20244897959183672,False,False,True,0.05,False,MILD
025,43,2026-03-30 13:00:00,13.43,0.2,0.2089795918367347,False,False,True,0.05,False,MILD
025,44,2026-03-30 14:00:00,13.43,0.2,0.1975510204081633,False,False,True,0.05,False,MILD
025,45,2026-03-30 15:00:00,87.91,0.2,0.20306122448979597,False,False,True,0.05,False,MILD
025,46,2026-03-30 16:00:00,87.91,0.2,0.21102040816326534,False,False,True,0.05,False,MILD
025,47,2026-03-30 17:00:00,87.91,0.2,0.21346938775510205,False,False,True,0.05,False,MILD
025,48,2026-03-30 18:00:00,87.91,0.2,0.2053061224489796,False,False,True,0.05,False,MILD
025,49,2026-03-30 19:00:00,87.91,0.2,0.19448979591836738,False,False,True,0.05,False,MILD
025,50,2026-03-30 20:00:00,87.91,0.2,0.1873469387755102,False,False,True,0.05,False,MILD
025,51,2026-03-30 21:00:00,87.91,0.2,0.16979591836734695,False,False,True,0.05,False,MILD
025,52,2026-03-30 22:00:00,87.91,0.2,0.1636734693877551,False,False,True,0.05,False,MILD
025,53,2026-03-30 23:00:00,38.78,0.2,0.1563265306122449,False,False,True,0.05,False,MILD
025,54,2026-03-31 00:00:00,38.78,0.2,0.14469387755102042,False,False,True,0.05,False,MILD
025,55,2026-03-31 01:00:00,38.78,0.2,0.1326530612244898,False,False,True,0.05,False,MILD
025,56,2026-03-31 02:00:00,38.78,0.2,0.12775510204081633,False,False,True,0.05,False,MILD
025,57,2026-03-31 03:00:00,38.78,0.2,0.11693877551020407,False,False,True,0.05,False,MILD
025,58,2026-03-31 04:00:00,38.78,0.2,0.10346938775510203,False,False,True,0.05,False,MILD
025,59,2026-03-31 05:00:00,2.36,0.2,0.09224489795918368,False,False,True,0.05,False,MILD
026,1,2026-04-28 05:00:00,10.26,1.4,-0.008571428571428572,True,False,True,0.0,False,MILD
026,2,2026-04-28 06:00:00,10.26,1.9,-0.02846153846153846,True,False,True,0.0,False,MILD
026,3,2026-04-28 07:00:00,10.26,1.9,-0.03157894736842105,True,False,True,0.0,False,MILD
026,4,2026-04-28 08:00:00,10.26,1.9,-0.036399999999999995,True,False,True,0.0,False,MILD
026,5,2026-04-28 09:00:00,10.26,1.9,-0.03516129032258064,True,False,True,0.0,False,MILD
026,6,2026-04-28 10:00:00,10.26,1.9,-0.036486486486486495,True,False,True,0.0,False,MILD
026,7,2026-04-28 11:00:00,10.26,1.9,-0.03465116279069767,True,False,True,0.0,False,MILD
026,8,2026-04-28 12:00:00,10.26,2.3,-0.02510204081632653,True,False,True,0.0,False,MILD
026,9,2026-04-28 13:00:00,6.16,2.3,-0.03367346938775511,True,True,False,0.0,False,MILD
026,10,2026-04-28 14:00:00,6.16,2.3,-0.02693877551020409,True,True,False,0.0,False,MILD
026,11,2026-04-28 15:00:00,6.16,2.3,-0.021632653061224492,True,True,False,0.0,False,MILD
026,12,2026-04-28 16:00:00,6.16,2.3,-0.004081632653061224,True,True,False,0.05,False,MILD
026,13,2026-04-28 17:00:00,6.16,2.3,0.008163265306122448,False,False,True,0.05,False,MILD
026,14,2026-04-28 18:00:00,6.16,2.3,0.01530612244897959,False,False,True,0.05,False,MILD
026,15,2026-04-28 19:00:00,3.61,2.3,0.01142857142857143,False,False,True,0.05,False,MILD
026,16,2026-04-28 20:00:00,3.61,2.3,0.019183673469387756,False,False,True,0.05,False,MILD
026,17,2026-04-28 21:00:00,3.61,0.7,0.02408163265306123,False,False,True,0.05,False,MILD
026,18,2026-04-28 22:00:00,3.61,0.7,0.04040816326530613,False,False,True,0.05,False,MILD
026,19,2026-04-28 23:00:00,3.61,0.7,0.060408163265306125,False,False,True,0.05,False,MILD
026,20,2026-04-29 00:00:00,3.61,0.8,0.0642857142857143,False,False,True,0.05,False,MILD
026,21,2026-04-29 01:00:00,3.21,0.8,0.06387755102040817,False,False,True,0.05,False,MILD
026,22,2026-04-29 02:00:00,2.78,0.8,0.0730612244897959,False,False,True,0.05,False,MILD
026,23,2026-04-29 03:00:00,3.64,0.8,0.08612244897959183,False,False,True,0.05,False,MILD
026,24,2026-04-29 04:00:00,660.3,0.8,0.08734693877551022,False,False,True,0.05,False,MILD
026,25,2026-04-29 05:00:00,660.3,0.8,0.08285714285714285,False,False,True,0.05,False,MILD
026,26,2026-04-29 06:00:00,660.3,0.8,0.07265306122448979,False,False,True,0.05,False,MILD
026,27,2026-04-29 07:00:00,660.3,0.8,0.06326530612244897,False,False,True,0.05,False,MILD
026,28,2026-04-29 08:00:00,660.3,0.8,0.062448979591836734,False,False,True,0.05,False,MILD
026,29,2026-04-29 09:00:00,660.3,0.8,0.06510204081632653,False,False,True,0.05,False,MILD
026,30,2026-04-29 10:00:00,660.3,0.7,0.06183673469387755,False,False,True,0.05,False,MILD
026,31,2026-04-29 11:00:00,660.3,0.7,0.0616326530612245,False,False,True,0.05,False,MILD
026,32,2026-04-29 12:00:00,3.32,0.6,0.0610204081632653,False,False,True,0.05,False,MILD
026,33,2026-04-29 13:00:00,3.32,0.6,0.05857142857142857,False,False,True,0.05,False,MILD
026,34,2026-04-29 14:00:00,77.41,0.5,0.06775510204081632,False,False,True,0.05,False,MILD
026,35,2026-04-29 15:00:00,77.41,0.4,0.06224489795918367,False,False,True,0.05,False,MILD
026,36,2026-04-29 16:00:00,77.41,0.4,0.06897959183673469,False,False,True,0.05,False,MILD
026,37,2026-04-29 17:00:00,77.41,0.4,0.07408163265306122,False,False,True,0.05,False,MILD
026,38,2026-04-29 18:00:00,77.41,0.3,0.08408163265306123,False,False,True,0.05,False,MILD
026,39,2026-04-29 19:00:00,77.41,0.3,0.10857142857142858,False,False,True,0.05,False,MILD
026,40,2026-04-29 20:00:00,77.41,0.3,0.12142857142857141,False,False,True,0.05,False,MILD
026,41,2026-04-29 21:00:00,77.41,0.3,0.13938775510204082,False,False,True,0.05,False,MILD
026,42,2026-04-29 22:00:00,138.1,0.3,0.16224489795918368,False,False,True,0.05,False,MILD
026,43,2026-04-29 23:00:00,138.1,0.3,0.1816326530612245,False,False,True,0.05,False,MILD
026,44,2026-04-30 00:00:00,138.1,0.3,0.18693877551020413,False,False,True,0.05,False,MILD
026,45,2026-04-30 01:00:00,138.1,0.3,0.1895918367346939,False,False,True,0.05,False,MILD
026,46,2026-04-30 02:00:00,138.1,0.2,0.2012244897959184,False,False,True,0.05,False,MILD
026,47,2026-04-30 03:00:00,138.1,0.2,0.19387755102040816,False,False,True,0.05,False,MILD
026,48,2026-04-30 04:00:00,138.1,0.2,0.19265306122448977,False,False,True,0.05,False,MILD
026,49,2026-04-30 05:00:00,138.1,0.2,0.20061224489795917,False,False,True,0.05,False,MILD
026,50,2026-04-30 06:00:00,17.04,0.2,0.19734693877551016,False,False,True,0.05,False,MILD
026,51,2026-04-30 07:00:00,17.04,0.2,0.20408163265306123,False,False,True,0.05,False,MILD
026,52,2026-04-30 08:00:00,1.66,0.2,0.20326530612244897,False,False,True,0.05,False,MILD
026,53,2026-04-30 09:00:00,1.66,0.2,0.2065306122448979,False,False,True,0.05,False,MILD
026,54,2026-04-30 10:00:00,1.71,0.2,0.19408163265306125,False,False,True,0.05,False,MILD
026,55,2026-04-30 11:00:00,1.71,0.2,0.17918367346938774,False,False,True,0.05,False,MILD
026,56,2026-04-30 12:00:00,1.71,0.2,0.17040816326530614,False,False,True,0.05,False,MILD
026,57,2026-04-30 13:00:00,1.71,0.2,0.15448979591836734,False,False,True,0.05,False,MILD
026,58,2026-04-30 14:00:00,178.73,0.2,0.12857142857142856,False,False,True,0.05,False,MILD
026,59,2026-04-30 15:00:00,178.73,0.2,0.11142857142857145,False,False,True,0.05,False,MILD
026,60,2026-04-30 16:00:00,178.73,0.2,0.08448979591836735,False,False,True,0.05,False,MILD
026,61,2026-04-30 17:00:00,178.73,0.2,0.06714285714285714,False,False,True,0.05,False,MILD
026,62,2026-04-30 18:00:00,330.04,0.2,0.041428571428571426,False,False,True,0.05,False,MILD
026,63,2026-04-30 19:00:00,330.04,0.2,0.02897959183673469,False,False,True,0.05,False,MILD
026,64,2026-04-30 20:00:00,330.04,0.2,0.007959183673469388,False,False,True,0.05,False,MILD
026,65,2026-04-30 21:00:00,330.04,0.2,-0.0020408163265306072,True,False,True,0.05,False,MILD
026,66,2026-04-30 22:00:00,330.04,0.2,-0.012448979591836737,True,False,True,0.05,False,MILD
026,67,2026-04-30 23:00:00,330.04,0.2,-0.019591836734693877,True,False,True,0.05,False,MILD
026,68,2026-05-01 00:00:00,330.04,0.2,-0.019387755102040816,True,False,True,0.05,False,MILD
026,69,2026-05-01 01:00:00,362.72,0.2,-0.027346938775510195,True,False,True,0.05,False,MILD
026,70,2026-05-01 02:00:00,362.72,0.2,-0.012857142857142857,True,False,True,0.05,False,MILD
026,71,2026-05-01 03:00:00,362.72,0.2,-0.013265306122448983,True,False,True,0.05,False,MILD
026,72,2026-05-01 04:00:00,362.72,0.2,-0.014285714285714285,True,False,True,0.05,False,MILD
026,73,2026-05-01 05:00:00,362.72,0.2,-0.013469387755102044,True,False,True,0.05,False,MILD
026,74,2026-05-01 06:00:00,362.72,0.2,-0.01653061224489796,True,False,True,0.05,False,MILD
026,75,2026-05-01 07:00:00,362.72,0.3,-0.02,True,False,True,0.05,False,MILD
026,76,2026-05-01 08:00:00,362.72,0.3,-0.015918367346938776,True,False,True,0.05,False,MILD
026,77,2026-05-01 09:00:00,72.49,0.3,-0.01306122448979592,True,False,True,0.05,False,MILD
026,78,2026-05-01 10:00:00,45.3,0.3,-0.02,True,False,True,0.05,False,MILD
026,79,2026-05-01 11:00:00,45.3,0.3,-0.02612244897959184,True,False,True,0.05,False,MILD
026,80,2026-05-01 12:00:00,45.3,0.3,-0.03959183673469388,True,False,True,0.05,False,MILD
026,81,2026-05-01 13:00:00,45.3,0.3,-0.04,True,False,True,0.05,False,MILD
026,82,2026-05-01 14:00:00,200.5,0.3,-0.03183673469387755,True,False,True,0.05,False,MILD
026,83,2026-05-01 15:00:00,200.5,0.2,-0.016326530612244896,True,False,True,0.05,False,MILD
026,84,2026-05-01 16:00:00,200.5,0.2,-0.023673469387755105,True,False,True,0.05,False,MILD
026,85,2026-05-01 17:00:00,200.5,0.2,-0.03142857142857143,True,False,True,0.05,False,MILD
026,86,2026-05-01 18:00:00,200.5,0.2,-0.02673469387755101,True,False,True,0.05,False,MILD
026,87,2026-05-01 19:00:00,200.5,0.2,-0.029591836734693875,True,False,True,0.05,False,MILD
027,1,2026-05-10 05:00:00,4.22,1.8,-0.6685714285714285,True,True,True,0.0,False,MILD
027,2,2026-05-10 06:00:00,5.76,1.8,-0.6576923076923078,True,True,True,0.0,False,MILD
027,3,2026-05-10 07:00:00,5.76,1.8,-0.6689473684210526,True,True,True,0.0,False,MILD
027,4,2026-05-10 08:00:00,5.76,2.2,-0.6676000000000001,True,True,False,0.0,False,MILD
027,5,2026-05-10 09:00:00,5.76,2.3,-0.6748387096774194,True,True,False,0.0,False,MILD
027,6,2026-05-10 10:00:00,5.76,2.3,-0.6754054054054055,True,True,False,0.0,False,MILD
027,7,2026-05-10 11:00:00,5.76,2.3,-0.677906976744186,True,True,False,0.0,False,MILD
027,8,2026-05-10 12:00:00,182.53,2.3,-0.6748979591836735,True,False,True,0.0,False,MILD
027,9,2026-05-10 13:00:00,182.53,2.3,-0.673469387755102,True,False,True,0.0,False,MILD
027,10,2026-05-10 14:00:00,182.53,2.3,-0.6744897959183673,True,False,True,0.0,False,MILD
027,11,2026-05-10 15:00:00,182.53,2.3,-0.6604081632653062,True,False,True,0.0,False,MILD
027,12,2026-05-10 16:00:00,182.53,2.3,-0.6493877551020408,True,False,True,0.05,False,MILD
027,13,2026-05-10 17:00:00,182.53,2.3,-0.6444897959183673,True,False,True,0.05,False,MILD
027,14,2026-05-10 18:00:00,182.53,1.4,-0.6344897959183674,True,False,True,0.05,False,MILD
027,15,2026-05-10 19:00:00,182.53,1.4,-0.6153061224489796,True,False,True,0.05,False,MILD
027,16,2026-05-10 20:00:00,116.7,0.6,-0.6075510204081632,True,False,True,0.05,False,MILD
027,17,2026-05-10 21:00:00,116.7,0.6,-0.5824489795918368,True,False,True,0.05,False,MILD
027,18,2026-05-10 22:00:00,116.7,0.6,-0.563265306122449,True,False,True,0.05,False,MILD
027,19,2026-05-10 23:00:00,88.69,0.5,-0.5357142857142857,True,False,True,0.05,False,MILD
027,20,2026-05-11 00:00:00,88.69,0.5,-0.5224489795918367,True,False,True,0.05,False,MILD
027,21,2026-05-11 01:00:00,88.69,0.5,-0.5075510204081632,True,False,True,0.05,False,MILD
027,22,2026-05-11 02:00:00,125.8,0.7,-0.49224489795918375,True,False,True,0.05,False,MILD
027,23,2026-05-11 03:00:00,125.8,0.7,-0.4853061224489797,True,False,True,0.05,False,MILD
027,24,2026-05-11 04:00:00,125.8,0.7,-0.48081632653061224,True,False,True,0.05,False,MILD
027,25,2026-05-11 05:00:00,125.8,0.7,-0.4851020408163265,True,False,True,0.05,False,MILD
027,26,2026-05-11 06:00:00,125.8,0.7,-0.4975510204081633,True,False,True,0.05,False,MILD
027,27,2026-05-11 07:00:00,125.8,0.7,-0.5183673469387755,True,False,True,0.05,False,MILD
027,28,2026-05-11 08:00:00,125.8,0.7,-0.5357142857142857,True,False,True,0.05,False,MILD
027,29,2026-05-11 09:00:00,125.8,0.7,-0.5408163265306123,True,False,True,0.05,False,MILD
027,30,2026-05-11 10:00:00,125.8,0.7,-0.5538775510204081,True,False,True,0.05,False,MILD
027,31,2026-05-11 11:00:00,68.43,0.6,-0.5618367346938776,True,False,True,0.05,False,MILD
027,32,2026-05-11 12:00:00,2.12,0.6,-0.5702040816326531,True,True,False,0.05,False,MILD
027,33,2026-05-11 13:00:00,2.12,0.4,-0.5783673469387756,True,True,False,0.05,False,MILD
027,34,2026-05-11 14:00:00,2.12,0.2,-0.5820408163265307,True,True,False,0.05,False,MILD
027,35,2026-05-11 15:00:00,39.27,0.2,-0.5783673469387755,True,False,True,0.05,False,MILD
027,36,2026-05-11 16:00:00,39.27,0.2,-0.5842857142857143,True,False,True,0.05,False,MILD
027,37,2026-05-11 17:00:00,39.27,0.2,-0.5887755102040817,True,False,True,0.05,False,MILD
027,38,2026-05-11 18:00:00,39.27,0.2,-0.5928571428571427,True,False,True,0.05,False,MILD
027,39,2026-05-11 19:00:00,39.27,0.2,-0.5985714285714286,True,False,True,0.05,False,MILD
027,40,2026-05-11 20:00:00,39.27,0.2,-0.6144897959183674,True,False,True,0.05,False,MILD
027,41,2026-05-11 21:00:00,39.27,0.2,-0.6197959183673469,True,False,True,0.05,False,MILD
027,42,2026-05-11 22:00:00,122.55,0.2,-0.6481632653061224,True,False,True,0.05,False,MILD
027,43,2026-05-11 23:00:00,122.55,0.2,-0.6651020408163264,True,False,True,0.05,False,MILD
027,44,2026-05-12 00:00:00,122.55,0.2,-0.6740816326530611,True,False,True,0.05,False,MILD
027,45,2026-05-12 01:00:00,122.55,0.2,-0.6816326530612246,True,False,True,0.05,False,MILD
027,46,2026-05-12 02:00:00,122.55,0.2,-0.693469387755102,True,False,True,0.05,False,MILD
027,47,2026-05-12 03:00:00,122.55,0.2,-0.7024489795918367,True,False,True,0.05,False,MILD
027,48,2026-05-12 04:00:00,122.55,0.2,-0.7075510204081632,True,False,True,0.05,False,MILD
027,49,2026-05-12 05:00:00,122.55,0.2,-0.6985714285714286,True,False,True,0.05,False,MILD
027,50,2026-05-12 06:00:00,1.28,0.2,-0.6851020408163264,True,True,False,0.05,False,MILD
027,51,2026-05-12 07:00:00,1.25,0.2,-0.680204081632653,True,True,False,0.05,False,MILD
027,52,2026-05-12 08:00:00,1.25,0.2,-0.686530612244898,True,True,False,0.05,False,MILD
027,53,2026-05-12 09:00:00,1.19,0.2,-0.6918367346938775,True,True,False,0.05,False,MILD
027,54,2026-05-12 10:00:00,1.02,0.2,-0.6944897959183673,True,True,False,0.05,False,MILD
027,55,2026-05-12 11:00:00,1.02,0.2,-0.7008163265306122,True,True,False,0.05,False,MILD
027,56,2026-05-12 12:00:00,1.73,0.2,-0.7108163265306122,True,True,False,0.05,False,MILD
027,57,2026-05-12 13:00:00,1.73,0.2,-0.7304081632653061,True,True,False,0.05,False,MILD
027,58,2026-05-12 14:00:00,1.73,0.2,-0.7551020408163265,True,True,False,0.05,False,MILD
027,59,2026-05-12 15:00:00,1.73,0.2,-0.7738775510204082,True,True,False,0.05,False,MILD
027,60,2026-05-12 16:00:00,1.73,0.2,-0.7720408163265305,True,True,False,0.05,False,MILD
027,61,2026-05-12 17:00:00,1.73,0.2,-0.7842857142857145,True,True,False,0.05,False,MILD
027,62,2026-05-12 18:00:00,1.73,0.2,-0.7914285714285715,True,True,False,0.05,False,MILD
027,63,2026-05-12 19:00:00,1.73,0.2,-0.7979591836734694,True,True,False,0.05,False,MILD
027,64,2026-05-12 20:00:00,1.65,0.2,-0.812857142857143,True,True,False,0.05,False,MILD
027,65,2026-05-12 21:00:00,131.42,0.2,-0.8126530612244897,True,False,True,0.05,False,MILD
027,66,2026-05-12 22:00:00,131.42,0.3,-0.7987755102040817,True,False,True,0.05,False,MILD
027,67,2026-05-12 23:00:00,131.42,0.3,-0.7973469387755103,True,False,True,0.05,False,MILD
027,68,2026-05-13 00:00:00,131.42,0.3,-0.796122448979592,True,False,True,0.05,False,MILD
027,69,2026-05-13 01:00:00,131.42,0.3,-0.8061224489795917,True,False,True,0.05,False,MILD
027,70,2026-05-13 02:00:00,131.42,0.3,-0.8081632653061225,True,False,True,0.05,False,MILD
027,71,2026-05-13 03:00:00,131.42,0.3,-0.8171428571428572,True,False,True,0.05,False,MILD
027,72,2026-05-13 04:00:00,131.42,0.3,-0.8040816326530612,True,False,True,0.05,False,MILD
027,73,2026-05-13 05:00:00,91.43,0.3,-0.8104081632653063,True,False,True,0.05,False,MILD
027,74,2026-05-13 06:00:00,1.39,0.3,-0.8095918367346939,True,True,True,0.05,False,MILD
027,75,2026-05-13 07:00:00,1.39,0.2,-0.8059183673469387,True,True,True,0.05,False,MILD
027,76,2026-05-13 08:00:00,1.39,0.2,-0.7946938775510205,True,True,True,0.05,False,MILD
027,77,2026-05-13 09:00:00,1.39,0.2,-0.7944897959183673,True,True,True,0.05,False,MILD
027,78,2026-05-13 10:00:00,1.39,0.2,-0.7889795918367346,True,True,True,0.05,False,MILD
027,79,2026-05-13 11:00:00,1.02,0.2,-0.7889795918367346,True,True,True,0.05,False,MILD
027,80,2026-05-13 12:00:00,0.99,0.2,-0.7914285714285715,True,True,True,0.05,False,MILD
027,81,2026-05-13 13:00:00,1.35,0.2,-0.7869387755102041,True,True,True,0.05,True,MILD
028,1,2026-03-29 12:00:00,6.03,1.3,-1.0157142857142858,True,True,True,0.0,False,MODERATE
028,2,2026-03-29 13:00:00,6.37,1.8,-0.9861538461538462,True,True,True,0.0,False,MODERATE
028,3,2026-03-29 14:00:00,7.17,2.0,-0.9863157894736844,True,True,True,0.0,False,MODERATE
028,4,2026-03-29 15:00:00,7.17,2.0,-0.9760000000000001,True,True,True,0.0,False,MODERATE
028,5,2026-03-29 16:00:00,7.17,2.0,-0.9693548387096774,True,True,True,0.0,False,MODERATE
028,6,2026-03-29 17:00:00,439.77,2.0,-0.9594594594594594,True,False,True,0.0,False,MODERATE
028,7,2026-03-29 18:00:00,439.77,2.3,-0.9486046511627907,True,False,True,0.0,False,MODERATE
028,8,2026-03-29 19:00:00,439.77,2.3,-0.943265306122449,True,False,True,0.0,False,MODERATE
028,9,2026-03-29 20:00:00,439.77,2.3,-0.9304081632653062,True,False,True,0.0,False,MODERATE
028,10,2026-03-29 21:00:00,439.77,2.3,-0.9130612244897958,True,False,True,0.0,False,MODERATE
028,11,2026-03-29 22:00:00,439.77,2.3,-0.9118367346938774,True,False,True,0.0,False,MODERATE
028,12,2026-03-29 23:00:00,439.77,2.3,-0.9085714285714285,True,False,True,0.05,False,MODERATE
028,13,2026-03-30 00:00:00,439.77,2.3,-0.9185714285714285,True,False,True,0.05,False,MODERATE
028,14,2026-03-30 01:00:00,102.9,2.3,-0.9361224489795917,True,False,True,0.05,False,MODERATE
028,15,2026-03-30 02:00:00,102.9,2.0,-0.9481632653061225,True,False,True,0.05,False,MODERATE
028,16,2026-03-30 03:00:00,102.9,1.8,-0.9604081632653062,True,False,True,0.05,False,MODERATE
028,17,2026-03-30 04:00:00,102.9,0.8,-0.9593877551020408,True,False,True,0.05,False,MODERATE
028,18,2026-03-30 05:00:00,102.9,0.8,-0.966734693877551,True,False,True,0.05,False,MODERATE
028,19,2026-03-30 06:00:00,102.9,0.8,-0.9667346938775511,True,False,True,0.05,False,MODERATE
028,20,2026-03-30 07:00:00,102.9,0.8,-0.9708163265306122,True,False,True,0.05,False,MODERATE
028,21,2026-03-30 08:00:00,3.34,0.8,-0.9620408163265308,True,True,True,0.05,False,MODERATE
028,22,2026-03-30 09:00:00,3.34,0.8,-0.9422448979591835,True,True,True,0.05,False,MODERATE
028,23,2026-03-30 10:00:00,3.34,0.8,-0.9312244897959184,True,True,True,0.05,False,MODERATE
028,24,2026-03-30 11:00:00,561.35,0.7,-0.923469387755102,True,False,True,0.05,False,MODERATE
028,25,2026-03-30 12:00:00,561.35,0.6,-0.9224489795918368,True,False,True,0.05,False,MODERATE
028,26,2026-03-30 13:00:00,561.35,0.5,-0.9085714285714286,True,False,True,0.05,False,MODERATE
028,27,2026-03-30 14:00:00,561.35,0.5,-0.8953061224489796,True,False,True,0.05,False,MODERATE
028,28,2026-03-30 15:00:00,561.35,0.8,-0.8851020408163265,True,False,True,0.05,False,MODERATE
028,29,2026-03-30 16:00:00,561.35,0.8,-0.8622448979591836,True,False,True,0.05,False,MODERATE
028,30,2026-03-30 17:00:00,561.35,0.8,-0.8514285714285714,True,False,True,0.05,False,MODERATE
028,31,2026-03-30 18:00:00,561.35,0.8,-0.8377551020408164,True,False,True,0.05,False,MODERATE
028,32,2026-03-30 19:00:00,138.83,0.8,-0.8277551020408164,True,False,True,0.05,False,MODERATE
028,33,2026-03-30 20:00:00,138.83,0.8,-0.8159183673469387,True,False,True,0.05,False,MODERATE
028,34,2026-03-30 21:00:00,138.83,0.8,-0.8097959183673468,True,False,True,0.05,False,MODERATE
028,35,2026-03-30 22:00:00,138.83,0.8,-0.8020408163265306,True,False,True,0.05,False,MODERATE
028,36,2026-03-30 23:00:00,138.83,0.7,-0.7895918367346938,True,False,True,0.05,False,MODERATE
028,37,2026-03-31 00:00:00,133.55,0.6,-0.7851020408163265,True,False,True,0.05,False,MODERATE
028,38,2026-03-31 01:00:00,133.55,0.6,-0.7797959183673469,True,False,True,0.05,False,MODERATE
028,39,2026-03-31 02:00:00,133.55,0.6,-0.7691836734693878,True,False,True,0.05,False,MODERATE
028,40,2026-03-31 03:00:00,133.55,0.6,-0.7669387755102041,True,False,True,0.05,False,MODERATE
028,41,2026-03-31 04:00:00,133.55,0.3,-0.7583673469387756,True,False,True,0.05,False,MODERATE
028,42,2026-03-31 05:00:00,133.55,0.1,-0.7508163265306123,True,False,True,0.05,False,MODERATE
028,43,2026-03-31 06:00:00,226.88,0.1,-0.7393877551020408,True,False,True,0.05,False,MODERATE
028,44,2026-03-31 07:00:00,226.88,0.1,-0.7346938775510206,True,False,True,0.05,False,MODERATE
028,45,2026-03-31 08:00:00,226.88,0.2,-0.733265306122449,True,False,True,0.05,False,MODERATE
028,46,2026-03-31 09:00:00,226.88,0.2,-0.7244897959183675,True,False,True,0.05,False,MODERATE
028,47,2026-03-31 10:00:00,226.88,0.2,-0.710204081632653,True,False,True,0.05,False,MODERATE
028,48,2026-03-31 11:00:00,226.88,0.2,-0.7038775510204082,True,False,True,0.05,False,MODERATE
028,49,2026-03-31 12:00:00,226.88,0.2,-0.7144897959183673,True,False,True,0.05,False,MODERATE
028,50,2026-03-31 13:00:00,226.88,0.2,-0.7167346938775511,True,False,True,0.05,False,MODERATE
028,51,2026-03-31 14:00:00,111.35,0.2,-0.7320408163265307,True,False,True,0.05,False,MODERATE
028,52,2026-03-31 15:00:00,111.35,0.2,-0.746530612244898,True,False,True,0.05,False,MODERATE
028,53,2026-03-31 16:00:00,111.35,0.2,-0.767142857142857,True,False,True,0.05,False,MODERATE
028,54,2026-03-31 17:00:00,111.35,0.2,-0.7920408163265307,True,False,True,0.05,False,MODERATE
028,55,2026-03-31 18:00:00,111.35,0.2,-0.8216326530612245,True,False,True,0.05,False,MODERATE
028,56,2026-03-31 19:00:00,111.35,0.2,-0.8485714285714285,True,False,True,0.05,False,MODERATE
028,57,2026-03-31 20:00:00,111.35,0.2,-0.8546938775510204,True,False,True,0.05,False,MODERATE
028,58,2026-03-31 21:00:00,111.35,0.2,-0.873469387755102,True,False,True,0.05,False,MODERATE
028,59,2026-03-31 22:00:00,19.42,0.2,-0.8877551020408162,True,False,True,0.05,False,MODERATE
028,60,2026-03-31 23:00:00,19.42,0.2,-0.896326530612245,True,False,True,0.05,False,MODERATE
028,61,2026-04-01 00:00:00,128.82,0.2,-0.899183673469388,True,False,True,0.05,False,MODERATE
028,62,2026-04-01 01:00:00,128.82,0.2,-0.9028571428571428,True,False,True,0.05,False,MODERATE
028,63,2026-04-01 02:00:00,128.82,0.2,-0.9040816326530612,True,False,True,0.05,False,MODERATE
028,64,2026-04-01 03:00:00,128.82,0.2,-0.9014285714285714,True,False,True,0.05,False,MODERATE
028,65,2026-04-01 04:00:00,750.79,0.2,-0.8961224489795919,True,False,True,0.05,False,MODERATE
028,66,2026-04-01 05:00:00,750.79,0.2,-0.8965306122448978,True,False,True,0.05,False,MODERATE
028,67,2026-04-01 06:00:00,750.79,0.2,-0.8983673469387754,True,False,True,0.05,False,MODERATE
028,68,2026-04-01 07:00:00,750.79,0.2,-0.8991836734693878,True,False,True,0.05,False,MODERATE
028,69,2026-04-01 08:00:00,750.79,0.2,-0.892857142857143,True,False,True,0.05,False,MODERATE
028,70,2026-04-01 09:00:00,750.79,0.2,-0.8957142857142857,True,False,True,0.05,False,MODERATE
028,71,2026-04-01 10:00:00,750.79,0.2,-0.890408163265306,True,False,True,0.05,False,MODERATE
028,72,2026-04-01 11:00:00,750.79,0.2,-0.8808163265306121,True,False,True,0.05,False,MODERATE
028,73,2026-04-01 12:00:00,739.0,0.2,-0.8804081632653061,True,False,True,0.05,False,MODERATE
028,74,2026-04-01 13:00:00,739.0,0.2,-0.8740816326530612,True,False,True,0.05,False,MODERATE
028,75,2026-04-01 14:00:00,198.12,0.2,-0.8657142857142858,True,False,True,0.05,False,MODERATE
028,76,2026-04-01 15:00:00,198.12,0.2,-0.8606122448979592,True,False,True,0.05,False,MODERATE
028,77,2026-04-01 16:00:00,198.12,0.2,-0.8593877551020408,True,False,True,0.05,False,MODERATE
028,78,2026-04-01 17:00:00,198.12,0.2,-0.8457142857142856,True,False,True,0.05,False,MODERATE
028,79,2026-04-01 18:00:00,198.12,0.2,-0.8395918367346938,True,False,True,0.05,False,MODERATE
028,80,2026-04-01 19:00:00,1.5,0.2,-0.8402040816326531,True,True,True,0.05,False,MODERATE
028,81,2026-04-01 20:00:00,1.5,0.2,-0.8526530612244898,True,True,True,0.05,True,MODERATE
028,82,2026-04-01 21:00:00,1.68,0.2,-0.8536734693877552,True,True,True,0.05,False,MODERATE
028,83,2026-04-01 22:00:00,1.68,0.2,-0.8616326530612245,True,True,True,0.05,False,MODERATE
028,84,2026-04-01 23:00:00,1.68,0.2,-0.8673469387755102,True,True,True,0.05,False,MODERATE
028,85,2026-04-02 00:00:00,1.68,0.2,-0.8759183673469386,True,True,True,0.05,False,MODERATE
028,86,2026-04-02 01:00:00,1.68,0.2,-0.8851020408163265,True,True,True,0.05,False,MODERATE
028,87,2026-04-02 02:00:00,1.68,0.2,-0.9002040816326531,True,True,True,0.05,False,MODERATE
028,88,2026-04-02 03:00:00,1.68,0.2,-0.9153061224489795,True,True,True,0.05,False,MODERATE
028,89,2026-04-02 04:00:00,1.68,0.2,-0.916938775510204,True,True,True,0.05,False,MODERATE
028,90,2026-04-02 05:00:00,1.66,0.2,-0.9269387755102041,True,True,True,0.05,False,MODERATE
028,91,2026-04-02 06:00:00,197.79,0.2,-0.9340816326530611,True,False,True,0.05,False,MODERATE
028,92,2026-04-02 07:00:00,197.79,0.2,-0.946734693877551,True,False,True,0.05,False,MODERATE
028,93,2026-04-02 08:00:00,197.79,0.2,-0.9608163265306122,True,False,True,0.05,False,MODERATE
028,94,2026-04-02 09:00:00,197.79,0.2,-0.9732653061224489,True,False,True,0.05,False,MODERATE
028,95,2026-04-02 10:00:00,197.79,0.2,-0.9840816326530613,True,False,True,0.05,False,MODERATE
028,96,2026-04-02 11:00:00,197.79,0.2,-0.9828571428571427,True,False,True,0.05,False,MODERATE
028,97,2026-04-02 12:00:00,197.79,0.2,-0.9897959183673469,True,False,True,0.05,False,MODERATE
028,98,2026-04-02 13:00:00,197.79,0.2,-0.9969387755102042,True,False,True,0.05,False,MODERATE
029,1,2026-05-26 06:00:00,594.66,1.4,-0.6414285714285713,True,False,True,0.0,False,MODERATE
029,2,2026-05-26 07:00:00,594.66,1.4,-0.5930769230769231,True,False,True,0.0,False,MODERATE
029,3,2026-05-26 08:00:00,594.66,1.4,-0.5810526315789473,True,False,True,0.0,False,MODERATE
029,4,2026-05-26 09:00:00,594.66,2.0,-0.5784,True,False,True,0.0,False,MODERATE
029,5,2026-05-26 10:00:00,594.66,2.0,-0.5748387096774192,True,False,True,0.0,False,MODERATE
029,6,2026-05-26 11:00:00,594.66,2.0,-0.5756756756756757,True,False,True,0.0,False,MODERATE
029,7,2026-05-26 12:00:00,594.66,2.0,-0.5672093023255814,True,False,True,0.0,False,MODERATE
029,8,2026-05-26 13:00:00,594.66,2.7,-0.5618367346938776,True,False,True,0.0,False,MODERATE
029,9,2026-05-26 14:00:00,8.8,2.7,-0.546734693877551,True,True,False,0.0,False,MODERATE
029,10,2026-05-26 15:00:00,8.8,2.7,-0.5381632653061224,True,True,False,0.0,False,MODERATE
029,11,2026-05-26 16:00:00,8.8,2.7,-0.5261224489795918,True,True,False,0.0,False,MODERATE
029,12,2026-05-26 17:00:00,8.8,2.7,-0.513265306122449,True,True,False,0.05,False,MODERATE
029,13,2026-05-26 18:00:00,8.8,2.7,-0.5048979591836734,True,True,False,0.05,False,MODERATE
029,14,2026-05-26 19:00:00,8.8,2.7,-0.4955102040816326,True,True,False,0.05,False,MODERATE
029,15,2026-05-26 20:00:00,357.19,2.7,-0.4865306122448979,True,False,True,0.05,False,MODERATE
029,16,2026-05-26 21:00:00,357.19,2.3,-0.48653061224489796,True,False,True,0.05,False,MODERATE
029,17,2026-05-26 22:00:00,357.19,0.8,-0.48040816326530617,True,False,True,0.05,False,MODERATE
029,18,2026-05-26 23:00:00,357.19,0.8,-0.48,True,False,True,0.05,False,MODERATE
029,19,2026-05-27 00:00:00,357.19,0.8,-0.4838775510204082,True,False,True,0.05,False,MODERATE
029,20,2026-05-27 01:00:00,357.19,0.8,-0.4883673469387755,True,False,True,0.05,False,MODERATE
029,21,2026-05-27 02:00:00,357.19,0.8,-0.47591836734693876,True,False,True,0.05,False,MODERATE
029,22,2026-05-27 03:00:00,357.19,0.7,-0.4669387755102041,True,False,True,0.05,False,MODERATE
029,23,2026-05-27 04:00:00,107.21,0.7,-0.44979591836734695,True,False,True,0.05,False,MODERATE
029,24,2026-05-27 05:00:00,107.21,0.7,-0.4404081632653061,True,False,True,0.05,False,MODERATE
029,25,2026-05-27 06:00:00,107.21,0.6,-0.4226530612244898,True,False,True,0.05,False,MODERATE
029,26,2026-05-27 07:00:00,3.02,0.6,-0.4106122448979593,True,True,False,0.05,False,MODERATE
029,27,2026-05-27 08:00:00,3.02,0.6,-0.39163265306122447,True,True,False,0.05,False,MODERATE
029,28,2026-05-27 09:00:00,3.87,0.6,-0.3826530612244898,True,True,False,0.05,False,MODERATE
029,29,2026-05-27 10:00:00,3.87,0.7,-0.3802040816326531,True,True,False,0.05,False,MODERATE
029,30,2026-05-27 11:00:00,51.81,0.7,-0.38469387755102036,True,False,True,0.05,False,MODERATE
029,31,2026-05-27 12:00:00,51.81,0.7,-0.3914285714285715,True,False,True,0.05,False,MODERATE
029,32,2026-05-27 13:00:00,51.81,0.7,-0.383265306122449,True,False,True,0.05,False,MODERATE
029,33,2026-05-27 14:00:00,51.81,0.7,-0.38448979591836735,True,False,True,0.05,False,MODERATE
029,34,2026-05-27 15:00:00,249.91,0.7,-0.38040816326530613,True,False,True,0.05,False,MODERATE
029,35,2026-05-27 16:00:00,249.91,0.7,-0.38163265306122446,True,False,True,0.05,False,MODERATE
029,36,2026-05-27 17:00:00,249.91,0.7,-0.37163265306122445,True,False,True,0.05,False,MODERATE
029,37,2026-05-27 18:00:00,249.91,0.7,-0.3704081632653062,True,False,True,0.05,False,MODERATE
029,38,2026-05-27 19:00:00,332.21,0.6,-0.3681632653061225,True,False,True,0.05,False,MODERATE
029,39,2026-05-27 20:00:00,332.21,0.6,-0.3571428571428572,True,False,True,0.05,False,MODERATE
029,40,2026-05-27 21:00:00,332.21,0.6,-0.3528571428571429,True,False,True,0.05,False,MODERATE
029,41,2026-05-27 22:00:00,332.21,0.5,-0.3412244897959184,True,False,True,0.05,False,MODERATE
029,42,2026-05-27 23:00:00,332.21,0.2,-0.3385714285714286,True,False,True,0.05,False,MODERATE
029,43,2026-05-28 00:00:00,332.21,0.2,-0.33387755102040817,True,False,True,0.05,False,MODERATE
029,44,2026-05-28 01:00:00,332.21,0.2,-0.33836734693877546,True,False,True,0.05,False,MODERATE
029,45,2026-05-28 02:00:00,332.21,0.2,-0.33346938775510204,True,False,True,0.05,False,MODERATE
029,46,2026-05-28 03:00:00,2.05,0.2,-0.32918367346938776,True,True,False,0.05,False,MODERATE
029,47,2026-05-28 04:00:00,2.05,0.2,-0.34,True,True,False,0.05,False,MODERATE
029,48,2026-05-28 05:00:00,2.05,0.2,-0.34285714285714286,True,True,False,0.05,False,MODERATE
029,49,2026-05-28 06:00:00,2.05,0.2,-0.36428571428571427,True,True,False,0.05,False,MODERATE
029,50,2026-05-28 07:00:00,2.05,0.2,-0.37612244897959185,True,True,False,0.05,False,MODERATE
029,51,2026-05-28 08:00:00,2.05,0.2,-0.38877551020408163,True,True,False,0.05,False,MODERATE
029,52,2026-05-28 09:00:00,1.52,0.2,-0.39489795918367343,True,True,False,0.05,False,MODERATE
029,53,2026-05-28 10:00:00,175.07,0.2,-0.4073469387755102,True,False,True,0.05,False,MODERATE
029,54,2026-05-28 11:00:00,175.07,0.2,-0.42469387755102045,True,False,True,0.05,False,MODERATE
029,55,2026-05-28 12:00:00,175.07,0.2,-0.4193877551020409,True,False,True,0.05,False,MODERATE
029,56,2026-05-28 13:00:00,175.07,0.2,-0.42857142857142855,True,False,True,0.05,False,MODERATE
029,57,2026-05-28 14:00:00,175.07,0.2,-0.43632653061224486,True,False,True,0.05,False,MODERATE
029,58,2026-05-28 15:00:00,175.07,0.2,-0.4412244897959184,True,False,True,0.05,False,MODERATE
029,59,2026-05-28 16:00:00,175.07,0.2,-0.43265306122448977,True,False,True,0.05,False,MODERATE
029,60,2026-05-28 17:00:00,175.07,0.2,-0.4383673469387755,True,False,True,0.05,False,MODERATE
029,61,2026-05-28 18:00:00,1.33,0.2,-0.4348979591836735,True,True,False,0.05,False,MODERATE
029,62,2026-05-28 19:00:00,1.33,0.1,-0.4338775510204082,True,True,False,0.05,False,MODERATE
029,63,2026-05-28 20:00:00,1.33,0.2,-0.4310204081632653,True,True,False,0.05,False,MODERATE
029,64,2026-05-28 21:00:00,127.52,0.2,-0.42571428571428566,True,False,True,0.05,False,MODERATE
029,65,2026-05-28 22:00:00,127.52,0.2,-0.4257142857142857,True,False,True,0.05,False,MODERATE
029,66,2026-05-28 23:00:00,127.52,0.2,-0.42040816326530617,True,False,True,0.05,False,MODERATE
029,67,2026-05-29 00:00:00,127.52,0.2,-0.43122448979591843,True,False,True,0.05,False,MODERATE
029,68,2026-05-29 01:00:00,127.52,0.2,-0.4255102040816327,True,False,True,0.05,False,MODERATE
029,69,2026-05-29 02:00:00,127.52,0.2,-0.42571428571428566,True,False,True,0.05,False,MODERATE
029,70,2026-05-29 03:00:00,127.52,0.2,-0.42612244897959184,True,False,True,0.05,False,MODERATE
029,71,2026-05-29 04:00:00,127.52,0.2,-0.42632653061224496,True,False,True,0.05,False,MODERATE
029,72,2026-05-29 05:00:00,127.52,0.2,-0.4244897959183673,True,False,True,0.05,False,MODERATE
029,73,2026-05-29 06:00:00,1.79,0.2,-0.413265306122449,True,True,True,0.05,False,MODERATE
029,74,2026-05-29 07:00:00,1.79,0.2,-0.41163265306122443,True,True,True,0.05,False,MODERATE
029,75,2026-05-29 08:00:00,1.79,0.2,-0.3971428571428572,True,True,True,0.05,False,MODERATE
029,76,2026-05-29 09:00:00,137.75,0.2,-0.3914285714285714,True,False,True,0.05,False,MODERATE
029,77,2026-05-29 10:00:00,137.75,0.2,-0.3781632653061225,True,False,True,0.05,False,MODERATE
029,78,2026-05-29 11:00:00,137.75,0.2,-0.36836734693877554,True,False,True,0.05,False,MODERATE
029,79,2026-05-29 12:00:00,137.75,0.2,-0.3677551020408163,True,False,True,0.05,False,MODERATE
029,80,2026-05-29 13:00:00,137.75,0.2,-0.3593877551020408,True,False,True,0.05,False,MODERATE
029,81,2026-05-29 14:00:00,137.75,0.2,-0.3673469387755102,True,False,True,0.05,False,MODERATE
029,82,2026-05-29 15:00:00,137.75,0.2,-0.3685714285714286,True,False,True,0.05,False,MODERATE
029,83,2026-05-29 16:00:00,137.75,0.2,-0.37285714285714294,True,False,True,0.05,False,MODERATE
029,84,2026-05-29 17:00:00,1.54,0.2,-0.3769387755102041,True,True,True,0.05,True,MODERATE
029,85,2026-05-29 18:00:00,1.54,0.2,-0.3763265306122449,True,True,True,0.05,False,MODERATE
029,86,2026-05-29 19:00:00,1.54,0.2,-0.37693877551020405,True,True,True,0.05,False,MODERATE
029,87,2026-05-29 20:00:00,1.54,0.2,-0.37979591836734694,True,True,True,0.05,False,MODERATE
029,88,2026-05-29 21:00:00,1.54,0.2,-0.39142857142857135,True,True,True,0.05,False,MODERATE
029,89,2026-05-29 22:00:00,1.54,0.2,-0.38918367346938776,True,True,True,0.05,False,MODERATE
029,90,2026-05-29 23:00:00,1.54,0.2,-0.38469387755102036,True,True,True,0.05,False,MODERATE
029,91,2026-05-30 00:00:00,1.54,0.2,-0.3818367346938775,True,True,True,0.05,False,MODERATE
029,92,2026-05-30 01:00:00,1.35,0.2,-0.3791836734693878,True,True,True,0.05,False,MODERATE
029,93,2026-05-30 02:00:00,1.35,0.2,-0.3787755102040816,True,True,True,0.05,False,MODERATE
029,94,2026-05-30 03:00:00,1.35,0.2,-0.37326530612244896,True,True,True,0.05,False,MODERATE
029,95,2026-05-30 04:00:00,466.32,0.2,-0.363265306122449,True,False,True,0.05,False,MODERATE
029,96,2026-05-30 05:00:00,466.32,0.2,-0.3473469387755102,True,False,True,0.05,False,MODERATE
029,97,2026-05-30 06:00:00,466.32,0.2,-0.33612244897959187,True,False,True,0.05,False,MODERATE
029,98,2026-05-30 07:00:00,466.32,0.2,-0.3259183673469388,True,False,True,0.05,False,MODERATE
029,99,2026-05-30 08:00:00,466.32,0.2,-0.31285714285714283,True,False,True,0.05,False,MODERATE
029,100,2026-05-30 09:00:00,466.32,0.2,-0.3120408163265306,True,False,True,0.05,False,MODERATE
029,101,2026-05-30 10:00:00,466.32,0.2,-0.3040816326530612,True,False,True,0.05,False,MODERATE
030,1,2026-02-16 05:00:00,5.39,1.2,-0.018571428571428572,True,True,True,0.0,False,MILD
030,2,2026-02-16 06:00:00,5.39,1.2,-0.027692307692307697,True,True,True,0.0,False,MILD
030,3,2026-02-16 07:00:00,7.57,2.2,-0.025789473684210525,True,True,True,0.0,False,MILD
030,4,2026-02-16 08:00:00,7.62,2.8,-0.0216,True,True,False,0.0,False,MILD
030,5,2026-02-16 09:00:00,7.62,2.8,-0.03,True,True,False,0.0,False,MILD
030,6,2026-02-16 10:00:00,154.75,2.8,-0.030270270270270273,True,False,True,0.0,False,MILD
030,7,2026-02-16 11:00:00,154.75,2.8,-0.03674418604651163,True,False,True,0.0,False,MILD
030,8,2026-02-16 12:00:00,154.75,2.8,-0.0426530612244898,True,False,True,0.0,False,MILD
030,9,2026-02-16 13:00:00,154.75,2.8,-0.05040816326530612,True,False,True,0.0,False,MILD
030,10,2026-02-16 14:00:00,154.75,2.8,-0.060408163265306125,True,False,True,0.0,False,MILD
030,11,2026-02-16 15:00:00,154.75,2.8,-0.07408163265306122,True,False,True,0.0,False,MILD
030,12,2026-02-16 16:00:00,154.75,2.8,-0.08857142857142859,True,False,True,0.05,False,MILD
030,13,2026-02-16 17:00:00,154.75,2.1,-0.09142857142857144,True,False,True,0.05,False,MILD
030,14,2026-02-16 18:00:00,124.7,0.6,-0.10571428571428573,True,False,True,0.05,False,MILD
030,15,2026-02-16 19:00:00,124.7,0.6,-0.12,True,False,True,0.05,False,MILD
030,16,2026-02-16 20:00:00,2.65,0.6,-0.126734693877551,True,True,False,0.05,False,MILD
030,17,2026-02-16 21:00:00,2.65,0.6,-0.14714285714285713,True,True,False,0.05,False,MILD
030,18,2026-02-16 22:00:00,2.65,0.6,-0.15571428571428572,True,True,False,0.05,False,MILD
030,19,2026-02-16 23:00:00,2.65,0.6,-0.17326530612244898,True,True,False,0.05,False,MILD
030,20,2026-02-17 00:00:00,2.65,0.6,-0.19346938775510206,True,True,False,0.05,False,MILD
030,21,2026-02-17 01:00:00,3.07,0.6,-0.21428571428571433,True,True,False,0.05,False,MILD
030,22,2026-02-17 02:00:00,3.07,0.6,-0.2336734693877551,True,True,False,0.05,False,MILD
030,23,2026-02-17 03:00:00,3.07,0.6,-0.25285714285714284,True,True,False,0.05,False,MILD
030,24,2026-02-17 04:00:00,3.07,0.5,-0.2571428571428572,True,True,False,0.05,False,MILD
030,25,2026-02-17 05:00:00,3.07,0.5,-0.26040816326530614,True,True,False,0.05,False,MILD
030,26,2026-02-17 06:00:00,3.07,0.5,-0.2648979591836734,True,True,False,0.05,False,MILD
030,27,2026-02-17 07:00:00,111.32,0.5,-0.25448979591836735,True,False,True,0.05,False,MILD
030,28,2026-02-17 08:00:00,111.32,0.5,-0.2463265306122449,True,False,True,0.05,False,MILD
030,29,2026-02-17 09:00:00,111.32,0.5,-0.2473469387755102,True,False,True,0.05,False,MILD
030,30,2026-02-17 10:00:00,111.32,0.2,-0.2485714285714286,True,False,True,0.05,False,MILD
030,31,2026-02-17 11:00:00,111.32,0.2,-0.2504081632653061,True,False,True,0.05,False,MILD
030,32,2026-02-17 12:00:00,111.32,0.2,-0.25612244897959185,True,False,True,0.05,False,MILD
030,33,2026-02-17 13:00:00,111.32,0.2,-0.2757142857142857,True,False,True,0.05,False,MILD
030,34,2026-02-17 14:00:00,111.32,0.2,-0.28102040816326535,True,False,True,0.05,False,MILD
030,35,2026-02-17 15:00:00,39.87,0.2,-0.2879591836734694,True,False,True,0.05,False,MILD
030,36,2026-02-17 16:00:00,39.87,0.2,-0.3016326530612245,True,False,True,0.05,False,MILD
030,37,2026-02-17 17:00:00,39.87,0.2,-0.29714285714285715,True,False,True,0.05,False,MILD
030,38,2026-02-17 18:00:00,39.87,0.2,-0.29285714285714287,True,False,True,0.05,False,MILD
030,39,2026-02-17 19:00:00,39.87,0.2,-0.2744897959183673,True,False,True,0.05,False,MILD
030,40,2026-02-17 20:00:00,39.87,0.2,-0.26102040816326527,True,False,True,0.05,False,MILD
030,41,2026-02-17 21:00:00,39.87,0.3,-0.23122448979591836,True,False,True,0.05,False,MILD
030,42,2026-02-17 22:00:00,125.56,0.3,-0.21591836734693873,True,False,True,0.05,False,MILD
030,43,2026-02-17 23:00:00,125.56,0.3,-0.20081632653061224,True,False,True,0.05,False,MILD
030,44,2026-02-18 00:00:00,125.56,0.3,-0.18367346938775514,True,False,True,0.05,False,MILD
030,45,2026-02-18 01:00:00,125.56,0.3,-0.1683673469387755,True,False,True,0.05,False,MILD
030,46,2026-02-18 02:00:00,125.56,0.3,-0.1489795918367347,True,False,True,0.05,False,MILD
030,47,2026-02-18 03:00:00,125.56,0.3,-0.1426530612244898,True,False,True,0.05,False,MILD
030,48,2026-02-18 04:00:00,125.56,0.3,-0.1463265306122449,True,False,True,0.05,False,MILD
030,49,2026-02-18 05:00:00,125.56,0.2,-0.14714285714285713,True,False,True,0.05,False,MILD
030,50,2026-02-18 06:00:00,68.75,0.2,-0.1469387755102041,True,False,True,0.05,False,MILD
030,51,2026-02-18 07:00:00,1.7,0.2,-0.14653061224489797,True,True,False,0.05,False,MILD
030,52,2026-02-18 08:00:00,1.7,0.2,-0.13591836734693877,True,True,False,0.05,False,MILD
030,53,2026-02-18 09:00:00,1.7,0.2,-0.12734693877551023,True,True,False,0.05,False,MILD
030,54,2026-02-18 10:00:00,1.7,0.2,-0.12408163265306123,True,True,False,0.05,False,MILD
030,55,2026-02-18 11:00:00,1.7,0.2,-0.1263265306122449,True,True,False,0.05,False,MILD
030,56,2026-02-18 12:00:00,1.7,0.2,-0.12367346938775511,True,True,False,0.05,False,MILD
030,57,2026-02-18 13:00:00,1.72,0.2,-0.11816326530612244,True,True,False,0.05,False,MILD
030,58,2026-02-18 14:00:00,38.01,0.2,-0.12081632653061222,True,False,True,0.05,False,MILD
030,59,2026-02-18 15:00:00,38.01,0.2,-0.12204081632653062,True,False,True,0.05,False,MILD
030,60,2026-02-18 16:00:00,38.01,0.2,-0.12775510204081633,True,False,True,0.05,False,MILD
030,61,2026-02-18 17:00:00,38.01,0.2,-0.13163265306122449,True,False,True,0.05,False,MILD
030,62,2026-02-18 18:00:00,38.01,0.2,-0.14061224489795918,True,False,True,0.05,False,MILD
031,1,2026-03-01 11:00:00,7.92,0.9,0.051428571428571435,False,False,True,0.0,False,MILD
031,2,2026-03-01 12:00:00,172.91,1.1,0.047692307692307694,False,False,True,0.0,False,MILD
031,3,2026-03-01 13:00:00,172.91,1.5,0.024736842105263158,False,False,True,0.0,False,MILD
031,4,2026-03-01 14:00:00,172.91,1.5,0.0332,False,False,True,0.0,False,MILD
031,5,2026-03-01 15:00:00,172.91,1.5,0.031935483870967736,False,False,True,0.0,False,MILD
031,6,2026-03-01 16:00:00,172.91,1.5,0.04216216216216216,False,False,True,0.0,False,MILD
031,7,2026-03-01 17:00:00,172.91,1.5,0.04813953488372093,False,False,True,0.0,False,MILD
031,8,2026-03-01 18:00:00,172.91,1.5,0.05102040816326531,False,False,True,0.0,False,MILD
031,9,2026-03-01 19:00:00,172.91,1.5,0.056734693877551014,False,False,True,0.0,False,MILD
031,10,2026-03-01 20:00:00,6.23,1.5,0.06530612244897958,False,False,True,0.0,False,MILD
031,11,2026-03-01 21:00:00,6.23,1.5,0.0910204081632653,False,False,True,0.0,False,MILD
031,12,2026-03-01 22:00:00,6.23,1.1,0.09714285714285714,False,False,True,0.05,False,MILD
031,13,2026-03-01 23:00:00,3.62,0.6,0.10510204081632654,False,False,True,0.05,False,MILD
031,14,2026-03-02 00:00:00,3.62,0.6,0.11755102040816326,False,False,True,0.05,False,MILD
031,15,2026-03-02 01:00:00,3.62,0.5,0.11673469387755102,False,False,True,0.05,False,MILD
031,16,2026-03-02 02:00:00,3.62,0.5,0.12897959183673469,False,False,True,0.05,False,MILD
031,17,2026-03-02 03:00:00,3.62,0.5,0.13938775510204082,False,False,True,0.05,False,MILD
031,18,2026-03-02 04:00:00,3.62,0.5,0.14551020408163265,False,False,True,0.05,False,MILD
031,19,2026-03-02 05:00:00,3.62,0.5,0.1383673469387755,False,False,True,0.05,False,MILD
031,20,2026-03-02 06:00:00,3.62,0.5,0.14448979591836736,False,False,True,0.05,False,MILD
031,21,2026-03-02 07:00:00,2.45,0.5,0.1520408163265306,False,False,True,0.05,False,MILD
031,22,2026-03-02 08:00:00,1.48,0.5,0.1520408163265306,False,False,True,0.05,False,MILD
031,23,2026-03-02 09:00:00,1.31,0.5,0.16714285714285718,False,False,True,0.05,False,MILD
031,24,2026-03-02 10:00:00,1.3,0.2,0.1648979591836735,False,False,True,0.05,False,MILD
031,25,2026-03-02 11:00:00,32.22,0.2,0.16510204081632654,False,False,True,0.05,False,MILD
031,26,2026-03-02 12:00:00,32.22,0.3,0.15183673469387757,False,False,True,0.05,False,MILD
031,27,2026-03-02 13:00:00,32.22,0.3,0.1522448979591837,False,False,True,0.05,False,MILD
031,28,2026-03-02 14:00:00,32.22,0.3,0.1463265306122449,False,False,True,0.05,False,MILD
031,29,2026-03-02 15:00:00,32.22,0.3,0.14204081632653062,False,False,True,0.05,False,MILD
031,30,2026-03-02 16:00:00,32.22,0.3,0.13877551020408163,False,False,True,0.05,False,MILD
031,31,2026-03-02 17:00:00,32.22,0.3,0.12653061224489798,False,False,True,0.05,False,MILD
031,32,2026-03-02 18:00:00,32.22,0.3,0.11510204081632652,False,False,True,0.05,False,MILD
031,33,2026-03-02 19:00:00,18.34,0.3,0.11469387755102041,False,False,True,0.05,False,MILD
031,34,2026-03-02 20:00:00,18.34,0.2,0.11571428571428573,False,False,True,0.05,False,MILD
031,35,2026-03-02 21:00:00,18.34,0.2,0.12857142857142856,False,False,True,0.05,False,MILD
031,36,2026-03-02 22:00:00,18.34,0.2,0.1193877551020408,False,False,True,0.05,False,MILD
031,37,2026-03-02 23:00:00,18.34,0.2,0.11306122448979591,False,False,True,0.05,False,MILD
031,38,2026-03-03 00:00:00,173.31,0.2,0.10959183673469387,False,False,True,0.05,False,MILD
031,39,2026-03-03 01:00:00,173.31,0.2,0.10714285714285714,False,False,True,0.05,False,MILD
031,40,2026-03-03 02:00:00,175.67,0.2,0.0989795918367347,False,False,True,0.05,False,MILD
031,41,2026-03-03 03:00:00,175.67,0.2,0.09510204081632653,False,False,True,0.05,False,MILD
031,42,2026-03-03 04:00:00,175.67,0.2,0.08979591836734695,False,False,True,0.05,False,MILD
031,43,2026-03-03 05:00:00,175.67,0.2,0.06959183673469388,False,False,True,0.05,False,MILD
031,44,2026-03-03 06:00:00,175.67,0.2,0.07142857142857144,False,False,True,0.05,False,MILD
032,1,2026-03-16 11:00:00,3.93,1.0,-0.9171428571428573,True,True,True,0.0,False,MILD
032,2,2026-03-16 12:00:00,5.42,1.0,-0.9223076923076922,True,True,True,0.0,False,MILD
032,3,2026-03-16 13:00:00,5.85,2.3,-0.9184210526315789,True,True,True,0.0,False,MILD
032,4,2026-03-16 14:00:00,5.96,2.3,-0.9087999999999999,True,True,True,0.0,False,MILD
032,5,2026-03-16 15:00:00,5.96,2.3,-0.894516129032258,True,True,True,0.0,False,MILD
032,6,2026-03-16 16:00:00,5.96,2.3,-0.8913513513513512,True,True,True,0.0,False,MILD
032,7,2026-03-16 17:00:00,5.96,2.3,-0.8927906976744187,True,True,True,0.0,False,MILD
032,8,2026-03-16 18:00:00,5.96,2.3,-0.890204081632653,True,True,True,0.0,False,MILD
032,9,2026-03-16 19:00:00,5.96,2.3,-0.8799999999999999,True,True,True,0.0,False,MILD
032,10,2026-03-16 20:00:00,5.96,2.3,-0.8814285714285713,True,True,True,0.0,False,MILD
032,11,2026-03-16 21:00:00,5.96,2.1,-0.8781632653061224,True,True,True,0.0,False,MILD
032,12,2026-03-16 22:00:00,3.43,0.6,-0.8777551020408164,True,True,True,0.05,False,MILD
032,13,2026-03-16 23:00:00,3.4,0.6,-0.8904081632653061,True,True,True,0.05,False,MILD
032,14,2026-03-17 00:00:00,3.4,0.6,-0.8906122448979593,True,True,True,0.05,False,MILD
032,15,2026-03-17 01:00:00,3.4,0.6,-0.9012244897959183,True,True,True,0.05,False,MILD
032,16,2026-03-17 02:00:00,3.4,0.3,-0.8999999999999999,True,True,True,0.05,False,MILD
032,17,2026-03-17 03:00:00,2.85,0.2,-0.9144897959183672,True,True,True,0.05,False,MILD
032,18,2026-03-17 04:00:00,1.55,0.2,-0.9153061224489796,True,True,True,0.05,False,MILD
032,19,2026-03-17 05:00:00,1.55,0.2,-0.9240816326530612,True,True,True,0.05,False,MILD
032,20,2026-03-17 06:00:00,1.55,0.2,-0.930204081632653,True,True,True,0.05,False,MILD
032,21,2026-03-17 07:00:00,1.63,0.2,-0.9267346938775509,True,True,True,0.05,False,MILD
032,22,2026-03-17 08:00:00,31.16,0.3,-0.9308163265306124,True,False,True,0.05,False,MILD
032,23,2026-03-17 09:00:00,31.16,0.3,-0.9216326530612244,True,False,True,0.05,False,MILD
032,24,2026-03-17 10:00:00,31.16,0.3,-0.9279591836734695,True,False,True,0.05,False,MILD
032,25,2026-03-17 11:00:00,31.16,0.3,-0.9330612244897958,True,False,True,0.05,False,MILD
032,26,2026-03-17 12:00:00,31.16,0.3,-0.9334693877551019,True,False,True,0.05,False,MILD
032,27,2026-03-17 13:00:00,31.16,0.3,-0.9322448979591835,True,False,True,0.05,False,MILD
033,1,2026-01-10 22:00:00,7.48,1.1,-0.7285714285714285,True,True,True,0.0,False,MILD
033,2,2026-01-10 23:00:00,7.7,1.1,-0.7007692307692308,True,True,True,0.0,False,MILD
033,3,2026-01-11 00:00:00,7.7,2.1,-0.708421052631579,True,True,True,0.0,False,MILD
033,4,2026-01-11 01:00:00,7.7,2.4,-0.7123999999999999,True,True,False,0.0,False,MILD
033,5,2026-01-11 02:00:00,7.7,2.4,-0.7003225806451613,True,True,False,0.0,False,MILD
033,6,2026-01-11 03:00:00,7.7,2.4,-0.685945945945946,True,True,False,0.0,False,MILD
033,7,2026-01-11 04:00:00,7.7,2.4,-0.6744186046511629,True,True,False,0.0,False,MILD
033,8,2026-01-11 05:00:00,7.7,2.4,-0.6642857142857143,True,True,False,0.0,False,MILD
033,9,2026-01-11 06:00:00,7.7,2.5,-0.6426530612244898,True,True,False,0.0,False,MILD
033,10,2026-01-11 07:00:00,5.43,2.5,-0.6310204081632653,True,True,False,0.0,False,MILD
033,11,2026-01-11 08:00:00,5.43,2.5,-0.6146938775510205,True,True,False,0.0,False,MILD
033,12,2026-01-11 09:00:00,4.62,2.5,-0.5910204081632653,True,True,False,0.05,False,MILD
033,13,2026-01-11 10:00:00,4.62,2.5,-0.5846938775510204,True,True,False,0.05,False,MILD
033,14,2026-01-11 11:00:00,177.81,2.5,-0.5683673469387754,True,False,True,0.05,False,MILD
033,15,2026-01-11 12:00:00,177.81,2.5,-0.5510204081632653,True,False,True,0.05,False,MILD
033,16,2026-01-11 13:00:00,177.81,2.5,-0.5359183673469388,True,False,True,0.05,False,MILD
033,17,2026-01-11 14:00:00,177.81,1.1,-0.5371428571428573,True,False,True,0.05,False,MILD
033,18,2026-01-11 15:00:00,177.81,1.1,-0.5326530612244899,True,False,True,0.05,False,MILD
033,19,2026-01-11 16:00:00,177.81,0.8,-0.529795918367347,True,False,True,0.05,False,MILD
033,20,2026-01-11 17:00:00,177.81,0.8,-0.5251020408163265,True,False,True,0.05,False,MILD
033,21,2026-01-11 18:00:00,177.81,0.6,-0.5261224489795918,True,False,True,0.05,False,MILD
033,22,2026-01-11 19:00:00,352.25,0.6,-0.5297959183673469,True,False,True,0.05,False,MILD
033,23,2026-01-11 20:00:00,352.25,0.6,-0.5412244897959183,True,False,True,0.05,False,MILD
033,24,2026-01-11 21:00:00,352.25,0.6,-0.5481632653061225,True,False,True,0.05,False,MILD
033,25,2026-01-11 22:00:00,352.25,0.6,-0.5506122448979592,True,False,True,0.05,False,MILD
033,26,2026-01-11 23:00:00,352.25,0.6,-0.5438775510204082,True,False,True,0.05,False,MILD
033,27,2026-01-12 00:00:00,352.25,0.6,-0.5261224489795918,True,False,True,0.05,False,MILD
033,28,2026-01-12 01:00:00,352.25,0.9,-0.5242857142857142,True,False,True,0.05,False,MILD
033,29,2026-01-12 02:00:00,352.25,0.9,-0.5010204081632653,True,False,True,0.05,False,MILD
033,30,2026-01-12 03:00:00,3.1,0.9,-0.4846938775510204,True,True,False,0.05,False,MILD
033,31,2026-01-12 04:00:00,2.52,0.9,-0.46755102040816326,True,True,False,0.05,False,MILD
033,32,2026-01-12 05:00:00,329.91,0.9,-0.45408163265306123,True,False,True,0.05,False,MILD
033,33,2026-01-12 06:00:00,329.91,0.9,-0.42979591836734693,True,False,True,0.05,False,MILD
033,34,2026-01-12 07:00:00,329.91,0.9,-0.41836734693877553,True,False,True,0.05,False,MILD
033,35,2026-01-12 08:00:00,329.91,0.9,-0.4120408163265306,True,False,True,0.05,False,MILD
033,36,2026-01-12 09:00:00,329.91,0.7,-0.40571428571428575,True,False,True,0.05,False,MILD
033,37,2026-01-12 10:00:00,329.91,0.6,-0.4040816326530612,True,False,True,0.05,False,MILD
033,38,2026-01-12 11:00:00,329.91,0.6,-0.39979591836734696,True,False,True,0.05,False,MILD
033,39,2026-01-12 12:00:00,329.91,0.4,-0.4104081632653061,True,False,True,0.05,False,MILD
033,40,2026-01-12 13:00:00,47.18,0.3,-0.4124489795918367,True,False,True,0.05,False,MILD
033,41,2026-01-12 14:00:00,54.53,0.3,-0.41632653061224495,True,False,True,0.05,False,MILD
033,42,2026-01-12 15:00:00,54.53,0.3,-0.41163265306122443,True,False,True,0.05,False,MILD
033,43,2026-01-12 16:00:00,54.53,0.3,-0.42408163265306126,True,False,True,0.05,False,MILD
033,44,2026-01-12 17:00:00,54.53,0.3,-0.4197959183673469,True,False,True,0.05,False,MILD
033,45,2026-01-12 18:00:00,54.53,0.3,-0.41938775510204085,True,False,True,0.05,False,MILD
033,46,2026-01-12 19:00:00,54.53,0.2,-0.4212244897959183,True,False,True,0.05,False,MILD
033,47,2026-01-12 20:00:00,54.53,0.2,-0.4055102040816327,True,False,True,0.05,False,MILD
033,48,2026-01-12 21:00:00,54.53,0.2,-0.39571428571428574,True,False,True,0.05,False,MILD
033,49,2026-01-12 22:00:00,1.7,0.1,-0.386734693877551,True,True,False,0.05,False,MILD
033,50,2026-01-12 23:00:00,1.7,0.3,-0.3757142857142857,True,True,False,0.05,False,MILD
033,51,2026-01-13 00:00:00,508.1,0.3,-0.3622448979591837,True,False,True,0.05,False,MILD
033,52,2026-01-13 01:00:00,508.1,0.3,-0.3557142857142857,True,False,True,0.05,False,MILD
033,53,2026-01-13 02:00:00,508.1,0.3,-0.3330612244897959,True,False,True,0.05,False,MILD
033,54,2026-01-13 03:00:00,508.1,0.3,-0.3171428571428571,True,False,True,0.05,False,MILD
033,55,2026-01-13 04:00:00,508.1,0.3,-0.3087755102040816,True,False,True,0.05,False,MILD
033,56,2026-01-13 05:00:00,508.1,0.3,-0.29081632653061223,True,False,True,0.05,False,MILD
033,57,2026-01-13 06:00:00,508.1,0.3,-0.29183673469387755,True,False,True,0.05,False,MILD
033,58,2026-01-13 07:00:00,508.1,0.3,-0.28061224489795916,True,False,True,0.05,False,MILD
033,59,2026-01-13 08:00:00,88.04,0.3,-0.27469387755102037,True,False,True,0.05,False,MILD
033,60,2026-01-13 09:00:00,88.04,0.3,-0.2622448979591837,True,False,True,0.05,False,MILD
033,61,2026-01-13 10:00:00,88.04,0.2,-0.25673469387755105,True,False,True,0.05,False,MILD
033,62,2026-01-13 11:00:00,88.04,0.2,-0.2506122448979592,True,False,True,0.05,False,MILD
033,63,2026-01-13 12:00:00,88.04,0.2,-0.2540816326530612,True,False,True,0.05,False,MILD
033,64,2026-01-13 13:00:00,88.04,0.1,-0.25551020408163266,True,False,True,0.05,False,MILD
033,65,2026-01-13 14:00:00,88.04,0.2,-0.2422448979591837,True,False,True,0.05,False,MILD
033,66,2026-01-13 15:00:00,88.04,0.2,-0.23224489795918368,True,False,True,0.05,False,MILD
033,67,2026-01-13 16:00:00,90.03,0.2,-0.22000000000000003,True,False,True,0.05,False,MILD
033,68,2026-01-13 17:00:00,90.03,0.2,-0.20979591836734693,True,False,True,0.05,False,MILD
033,69,2026-01-13 18:00:00,90.03,0.2,-0.20061224489795917,True,False,True,0.05,False,MILD
033,70,2026-01-13 19:00:00,90.03,0.2,-0.20285714285714285,True,False,True,0.05,False,MILD
033,71,2026-01-13 20:00:00,90.03,0.2,-0.19,True,False,True,0.05,False,MILD
033,72,2026-01-13 21:00:00,128.99,0.2,-0.18326530612244898,True,False,True,0.05,False,MILD
033,73,2026-01-13 22:00:00,128.99,0.2,-0.17612244897959184,True,False,True,0.05,False,MILD
033,74,2026-01-13 23:00:00,128.99,0.2,-0.17673469387755097,True,False,True,0.05,False,MILD
033,75,2026-01-14 00:00:00,128.99,0.2,-0.18673469387755104,True,False,True,0.05,False,MILD
033,76,2026-01-14 01:00:00,128.99,0.3,-0.18102040816326534,True,False,True,0.05,False,MILD
033,77,2026-01-14 02:00:00,128.99,0.3,-0.18244897959183673,True,False,True,0.05,False,MILD
033,78,2026-01-14 03:00:00,128.99,0.3,-0.1826530612244898,True,False,True,0.05,False,MILD
033,79,2026-01-14 04:00:00,128.99,0.3,-0.17244897959183675,True,False,True,0.05,False,MILD
033,80,2026-01-14 05:00:00,1.46,0.3,-0.1681632653061224,True,True,True,0.05,True,MILD
033,81,2026-01-14 06:00:00,1.46,0.3,-0.17040816326530614,True,True,True,0.05,False,MILD
033,82,2026-01-14 07:00:00,1.46,0.3,-0.16959183673469388,True,True,True,0.05,False,MILD
033,83,2026-01-14 08:00:00,1.46,0.3,-0.1606122448979592,True,True,True,0.05,False,MILD
033,84,2026-01-14 09:00:00,1.46,0.2,-0.17061224489795918,True,True,True,0.05,False,MILD
033,85,2026-01-14 10:00:00,1.46,0.2,-0.1759183673469388,True,True,True,0.05,False,MILD
033,86,2026-01-14 11:00:00,1.46,0.2,-0.1797959183673469,True,True,True,0.05,False,MILD
033,87,2026-01-14 12:00:00,1.46,0.2,-0.19183673469387755,True,True,True,0.05,False,MILD
033,88,2026-01-14 13:00:00,1.18,0.2,-0.19877551020408168,True,True,True,0.05,False,MILD
033,89,2026-01-14 14:00:00,1.18,0.2,-0.21224489795918372,True,True,True,0.05,False,MILD
033,90,2026-01-14 15:00:00,1.18,0.2,-0.21122448979591835,True,True,True,0.05,False,MILD
033,91,2026-01-14 16:00:00,1.18,0.2,-0.22244897959183674,True,True,True,0.05,False,MILD
033,92,2026-01-14 17:00:00,1.18,0.2,-0.21897959183673465,True,True,True,0.05,False,MILD
033,93,2026-01-14 18:00:00,1.18,0.1,-0.21775510204081633,True,True,True,0.05,False,MILD
033,94,2026-01-14 19:00:00,1.18,0.2,-0.19979591836734692,True,True,True,0.05,False,MILD
033,95,2026-01-14 20:00:00,1.1,0.2,-0.18693877551020407,True,True,True,0.05,False,MILD
033,96,2026-01-14 21:00:00,1.1,0.2,-0.18040816326530612,True,True,True,0.05,False,MILD
033,97,2026-01-14 22:00:00,1.33,0.2,-0.16285714285714287,True,True,True,0.05,False,MILD
033,98,2026-01-14 23:00:00,1.33,0.2,-0.15734693877551018,True,True,True,0.05,False,MILD
033,99,2026-01-15 00:00:00,1.33,0.2,-0.13551020408163267,True,True,True,0.05,False,MILD
033,100,2026-01-15 01:00:00,1.33,0.2,-0.13285714285714284,True,True,True,0.05,False,MILD
033,101,2026-01-15 02:00:00,1.33,0.2,-0.12081632653061225,True,True,True,0.05,False,MILD
033,102,2026-01-15 03:00:00,150.31,0.2,-0.12836734693877552,True,False,True,0.05,False,MILD
033,103,2026-01-15 04:00:00,150.31,0.2,-0.1346938775510204,True,False,True,0.05,False,MILD
033,104,2026-01-15 05:00:00,150.31,0.2,-0.12918367346938778,True,False,True,0.05,False,MILD
033,105,2026-01-15 06:00:00,150.31,0.2,-0.13224489795918368,True,False,True,0.05,False,MILD
033,106,2026-01-15 07:00:00,150.31,0.1,-0.12571428571428572,True,False,True,0.05,False,MILD
033,107,2026-01-15 08:00:00,150.31,0.1,-0.13999999999999999,True,False,True,0.05,False,MILD
033,108,2026-01-15 09:00:00,150.31,0.1,-0.14244897959183672,True,False,True,0.05,False,MILD
033,109,2026-01-15 10:00:00,150.31,0.2,-0.13897959183673467,True,False,True,0.05,False,MILD
033,110,2026-01-15 11:00:00,1.69,0.2,-0.13142857142857142,True,True,True,0.05,False,MILD
033,111,2026-01-15 12:00:00,1.69,0.2,-0.13142857142857145,True,True,True,0.05,False,MILD
033,112,2026-01-15 13:00:00,1.69,0.2,-0.12979591836734694,True,True,True,0.05,False,MILD
034,1,2026-05-26 03:00:00,6.4,2.0,0.030000000000000002,False,False,True,0.0,False,MODERATE
034,2,2026-05-26 04:00:00,6.4,2.0,0.030769230769230774,False,False,True,0.0,False,MODERATE
034,3,2026-05-26 05:00:00,6.4,2.0,0.03631578947368421,False,False,True,0.0,False,MODERATE
034,4,2026-05-26 06:00:00,6.4,2.3,0.027600000000000006,False,False,True,0.0,False,MODERATE
034,5,2026-05-26 07:00:00,6.4,2.3,0.027419354838709685,False,False,True,0.0,False,MODERATE
034,6,2026-05-26 08:00:00,6.4,2.3,0.023783783783783784,False,False,True,0.0,False,MODERATE
034,7,2026-05-26 09:00:00,6.4,2.3,0.01744186046511628,False,False,True,0.0,False,MODERATE
034,8,2026-05-26 10:00:00,6.4,2.3,0.013673469387755105,False,False,True,0.0,False,MODERATE
034,9,2026-05-26 11:00:00,5.96,2.3,0.010612244897959179,False,False,True,0.0,False,MODERATE
034,10,2026-05-26 12:00:00,5.96,2.3,0.01693877551020408,False,False,True,0.0,False,MODERATE
034,11,2026-05-26 13:00:00,6.98,2.3,0.006530612244897957,False,False,True,0.0,False,MODERATE
034,12,2026-05-26 14:00:00,6.98,2.1,0.007551020408163264,False,False,True,0.0,False,MODERATE
034,13,2026-05-26 15:00:00,6.98,2.1,0.00693877551020408,False,False,True,0.0,False,MODERATE
034,14,2026-05-26 16:00:00,475.29,2.1,0.02122448979591837,False,False,True,0.0,False,MODERATE
034,15,2026-05-26 17:00:00,475.29,2.1,0.03612244897959184,False,False,True,0.0,False,MODERATE
034,16,2026-05-26 18:00:00,475.29,2.1,0.050612244897959194,False,False,True,0.0,False,MODERATE
034,17,2026-05-26 19:00:00,475.29,2.1,0.07387755102040816,False,False,True,0.0,False,MODERATE
034,18,2026-05-26 20:00:00,475.29,2.1,0.08510204081632655,False,False,True,0.0,False,MODERATE
034,19,2026-05-26 21:00:00,475.29,2.1,0.11020408163265306,False,False,True,0.0,False,MODERATE
034,20,2026-05-26 22:00:00,475.29,0.6,0.12795918367346937,False,False,True,0.0,False,MODERATE
034,21,2026-05-26 23:00:00,475.29,0.6,0.15959183673469388,False,False,True,0.0,False,MODERATE
034,22,2026-05-27 00:00:00,874.98,0.6,0.1646938775510204,False,False,True,0.0,False,MODERATE
034,23,2026-05-27 01:00:00,874.98,0.8,0.18714285714285714,False,False,True,0.0,False,MODERATE
034,24,2026-05-27 02:00:00,874.98,0.8,0.20163265306122446,False,False,True,0.0,False,MODERATE
034,25,2026-05-27 03:00:00,874.98,0.8,0.20591836734693877,False,False,True,0.0,False,MODERATE
034,26,2026-05-27 04:00:00,874.98,0.8,0.21244897959183678,False,False,True,0.0,False,MODERATE
034,27,2026-05-27 05:00:00,874.98,0.8,0.21999999999999997,False,False,True,0.0,False,MODERATE
034,28,2026-05-27 06:00:00,874.98,0.8,0.23448979591836733,False,False,True,0.0,False,MODERATE
034,29,2026-05-27 07:00:00,874.98,0.8,0.23571428571428574,False,False,True,0.0,False,MODERATE
034,30,2026-05-27 08:00:00,68.02,0.8,0.22979591836734695,False,False,True,0.0,False,MODERATE
034,31,2026-05-27 09:00:00,68.02,0.8,0.2257142857142857,False,False,True,0.0,False,MODERATE
034,32,2026-05-27 10:00:00,3.23,0.7,0.22285714285714286,False,False,True,0.0,False,MODERATE
034,33,2026-05-27 11:00:00,3.23,0.7,0.2248979591836735,False,False,True,0.0,False,MODERATE
034,34,2026-05-27 12:00:00,3.23,0.7,0.2151020408163265,False,False,True,0.0,False,MODERATE
034,35,2026-05-27 13:00:00,3.11,0.7,0.19755102040816325,False,False,True,0.0,False,MODERATE
034,36,2026-05-27 14:00:00,3.11,0.7,0.1826530612244898,False,False,True,0.0,False,MODERATE
034,37,2026-05-27 15:00:00,3.11,0.7,0.1636734693877551,False,False,True,0.0,False,MODERATE
034,38,2026-05-27 16:00:00,327.18,0.7,0.14938775510204083,False,False,True,0.0,False,MODERATE
034,39,2026-05-27 17:00:00,327.18,0.7,0.14081632653061224,False,False,True,0.0,False,MODERATE
034,40,2026-05-27 18:00:00,327.18,0.7,0.13142857142857145,False,False,True,0.0,False,MODERATE
034,41,2026-05-27 19:00:00,327.18,0.7,0.13020408163265307,False,False,True,0.0,False,MODERATE
034,42,2026-05-27 20:00:00,327.18,0.7,0.12428571428571428,False,False,True,0.0,False,MODERATE
034,43,2026-05-27 21:00:00,327.18,0.7,0.11591836734693879,False,False,True,0.0,False,MODERATE
034,44,2026-05-27 22:00:00,327.18,0.7,0.12040816326530611,False,False,True,0.0,False,MODERATE
034,45,2026-05-27 23:00:00,327.18,0.7,0.12122448979591836,False,False,True,0.0,False,MODERATE
034,46,2026-05-28 00:00:00,19.08,0.6,0.12122448979591838,False,False,True,0.0,False,MODERATE
034,47,2026-05-28 01:00:00,19.08,0.6,0.12999999999999998,False,False,True,0.0,False,MODERATE
034,48,2026-05-28 02:00:00,19.08,0.6,0.11530612244897959,False,False,True,0.0,False,MODERATE
034,49,2026-05-28 03:00:00,19.08,0.5,0.09979591836734696,False,False,True,0.0,False,MODERATE
034,50,2026-05-28 04:00:00,19.08,0.5,0.09306122448979592,False,False,True,0.0,False,MODERATE
034,51,2026-05-28 05:00:00,19.08,0.2,0.08142857142857142,False,False,True,0.0,False,MODERATE
034,52,2026-05-28 06:00:00,19.08,0.2,0.056938775510204084,False,False,True,0.0,False,MODERATE
034,53,2026-05-28 07:00:00,1.18,0.2,0.029387755102040815,False,False,True,0.0,False,MODERATE
034,54,2026-05-28 08:00:00,1.09,0.2,0.015714285714285715,False,False,True,0.0,False,MODERATE
034,55,2026-05-28 09:00:00,1.13,0.2,-0.0022448979591836744,True,True,False,0.0,False,MODERATE
034,56,2026-05-28 10:00:00,308.19,0.2,-0.015714285714285715,True,False,True,0.0,False,MODERATE
034,57,2026-05-28 11:00:00,308.19,0.2,-0.01653061224489796,True,False,True,0.0,False,MODERATE
034,58,2026-05-28 12:00:00,308.19,0.2,-0.019387755102040816,True,False,True,0.0,False,MODERATE
034,59,2026-05-28 13:00:00,308.19,0.2,-0.017755102040816328,True,False,True,0.0,False,MODERATE
034,60,2026-05-28 14:00:00,308.19,0.2,-0.015714285714285715,True,False,True,0.0,False,MODERATE
034,61,2026-05-28 15:00:00,308.19,0.2,-0.0006122448979591848,True,False,True,0.0,False,MODERATE
034,62,2026-05-28 16:00:00,308.19,0.1,0.012244897959183673,False,False,True,0.0,False,MODERATE
034,63,2026-05-28 17:00:00,308.19,0.1,0.031020408163265307,False,False,True,0.0,False,MODERATE
034,64,2026-05-28 18:00:00,233.34,0.1,0.040612244897959185,False,False,True,0.0,False,MODERATE
034,65,2026-05-28 19:00:00,233.34,0.2,0.04857142857142857,False,False,True,0.0,False,MODERATE
034,66,2026-05-28 20:00:00,233.34,0.2,0.05408163265306122,False,False,True,0.0,False,MODERATE
034,67,2026-05-28 21:00:00,233.34,0.2,0.05204081632653061,False,False,True,0.0,False,MODERATE
034,68,2026-05-28 22:00:00,298.08,0.2,0.06489795918367347,False,False,True,0.0,False,MODERATE
034,69,2026-05-28 23:00:00,298.08,0.2,0.06489795918367347,False,False,True,0.0,False,MODERATE
034,70,2026-05-29 00:00:00,298.08,0.2,0.06510204081632653,False,False,True,0.0,False,MODERATE
034,71,2026-05-29 01:00:00,298.08,0.2,0.05897959183673469,False,False,True,0.0,False,MODERATE
034,72,2026-05-29 02:00:00,298.08,0.2,0.04897959183673469,False,False,True,0.0,False,MODERATE
034,73,2026-05-29 03:00:00,298.08,0.2,0.04653061224489796,False,False,True,0.0,False,MODERATE
034,74,2026-05-29 04:00:00,298.08,0.2,0.043265306122448985,False,False,True,0.0,False,MODERATE
034,75,2026-05-29 05:00:00,298.08,0.2,0.047142857142857146,False,False,True,0.0,False,MODERATE
034,76,2026-05-29 06:00:00,16.48,0.2,0.048163265306122444,False,False,True,0.0,False,MODERATE
034,77,2026-05-29 07:00:00,16.48,0.2,0.04775510204081632,False,False,True,0.0,False,MODERATE
034,78,2026-05-29 08:00:00,16.48,0.2,0.04346938775510205,False,False,True,0.0,False,MODERATE
034,79,2026-05-29 09:00:00,16.48,0.2,0.03285714285714286,False,False,True,0.0,False,MODERATE
034,80,2026-05-29 10:00:00,16.48,0.2,0.03102040816326531,False,False,True,0.0,False,MODERATE
034,81,2026-05-29 11:00:00,15.34,0.2,0.027755102040816323,False,False,True,0.0,False,MODERATE
034,82,2026-05-29 12:00:00,15.34,0.2,0.026326530612244898,False,False,True,0.0,False,MODERATE
034,83,2026-05-29 13:00:00,611.52,0.2,0.021428571428571425,False,False,True,0.0,False,MODERATE
034,84,2026-05-29 14:00:00,611.52,0.2,0.02775510204081633,False,False,True,0.0,False,MODERATE
034,85,2026-05-29 15:00:00,611.52,0.2,0.032040816326530615,False,False,True,0.0,False,MODERATE
034,86,2026-05-29 16:00:00,611.52,0.2,0.034081632653061224,False,False,True,0.0,False,MODERATE
034,87,2026-05-29 17:00:00,611.52,0.2,0.04428571428571428,False,False,True,0.0,False,MODERATE
034,88,2026-05-29 18:00:00,611.52,0.2,0.04591836734693878,False,False,True,0.0,False,MODERATE
034,89,2026-05-29 19:00:00,611.52,0.2,0.04775510204081632,False,False,True,0.0,False,MODERATE
034,90,2026-05-29 20:00:00,611.52,0.2,0.06061224489795919,False,False,True,0.0,False,MODERATE
034,91,2026-05-29 21:00:00,49.88,0.2,0.05306122448979592,False,False,True,0.0,False,MODERATE
034,92,2026-05-29 22:00:00,49.88,0.2,0.04489795918367347,False,False,True,0.0,False,MODERATE
034,93,2026-05-29 23:00:00,49.88,0.2,0.04163265306122449,False,False,True,0.0,False,MODERATE
034,94,2026-05-30 00:00:00,49.88,0.2,0.03306122448979592,False,False,True,0.0,False,MODERATE
034,95,2026-05-30 01:00:00,183.69,0.2,0.017755102040816328,False,False,True,0.0,False,MODERATE
034,96,2026-05-30 02:00:00,183.69,0.2,0.024693877551020413,False,False,True,0.0,False,MODERATE
034,97,2026-05-30 03:00:00,183.69,0.2,0.021632653061224492,False,False,True,0.0,False,MODERATE
034,98,2026-05-30 04:00:00,183.69,0.2,0.008571428571428572,False,False,True,0.0,False,MODERATE
034,99,2026-05-30 05:00:00,183.69,0.2,0.010816326530612243,False,False,True,0.0,False,MODERATE
034,100,2026-05-30 06:00:00,183.69,0.2,0.014897959183673471,False,False,True,0.0,False,MODERATE
034,101,2026-05-30 07:00:00,183.69,0.2,0.0163265306122449,False,False,True,0.0,False,MODERATE
034,102,2026-05-30 08:00:00,183.69,0.2,0.008979591836734692,False,False,True,0.0,False,MODERATE
034,103,2026-05-30 09:00:00,25.36,0.3,0.01489795918367347,False,False,True,0.0,False,MODERATE
034,104,2026-05-30 10:00:00,512.13,0.3,0.013061224489795919,False,False,True,0.0,False,MODERATE
034,105,2026-05-30 11:00:00,512.13,0.3,0.02,False,False,True,0.0,False,MODERATE
034,106,2026-05-30 12:00:00,512.13,0.3,0.027346938775510202,False,False,True,0.0,False,MODERATE
034,107,2026-05-30 13:00:00,512.13,0.3,0.02857142857142857,False,False,True,0.0,False,MODERATE
034,108,2026-05-30 14:00:00,512.13,0.3,0.031428571428571424,False,False,True,0.0,False,MODERATE
034,109,2026-05-30 15:00:00,512.13,0.3,0.03673469387755102,False,False,True,0.0,False,MODERATE
034,110,2026-05-30 16:00:00,512.13,0.3,0.03693877551020408,False,False,True,0.0,False,MODERATE
034,111,2026-05-30 17:00:00,512.13,0.3,0.038979591836734696,False,False,True,0.0,False,MODERATE
034,112,2026-05-30 18:00:00,512.13,0.3,0.03612244897959184,False,False,True,0.0,False,MODERATE
034,113,2026-05-30 19:00:00,16.34,0.3,0.03693877551020408,False,False,True,0.0,False,MODERATE
034,114,2026-05-30 20:00:00,1.6,0.3,0.030408163265306126,False,False,True,0.0,False,MODERATE
034,115,2026-05-30 21:00:00,1.63,0.3,0.024693877551020406,False,False,True,0.0,False,MODERATE
034,116,2026-05-30 22:00:00,1.63,0.3,0.009795918367346938,False,False,True,0.0,False,MODERATE
034,117,2026-05-30 23:00:00,1.63,0.3,-0.002448979591836735,True,True,True,0.0,False,MODERATE
034,118,2026-05-31 00:00:00,1.63,0.3,-0.012040816326530614,True,True,True,0.0,False,MODERATE
034,119,2026-05-31 01:00:00,1.63,0.3,-0.021632653061224496,True,True,True,0.0,False,MODERATE
034,120,2026-05-31 02:00:00,1.63,0.3,-0.03428571428571429,True,True,True,0.0,False,MODERATE
034,121,2026-05-31 03:00:00,1.63,0.3,-0.057346938775510205,True,True,True,0.0,False,MODERATE
034,122,2026-05-31 04:00:00,1.63,0.3,-0.05897959183673471,True,True,True,0.0,False,MODERATE
034,123,2026-05-31 05:00:00,1.42,0.3,-0.0626530612244898,True,True,True,0.0,False,MODERATE
035,1,2026-03-04 14:00:00,436.26,3.1,-0.7971428571428572,True,False,True,0.0,False,MILD
035,2,2026-03-04 15:00:00,436.26,3.1,-0.7992307692307692,True,False,True,0.0,False,MILD
035,3,2026-03-04 16:00:00,436.26,3.1,-0.7957894736842105,True,False,True,0.0,False,MILD
035,4,2026-03-04 17:00:00,436.26,3.1,-0.7859999999999999,True,False,True,0.0,False,MILD
035,5,2026-03-04 18:00:00,436.26,3.1,-0.7893548387096774,True,False,True,0.0,False,MILD
035,6,2026-03-04 19:00:00,436.26,3.1,-0.7894594594594594,True,False,True,0.0,False,MILD
035,7,2026-03-04 20:00:00,436.26,3.1,-0.8002325581395348,True,False,True,0.0,False,MILD
035,8,2026-03-04 21:00:00,436.26,3.1,-0.8077551020408162,True,False,True,0.0,False,MILD
035,9,2026-03-04 22:00:00,8.43,2.4,-0.8106122448979591,True,True,False,0.0,False,MILD
035,10,2026-03-04 23:00:00,4.99,2.2,-0.8089795918367347,True,True,False,0.0,False,MILD
035,11,2026-03-05 00:00:00,3.72,2.2,-0.8097959183673471,True,True,False,0.0,False,MILD
035,12,2026-03-05 01:00:00,42.22,2.2,-0.8218367346938776,True,False,True,0.05,False,MILD
035,13,2026-03-05 02:00:00,42.22,0.7,-0.8271428571428572,True,False,True,0.05,False,MILD
035,14,2026-03-05 03:00:00,42.22,0.7,-0.8189795918367347,True,False,True,0.05,False,MILD
035,15,2026-03-05 04:00:00,42.22,0.7,-0.8126530612244898,True,False,True,0.05,False,MILD
035,16,2026-03-05 05:00:00,42.22,0.7,-0.7959183673469388,True,False,True,0.05,False,MILD
035,17,2026-03-05 06:00:00,42.22,0.7,-0.7863265306122448,True,False,True,0.05,False,MILD
035,18,2026-03-05 07:00:00,42.22,0.7,-0.773673469387755,True,False,True,0.05,False,MILD
035,19,2026-03-05 08:00:00,359.2,0.7,-0.7685714285714287,True,False,True,0.05,False,MILD
035,20,2026-03-05 09:00:00,359.2,0.7,-0.7555102040816327,True,False,True,0.05,False,MILD
035,21,2026-03-05 10:00:00,359.2,0.7,-0.7438775510204082,True,False,True,0.05,False,MILD
035,22,2026-03-05 11:00:00,359.2,0.7,-0.7430612244897958,True,False,True,0.05,False,MILD
035,23,2026-03-05 12:00:00,359.2,0.4,-0.7538775510204081,True,False,True,0.05,False,MILD
035,24,2026-03-05 13:00:00,359.2,0.4,-0.7575510204081634,True,False,True,0.05,False,MILD
035,25,2026-03-05 14:00:00,359.2,0.1,-0.773469387755102,True,False,True,0.05,False,MILD
035,26,2026-03-05 15:00:00,359.2,0.1,-0.7763265306122449,True,False,True,0.05,False,MILD
035,27,2026-03-05 16:00:00,46.31,0.1,-0.7789795918367346,True,False,True,0.05,False,MILD
035,28,2026-03-05 17:00:00,46.31,0.2,-0.7853061224489796,True,False,True,0.05,False,MILD
035,29,2026-03-05 18:00:00,59.13,0.2,-0.797142857142857,True,False,True,0.05,False,MILD
035,30,2026-03-05 19:00:00,59.13,0.2,-0.8055102040816327,True,False,True,0.05,False,MILD
035,31,2026-03-05 20:00:00,59.13,0.2,-0.7959183673469388,True,False,True,0.05,False,MILD
035,32,2026-03-05 21:00:00,59.13,0.2,-0.7975510204081633,True,False,True,0.05,False,MILD
035,33,2026-03-05 22:00:00,59.13,0.2,-0.7934693877551021,True,False,True,0.05,False,MILD
035,34,2026-03-05 23:00:00,59.13,0.2,-0.7857142857142856,True,False,True,0.05,False,MILD
035,35,2026-03-06 00:00:00,59.13,0.2,-0.7859183673469388,True,False,True,0.05,False,MILD
035,36,2026-03-06 01:00:00,59.13,0.2,-0.7771428571428571,True,False,True,0.05,False,MILD
035,37,2026-03-06 02:00:00,27.01,0.2,-0.7759183673469386,True,False,True,0.05,False,MILD
035,38,2026-03-06 03:00:00,27.01,0.2,-0.7665306122448978,True,False,True,0.05,False,MILD
035,39,2026-03-06 04:00:00,27.01,0.2,-0.7742857142857144,True,False,True,0.05,False,MILD
035,40,2026-03-06 05:00:00,27.01,0.2,-0.7751020408163266,True,False,True,0.05,False,MILD
035,41,2026-03-06 06:00:00,50.95,0.2,-0.7744897959183673,True,False,True,0.05,False,MILD
035,42,2026-03-06 07:00:00,50.95,0.2,-0.789591836734694,True,False,True,0.05,False,MILD
035,43,2026-03-06 08:00:00,50.95,0.2,-0.7889795918367347,True,False,True,0.05,False,MILD
035,44,2026-03-06 09:00:00,50.95,0.2,-0.8087755102040817,True,False,True,0.05,False,MILD
035,45,2026-03-06 10:00:00,50.95,0.2,-0.8065306122448979,True,False,True,0.05,False,MILD
035,46,2026-03-06 11:00:00,50.95,0.2,-0.8167346938775509,True,False,True,0.05,False,MILD
036,1,2026-03-04 16:00:00,5.89,2.4,0.35428571428571426,False,False,True,0.0,False,MODERATE
036,2,2026-03-04 17:00:00,5.89,2.4,0.3553846153846154,False,False,True,0.0,False,MODERATE
036,3,2026-03-04 18:00:00,206.56,2.4,0.3526315789473684,False,False,True,0.0,False,MODERATE
036,4,2026-03-04 19:00:00,422.99,2.4,0.3588,False,False,True,0.0,False,MODERATE
036,5,2026-03-04 20:00:00,422.99,2.4,0.36354838709677423,False,False,True,0.0,False,MODERATE
036,6,2026-03-04 21:00:00,422.99,2.4,0.3689189189189189,False,False,True,0.0,False,MODERATE
036,7,2026-03-04 22:00:00,422.99,2.4,0.37116279069767444,False,False,True,0.0,False,MODERATE
036,8,2026-03-04 23:00:00,422.99,2.4,0.37734693877551023,False,False,True,0.0,False,MODERATE
036,9,2026-03-05 00:00:00,422.99,2.2,0.37979591836734694,False,False,True,0.0,False,MODERATE
036,10,2026-03-05 01:00:00,422.99,1.9,0.38612244897959186,False,False,True,0.0,False,MODERATE
036,11,2026-03-05 02:00:00,422.99,1.5,0.38489795918367353,False,False,True,0.0,False,MODERATE
036,12,2026-03-05 03:00:00,337.05,1.0,0.37673469387755104,False,False,True,0.05,False,MODERATE
036,13,2026-03-05 04:00:00,337.05,0.7,0.376734693877551,False,False,True,0.05,False,MODERATE
036,14,2026-03-05 05:00:00,337.05,0.6,0.37591836734693873,False,False,True,0.05,False,MODERATE
036,15,2026-03-05 06:00:00,337.05,0.5,0.38306122448979585,False,False,True,0.05,False,MODERATE
036,16,2026-03-05 07:00:00,337.05,0.5,0.37979591836734694,False,False,True,0.05,False,MODERATE
036,17,2026-03-05 08:00:00,199.72,0.5,0.38918367346938776,False,False,True,0.05,False,MODERATE
036,18,2026-03-05 09:00:00,192.58,0.5,0.4008163265306123,False,False,True,0.05,False,MODERATE
036,19,2026-03-05 10:00:00,192.58,0.5,0.41204081632653056,False,False,True,0.05,False,MODERATE
036,20,2026-03-05 11:00:00,192.58,0.4,0.4357142857142857,False,False,True,0.05,False,MODERATE
036,21,2026-03-05 12:00:00,192.58,0.4,0.4469387755102041,False,False,True,0.05,False,MODERATE
036,22,2026-03-05 13:00:00,192.58,0.4,0.4481632653061225,False,False,True,0.05,False,MODERATE
036,23,2026-03-05 14:00:00,192.58,0.2,0.45448979591836736,False,False,True,0.05,False,MODERATE
036,24,2026-03-05 15:00:00,192.58,0.2,0.4642857142857143,False,False,True,0.05,False,MODERATE
036,25,2026-03-05 16:00:00,192.58,0.2,0.46367346938775517,False,False,True,0.05,False,MODERATE
036,26,2026-03-05 17:00:00,95.6,0.2,0.45469387755102036,False,False,True,0.05,False,MODERATE
036,27,2026-03-05 18:00:00,95.6,0.2,0.4661224489795918,False,False,True,0.05,False,MODERATE
036,28,2026-03-05 19:00:00,1.69,0.2,0.4551020408163265,False,False,True,0.05,False,MODERATE
036,29,2026-03-05 20:00:00,1.69,0.2,0.4483673469387755,False,False,True,0.05,False,MODERATE
036,30,2026-03-05 21:00:00,1.69,0.2,0.4565306122448979,False,False,True,0.05,False,MODERATE
036,31,2026-03-05 22:00:00,1.69,0.2,0.4563265306122449,False,False,True,0.05,False,MODERATE
036,32,2026-03-05 23:00:00,256.11,0.2,0.45591836734693886,False,False,True,0.05,False,MODERATE
036,33,2026-03-06 00:00:00,256.11,0.2,0.4646938775510203,False,False,True,0.05,False,MODERATE
036,34,2026-03-06 01:00:00,256.11,0.2,0.4781632653061225,False,False,True,0.05,False,MODERATE
036,35,2026-03-06 02:00:00,256.11,0.2,0.479795918367347,False,False,True,0.05,False,MODERATE
036,36,2026-03-06 03:00:00,256.11,0.2,0.4926530612244898,False,False,True,0.05,False,MODERATE
036,37,2026-03-06 04:00:00,256.11,0.2,0.5128571428571428,False,False,True,0.05,False,MODERATE
036,38,2026-03-06 05:00:00,256.11,0.2,0.5255102040816326,False,False,True,0.05,False,MODERATE
036,39,2026-03-06 06:00:00,256.11,0.2,0.5291836734693878,False,False,True,0.05,False,MODERATE
036,40,2026-03-06 07:00:00,214.87,0.2,0.5344897959183674,False,False,True,0.05,False,MODERATE
036,41,2026-03-06 08:00:00,214.87,0.2,0.5438775510204081,False,False,True,0.05,False,MODERATE
036,42,2026-03-06 09:00:00,214.87,0.2,0.5587755102040817,False,False,True,0.05,False,MODERATE
036,43,2026-03-06 10:00:00,227.76,0.2,0.5736734693877551,False,False,True,0.05,False,MODERATE
037,1,2026-05-02 12:00:00,5.98,1.4,-1.4042857142857141,True,True,True,0.0,False,MILD
037,2,2026-05-02 13:00:00,196.28,1.6,-1.4084615384615384,True,False,True,0.0,False,MILD
037,3,2026-05-02 14:00:00,196.28,1.6,-1.4521052631578946,True,False,True,0.0,False,MILD
037,4,2026-05-02 15:00:00,196.28,1.9,-1.4751999999999998,True,False,True,0.0,False,MILD
037,5,2026-05-02 16:00:00,196.28,1.9,-1.5099999999999998,True,False,True,0.0,False,MILD
037,6,2026-05-02 17:00:00,196.28,1.9,-1.5245945945945945,True,False,True,0.0,False,MILD
037,7,2026-05-02 18:00:00,196.28,1.9,-1.5365116279069766,True,False,True,0.0,False,MILD
037,8,2026-05-02 19:00:00,196.28,1.9,-1.5361224489795917,True,False,True,0.0,False,MILD
037,9,2026-05-02 20:00:00,196.28,1.9,-1.5591836734693878,True,False,True,0.0,False,MILD
037,10,2026-05-02 21:00:00,3.53,1.9,-1.5812244897959185,True,True,False,0.0,False,MILD
037,11,2026-05-02 22:00:00,2.7,1.9,-1.5897959183673467,True,True,False,0.0,False,MILD
037,12,2026-05-02 23:00:00,2.45,0.8,-1.6018367346938778,True,True,False,0.05,False,MILD
037,13,2026-05-03 00:00:00,285.78,0.8,-1.5948979591836736,True,False,True,0.05,False,MILD
037,14,2026-05-03 01:00:00,285.78,0.8,-1.5906122448979594,True,False,True,0.05,False,MILD
037,15,2026-05-03 02:00:00,285.78,0.8,-1.570408163265306,True,False,True,0.05,False,MILD
037,16,2026-05-03 03:00:00,285.78,0.8,-1.5689795918367346,True,False,True,0.05,False,MILD
037,17,2026-05-03 04:00:00,285.78,0.8,-1.5548979591836738,True,False,True,0.05,False,MILD
037,18,2026-05-03 05:00:00,285.78,0.8,-1.539795918367347,True,False,True,0.05,False,MILD
037,19,2026-05-03 06:00:00,285.78,0.7,-1.5369387755102042,True,False,True,0.05,False,MILD
037,20,2026-05-03 07:00:00,285.78,0.2,-1.5320408163265304,True,False,True,0.05,False,MILD
037,21,2026-05-03 08:00:00,247.87,0.2,-1.5312244897959184,True,False,True,0.05,False,MILD
037,22,2026-05-03 09:00:00,247.87,0.2,-1.5248979591836735,True,False,True,0.05,False,MILD
037,23,2026-05-03 10:00:00,247.87,0.2,-1.5428571428571427,True,False,True,0.05,False,MILD
037,24,2026-05-03 11:00:00,247.87,0.2,-1.5563265306122447,True,False,True,0.05,False,MILD
037,25,2026-05-03 12:00:00,247.87,0.2,-1.57,True,False,True,0.05,False,MILD
037,26,2026-05-03 13:00:00,19.8,0.2,-1.5814285714285714,True,False,True,0.05,False,MILD
037,27,2026-05-03 14:00:00,19.8,0.2,-1.5857142857142854,True,False,True,0.05,False,MILD
037,28,2026-05-03 15:00:00,19.8,0.1,-1.5789795918367349,True,False,True,0.05,False,MILD
037,29,2026-05-03 16:00:00,19.8,0.1,-1.5712244897959184,True,False,True,0.05,False,MILD
037,30,2026-05-03 17:00:00,19.8,0.2,-1.5775510204081635,True,False,True,0.05,False,MILD
037,31,2026-05-03 18:00:00,19.8,0.2,-1.57,True,False,True,0.05,False,MILD
037,32,2026-05-03 19:00:00,19.8,0.3,-1.5624489795918368,True,False,True,0.05,False,MILD
038,1,2026-01-01 17:00:00,4.54,1.3,0.13000000000000003,False,False,True,0.0,False,MILD
038,2,2026-01-01 18:00:00,5.39,1.6,0.1176923076923077,False,False,True,0.0,False,MILD
038,3,2026-01-01 19:00:00,5.47,1.6,0.12315789473684215,False,False,True,0.0,False,MILD
038,4,2026-01-01 20:00:00,5.47,1.6,0.128,False,False,True,0.0,False,MILD
038,5,2026-01-01 21:00:00,5.47,1.6,0.13516129032258062,False,False,True,0.0,False,MILD
038,6,2026-01-01 22:00:00,5.47,2.1,0.14351351351351352,False,False,True,0.0,False,MILD
038,7,2026-01-01 23:00:00,5.47,2.1,0.15000000000000002,False,False,True,0.0,False,MILD
038,8,2026-01-02 00:00:00,5.47,2.1,0.16040816326530613,False,False,True,0.0,False,MILD
038,9,2026-01-02 01:00:00,5.47,2.1,0.17061224489795918,False,False,True,0.0,False,MILD
038,10,2026-01-02 02:00:00,5.47,2.1,0.1773469387755102,False,False,True,0.0,False,MILD
038,11,2026-01-02 03:00:00,5.47,2.1,0.18469387755102037,False,False,True,0.0,False,MILD
038,12,2026-01-02 04:00:00,5.28,2.1,0.193469387755102,False,False,True,0.05,False,MILD
038,13,2026-01-02 05:00:00,3.87,2.1,0.2069387755102041,False,False,True,0.05,False,MILD
038,14,2026-01-02 06:00:00,3.87,1.6,0.21204081632653063,False,False,True,0.05,False,MILD
038,15,2026-01-02 07:00:00,3.4,0.7,0.2179591836734694,False,False,True,0.05,False,MILD
038,16,2026-01-02 08:00:00,24.54,0.5,0.21999999999999997,False,False,True,0.05,False,MILD
038,17,2026-01-02 09:00:00,61.12,0.5,0.2320408163265306,False,False,True,0.05,False,MILD
038,18,2026-01-02 10:00:00,137.25,0.6,0.2416326530612245,False,False,True,0.05,False,MILD
038,19,2026-01-02 11:00:00,362.92,0.7,0.25204081632653064,False,False,True,0.05,False,MILD
038,20,2026-01-02 12:00:00,362.92,0.7,0.2446938775510204,False,False,True,0.05,False,MILD
038,21,2026-01-02 13:00:00,362.92,0.8,0.24142857142857146,False,False,True,0.05,False,MILD
038,22,2026-01-02 14:00:00,362.92,0.8,0.24,False,False,True,0.05,False,MILD
038,23,2026-01-02 15:00:00,362.92,0.8,0.2297959183673469,False,False,True,0.05,False,MILD
038,24,2026-01-02 16:00:00,362.92,0.8,0.22551020408163264,False,False,True,0.05,False,MILD
038,25,2026-01-02 17:00:00,362.92,0.8,0.2183673469387755,False,False,True,0.05,False,MILD
038,26,2026-01-02 18:00:00,362.92,0.8,0.21428571428571427,False,False,True,0.05,False,MILD
038,27,2026-01-02 19:00:00,15.31,0.8,0.22224489795918367,False,False,True,0.05,False,MILD
038,28,2026-01-02 20:00:00,15.31,0.8,0.23142857142857143,False,False,True,0.05,False,MILD
038,29,2026-01-02 21:00:00,477.55,0.5,0.23408163265306123,False,False,True,0.05,False,MILD
038,30,2026-01-02 22:00:00,477.55,0.4,0.23510204081632655,False,False,True,0.05,False,MILD
038,31,2026-01-02 23:00:00,477.55,0.4,0.2463265306122449,False,False,True,0.05,False,MILD
038,32,2026-01-03 00:00:00,477.55,0.4,0.23938775510204083,False,False,True,0.05,False,MILD
038,33,2026-01-03 01:00:00,477.55,0.2,0.2338775510204082,False,False,True,0.05,False,MILD
038,34,2026-01-03 02:00:00,477.55,0.2,0.2348979591836735,False,False,True,0.05,False,MILD
038,35,2026-01-03 03:00:00,477.55,0.2,0.22551020408163266,False,False,True,0.05,False,MILD
038,36,2026-01-03 04:00:00,477.55,0.2,0.22816326530612244,False,False,True,0.05,False,MILD
038,37,2026-01-03 05:00:00,1.55,0.2,0.23061224489795917,False,False,True,0.05,False,MILD
038,38,2026-01-03 06:00:00,1.55,0.2,0.2353061224489796,False,False,True,0.05,False,MILD
038,39,2026-01-03 07:00:00,1.55,0.2,0.24204081632653063,False,False,True,0.05,False,MILD
038,40,2026-01-03 08:00:00,583.68,0.2,0.24836734693877552,False,False,True,0.05,False,MILD
038,41,2026-01-03 09:00:00,583.68,0.2,0.25102040816326526,False,False,True,0.05,False,MILD
038,42,2026-01-03 10:00:00,583.68,0.2,0.24959183673469387,False,False,True,0.05,False,MILD
038,43,2026-01-03 11:00:00,583.68,0.2,0.24775510204081633,False,False,True,0.05,False,MILD
038,44,2026-01-03 12:00:00,583.68,0.2,0.25000000000000006,False,False,True,0.05,False,MILD
038,45,2026-01-03 13:00:00,583.68,0.2,0.24693877551020407,False,False,True,0.05,False,MILD
038,46,2026-01-03 14:00:00,583.68,0.2,0.2559183673469388,False,False,True,0.05,False,MILD
038,47,2026-01-03 15:00:00,583.68,0.2,0.26000000000000006,False,False,True,0.05,False,MILD
038,48,2026-01-03 16:00:00,286.19,0.2,0.2702040816326531,False,False,True,0.05,False,MILD
038,49,2026-01-03 17:00:00,286.19,0.2,0.28551020408163263,False,False,True,0.05,False,MILD
038,50,2026-01-03 18:00:00,35.0,0.2,0.2859183673469388,False,False,True,0.05,False,MILD
038,51,2026-01-03 19:00:00,35.0,0.2,0.28510204081632656,False,False,True,0.05,False,MILD
038,52,2026-01-03 20:00:00,35.0,0.2,0.2922448979591837,False,False,True,0.05,False,MILD
038,53,2026-01-03 21:00:00,35.0,0.2,0.29428571428571426,False,False,True,0.05,False,MILD
038,54,2026-01-03 22:00:00,35.0,0.2,0.2938775510204082,False,False,True,0.05,False,MILD
038,55,2026-01-03 23:00:00,35.0,0.2,0.2861224489795919,False,False,True,0.05,False,MILD
038,56,2026-01-04 00:00:00,374.42,0.2,0.27489795918367343,False,False,True,0.05,False,MILD
038,57,2026-01-04 01:00:00,374.42,0.2,0.25734693877551024,False,False,True,0.05,False,MILD
038,58,2026-01-04 02:00:00,374.42,0.2,0.25285714285714284,False,False,True,0.05,False,MILD
038,59,2026-01-04 03:00:00,374.42,0.2,0.25285714285714284,False,False,True,0.05,False,MILD
038,60,2026-01-04 04:00:00,374.42,0.2,0.2373469387755102,False,False,True,0.05,False,MILD
038,61,2026-01-04 05:00:00,374.42,0.2,0.2204081632653061,False,False,True,0.05,False,MILD
038,62,2026-01-04 06:00:00,374.42,0.2,0.20714285714285716,False,False,True,0.05,False,MILD
038,63,2026-01-04 07:00:00,437.51,0.2,0.1959183673469388,False,False,True,0.05,False,MILD
038,64,2026-01-04 08:00:00,453.75,0.2,0.18428571428571427,False,False,True,0.05,False,MILD
038,65,2026-01-04 09:00:00,453.75,0.2,0.1742857142857143,False,False,True,0.05,False,MILD
038,66,2026-01-04 10:00:00,453.75,0.2,0.16040816326530613,False,False,True,0.05,False,MILD
038,67,2026-01-04 11:00:00,453.75,0.2,0.14755102040816329,False,False,True,0.05,False,MILD
038,68,2026-01-04 12:00:00,453.75,0.2,0.14653061224489797,False,False,True,0.05,False,MILD
038,69,2026-01-04 13:00:00,453.75,0.2,0.13795918367346938,False,False,True,0.05,False,MILD
038,70,2026-01-04 14:00:00,453.75,0.2,0.13755102040816328,False,False,True,0.05,False,MILD
039,1,2026-04-12 04:00:00,8.46,0.9,-1.022857142857143,True,True,True,0.0,False,MILD
039,2,2026-04-12 05:00:00,8.46,2.0,-1.0230769230769232,True,True,True,0.0,False,MILD
039,3,2026-04-12 06:00:00,8.46,2.0,-1.0247368421052634,True,True,True,0.0,False,MILD
039,4,2026-04-12 07:00:00,8.46,2.0,-1.0356,True,True,False,0.0,False,MILD
039,5,2026-04-12 08:00:00,8.46,2.0,-1.0461290322580645,True,True,False,0.0,False,MILD
039,6,2026-04-12 09:00:00,8.46,2.0,-1.0424324324324326,True,True,False,0.0,False,MILD
039,7,2026-04-12 10:00:00,8.46,2.0,-1.042325581395349,True,True,False,0.0,False,MILD
039,8,2026-04-12 11:00:00,51.29,2.0,-1.046326530612245,True,False,True,0.0,False,MILD
039,9,2026-04-12 12:00:00,51.29,2.0,-1.0451020408163267,True,False,True,0.0,False,MILD
039,10,2026-04-12 13:00:00,51.29,1.6,-1.04734693877551,True,False,True,0.0,False,MILD
039,11,2026-04-12 14:00:00,51.29,1.0,-1.0504081632653062,True,False,True,0.0,False,MILD
039,12,2026-04-12 15:00:00,51.29,0.8,-1.0469387755102042,True,False,True,0.05,False,MILD
039,13,2026-04-12 16:00:00,707.09,0.6,-1.0399999999999998,True,False,True,0.05,False,MILD
039,14,2026-04-12 17:00:00,707.09,0.6,-1.04,True,False,True,0.05,False,MILD
039,15,2026-04-12 18:00:00,707.09,0.6,-1.040204081632653,True,False,True,0.05,False,MILD
039,16,2026-04-12 19:00:00,707.09,0.6,-1.0385714285714285,True,False,True,0.05,False,MILD
039,17,2026-04-12 20:00:00,707.09,0.6,-1.0332653061224488,True,False,True,0.05,False,MILD
039,18,2026-04-12 21:00:00,707.09,0.6,-1.0326530612244897,True,False,True,0.05,False,MILD
039,19,2026-04-12 22:00:00,707.09,0.5,-1.0387755102040814,True,False,True,0.05,False,MILD
039,20,2026-04-12 23:00:00,707.09,0.5,-1.0404081632653062,True,False,True,0.05,False,MILD
039,21,2026-04-13 00:00:00,195.2,0.4,-1.0440816326530613,True,False,True,0.05,False,MILD
039,22,2026-04-13 01:00:00,195.2,0.4,-1.0438775510204081,True,False,True,0.05,False,MILD
039,23,2026-04-13 02:00:00,195.2,0.4,-1.0489795918367346,True,False,True,0.05,False,MILD
039,24,2026-04-13 03:00:00,3.69,0.4,-1.0553061224489797,True,True,False,0.05,False,MILD
039,25,2026-04-13 04:00:00,3.69,0.4,-1.060204081632653,True,True,False,0.05,False,MILD
039,26,2026-04-13 05:00:00,3.69,0.4,-1.0683673469387756,True,True,False,0.05,False,MILD
039,27,2026-04-13 06:00:00,125.77,0.2,-1.059795918367347,True,False,True,0.05,False,MILD
039,28,2026-04-13 07:00:00,125.77,0.2,-1.0689795918367349,True,False,True,0.05,False,MILD
039,29,2026-04-13 08:00:00,125.77,0.2,-1.0783673469387756,True,False,True,0.05,False,MILD
039,30,2026-04-13 09:00:00,125.77,0.2,-1.0897959183673471,True,False,True,0.05,False,MILD
039,31,2026-04-13 10:00:00,125.77,0.2,-1.1022448979591837,True,False,True,0.05,False,MILD
039,32,2026-04-13 11:00:00,125.77,0.2,-1.0989795918367347,True,False,True,0.05,False,MILD
039,33,2026-04-13 12:00:00,125.77,0.2,-1.1046938775510204,True,False,True,0.05,False,MILD
039,34,2026-04-13 13:00:00,125.77,0.2,-1.1183673469387754,True,False,True,0.05,False,MILD
039,35,2026-04-13 14:00:00,95.57,0.2,-1.140204081632653,True,False,True,0.05,False,MILD
039,36,2026-04-13 15:00:00,95.57,0.2,-1.1514285714285715,True,False,True,0.05,False,MILD
039,37,2026-04-13 16:00:00,95.57,0.2,-1.1504081632653058,True,False,True,0.05,False,MILD
039,38,2026-04-13 17:00:00,237.52,0.2,-1.1544897959183673,True,False,True,0.05,False,MILD
039,39,2026-04-13 18:00:00,303.12,0.2,-1.1573469387755102,True,False,True,0.05,False,MILD
039,40,2026-04-13 19:00:00,303.12,0.2,-1.1655102040816328,True,False,True,0.05,False,MILD
039,41,2026-04-13 20:00:00,303.12,0.2,-1.17,True,False,True,0.05,False,MILD
039,42,2026-04-13 21:00:00,303.12,0.2,-1.1697959183673468,True,False,True,0.05,False,MILD
039,43,2026-04-13 22:00:00,303.12,0.2,-1.1724489795918367,True,False,True,0.05,False,MILD
039,44,2026-04-13 23:00:00,303.12,0.2,-1.1720408163265306,True,False,True,0.05,False,MILD
039,45,2026-04-14 00:00:00,303.12,0.2,-1.1789795918367347,True,False,True,0.05,False,MILD
039,46,2026-04-14 01:00:00,303.12,0.2,-1.1993877551020407,True,False,True,0.05,False,MILD
039,47,2026-04-14 02:00:00,1.82,0.2,-1.2077551020408162,True,True,False,0.05,False,MILD
039,48,2026-04-14 03:00:00,1.82,0.2,-1.2177551020408162,True,True,False,0.05,False,MILD
039,49,2026-04-14 04:00:00,1.82,0.2,-1.2277551020408162,True,True,False,0.05,False,MILD
039,50,2026-04-14 05:00:00,1.82,0.2,-1.2302040816326532,True,True,False,0.05,False,MILD
039,51,2026-04-14 06:00:00,1.64,0.2,-1.2387755102040816,True,True,False,0.05,False,MILD
039,52,2026-04-14 07:00:00,1.64,0.2,-1.2416326530612245,True,True,False,0.05,False,MILD
039,53,2026-04-14 08:00:00,1.64,0.2,-1.254081632653061,True,True,False,0.05,False,MILD
039,54,2026-04-14 09:00:00,1.64,0.2,-1.2526530612244897,True,True,False,0.05,False,MILD
039,55,2026-04-14 10:00:00,1.64,0.2,-1.250612244897959,True,True,False,0.05,False,MILD
039,56,2026-04-14 11:00:00,1.64,0.2,-1.256122448979592,True,True,False,0.05,False,MILD
039,57,2026-04-14 12:00:00,1.64,0.2,-1.2622448979591838,True,True,False,0.05,False,MILD
039,58,2026-04-14 13:00:00,43.22,0.2,-1.2738775510204081,True,False,True,0.05,False,MILD
039,59,2026-04-14 14:00:00,43.22,0.2,-1.2671428571428571,True,False,True,0.05,False,MILD
040,1,2026-02-08 15:00:00,306.79,0.7,-0.8457142857142859,True,False,True,0.0,False,MILD
040,2,2026-02-08 16:00:00,306.79,2.7,-0.8430769230769231,True,False,True,0.0,False,MILD
040,3,2026-02-08 17:00:00,306.79,2.7,-0.83,True,False,True,0.0,False,MILD
040,4,2026-02-08 18:00:00,306.79,2.7,-0.8164,True,False,True,0.0,False,MILD
040,5,2026-02-08 19:00:00,306.79,2.7,-0.8019354838709677,True,False,True,0.0,False,MILD
040,6,2026-02-08 20:00:00,306.79,2.7,-0.7932432432432432,True,False,True,0.0,False,MILD
040,7,2026-02-08 21:00:00,306.79,2.7,-0.7893023255813955,True,False,True,0.0,False,MILD
040,8,2026-02-08 22:00:00,306.79,2.7,-0.7814285714285716,True,False,True,0.0,False,MILD
040,9,2026-02-08 23:00:00,72.45,2.7,-0.7573469387755102,True,False,True,0.0,False,MILD
040,10,2026-02-09 00:00:00,72.45,1.9,-0.7375510204081632,True,False,True,0.0,False,MILD
040,11,2026-02-09 01:00:00,72.45,1.4,-0.7365306122448979,True,False,True,0.0,False,MILD
040,12,2026-02-09 02:00:00,72.45,1.4,-0.7153061224489795,True,False,True,0.05,False,MILD
040,13,2026-02-09 03:00:00,5.07,1.4,-0.7189795918367347,True,True,False,0.05,False,MILD
040,14,2026-02-09 04:00:00,3.91,1.3,-0.7110204081632655,True,True,False,0.05,False,MILD
040,15,2026-02-09 05:00:00,365.8,1.1,-0.7155102040816327,True,False,True,0.05,False,MILD
040,16,2026-02-09 06:00:00,365.8,0.7,-0.7224489795918367,True,False,True,0.05,False,MILD
040,17,2026-02-09 07:00:00,365.8,0.7,-0.733265306122449,True,False,True,0.05,False,MILD
040,18,2026-02-09 08:00:00,365.8,0.6,-0.7416326530612244,True,False,True,0.05,False,MILD
040,19,2026-02-09 09:00:00,365.8,0.6,-0.7414285714285714,True,False,True,0.05,False,MILD
040,20,2026-02-09 10:00:00,365.8,0.6,-0.7565306122448978,True,False,True,0.05,False,MILD
040,21,2026-02-09 11:00:00,365.8,0.6,-0.7614285714285713,True,False,True,0.05,False,MILD
040,22,2026-02-09 12:00:00,365.8,0.7,-0.7738775510204082,True,False,True,0.05,False,MILD
040,23,2026-02-09 13:00:00,102.97,0.7,-0.7763265306122449,True,False,True,0.05,False,MILD
040,24,2026-02-09 14:00:00,109.18,0.7,-0.7812244897959184,True,False,True,0.05,False,MILD
040,25,2026-02-09 15:00:00,211.01,0.7,-0.7844897959183673,True,False,True,0.05,False,MILD
040,26,2026-02-09 16:00:00,211.01,0.7,-0.7963265306122448,True,False,True,0.05,False,MILD
040,27,2026-02-09 17:00:00,211.01,0.7,-0.796938775510204,True,False,True,0.05,False,MILD
040,28,2026-02-09 18:00:00,211.01,0.7,-0.7859183673469388,True,False,True,0.05,False,MILD
040,29,2026-02-09 19:00:00,211.01,0.7,-0.7840816326530613,True,False,True,0.05,False,MILD
040,30,2026-02-09 20:00:00,211.01,0.7,-0.773673469387755,True,False,True,0.05,False,MILD
040,31,2026-02-09 21:00:00,211.01,0.7,-0.773469387755102,True,False,True,0.05,False,MILD
040,32,2026-02-09 22:00:00,211.01,0.7,-0.7618367346938775,True,False,True,0.05,False,MILD
040,33,2026-02-09 23:00:00,112.7,0.7,-0.7610204081632654,True,False,True,0.05,False,MILD
040,34,2026-02-10 00:00:00,112.7,0.4,-0.7481632653061224,True,False,True,0.05,False,MILD
040,35,2026-02-10 01:00:00,68.99,0.2,-0.7483673469387755,True,False,True,0.05,False,MILD
040,36,2026-02-10 02:00:00,68.99,0.2,-0.7544897959183673,True,False,True,0.05,False,MILD
040,37,2026-02-10 03:00:00,65.87,0.2,-0.7446938775510203,True,False,True,0.05,False,MILD
040,38,2026-02-10 04:00:00,65.87,0.2,-0.7497959183673469,True,False,True,0.05,False,MILD
040,39,2026-02-10 05:00:00,1.54,0.2,-0.7555102040816326,True,True,False,0.05,False,MILD
040,40,2026-02-10 06:00:00,232.8,0.2,-0.7599999999999999,True,False,True,0.05,False,MILD
040,41,2026-02-10 07:00:00,232.8,0.2,-0.7608163265306123,True,False,True,0.05,False,MILD
040,42,2026-02-10 08:00:00,232.8,0.2,-0.7704081632653061,True,False,True,0.05,False,MILD
040,43,2026-02-10 09:00:00,232.8,0.2,-0.7773469387755103,True,False,True,0.05,False,MILD
040,44,2026-02-10 10:00:00,232.8,0.2,-0.7761224489795918,True,False,True,0.05,False,MILD
040,45,2026-02-10 11:00:00,232.8,0.2,-0.7791836734693878,True,False,True,0.05,False,MILD
040,46,2026-02-10 12:00:00,232.8,0.2,-0.780204081632653,True,False,True,0.05,False,MILD
040,47,2026-02-10 13:00:00,232.8,0.2,-0.7724489795918368,True,False,True,0.05,False,MILD
040,48,2026-02-10 14:00:00,70.82,0.2,-0.7575510204081632,True,False,True,0.05,False,MILD
040,49,2026-02-10 15:00:00,70.82,0.2,-0.7595918367346939,True,False,True,0.05,False,MILD
040,50,2026-02-10 16:00:00,1.67,0.2,-0.7477551020408162,True,True,False,0.05,False,MILD
040,51,2026-02-10 17:00:00,1.67,0.2,-0.7389795918367347,True,True,False,0.05,False,MILD
040,52,2026-02-10 18:00:00,1.67,0.2,-0.7346938775510204,True,True,False,0.05,False,MILD
040,53,2026-02-10 19:00:00,1.67,0.2,-0.7308163265306122,True,True,False,0.05,False,MILD
040,54,2026-02-10 20:00:00,18.98,0.2,-0.7436734693877552,True,False,True,0.05,False,MILD
040,55,2026-02-10 21:00:00,18.98,0.2,-0.7481632653061224,True,False,True,0.05,False,MILD
040,56,2026-02-10 22:00:00,18.98,0.2,-0.763469387755102,True,False,True,0.05,False,MILD
040,57,2026-02-10 23:00:00,18.98,0.2,-0.7606122448979591,True,False,True,0.05,False,MILD
040,58,2026-02-11 00:00:00,18.98,0.2,-0.7644897959183674,True,False,True,0.05,False,MILD
040,59,2026-02-11 01:00:00,18.98,0.2,-0.7606122448979591,True,False,True,0.05,False,MILD
040,60,2026-02-11 02:00:00,18.98,0.2,-0.76,True,False,True,0.05,False,MILD
040,61,2026-02-11 03:00:00,18.98,0.2,-0.7518367346938776,True,False,True,0.05,False,MILD
040,62,2026-02-11 04:00:00,286.32,0.2,-0.756326530612245,True,False,True,0.05,False,MILD
040,63,2026-02-11 05:00:00,286.32,0.2,-0.7573469387755102,True,False,True,0.05,False,MILD
040,64,2026-02-11 06:00:00,286.32,0.2,-0.7687755102040816,True,False,True,0.05,False,MILD
040,65,2026-02-11 07:00:00,286.32,0.2,-0.7802040816326531,True,False,True,0.05,False,MILD
040,66,2026-02-11 08:00:00,286.32,0.2,-0.7926530612244898,True,False,True,0.05,False,MILD
040,67,2026-02-11 09:00:00,286.32,0.2,-0.8161224489795919,True,False,True,0.05,False,MILD
040,68,2026-02-11 10:00:00,286.32,0.2,-0.8414285714285715,True,False,True,0.05,False,MILD
040,69,2026-02-11 11:00:00,286.32,0.2,-0.8797959183673469,True,False,True,0.05,False,MILD
040,70,2026-02-11 12:00:00,1.39,0.2,-0.9104081632653062,True,True,False,0.05,False,MILD
040,71,2026-02-11 13:00:00,1.56,0.2,-0.9348979591836737,True,True,False,0.05,False,MILD
040,72,2026-02-11 14:00:00,144.83,0.2,-0.9479591836734693,True,False,True,0.05,False,MILD
040,73,2026-02-11 15:00:00,144.83,0.2,-0.9626530612244898,True,False,True,0.05,False,MILD
040,74,2026-02-11 16:00:00,144.83,0.2,-0.983265306122449,True,False,True,0.05,False,MILD
040,75,2026-02-11 17:00:00,144.83,0.2,-0.9893877551020409,True,False,True,0.05,False,MILD
040,76,2026-02-11 18:00:00,369.05,0.2,-0.996530612244898,True,False,True,0.05,False,MILD
040,77,2026-02-11 19:00:00,369.05,0.2,-0.999591836734694,True,False,True,0.05,False,MILD
040,78,2026-02-11 20:00:00,369.05,0.2,-1.0008163265306123,True,False,True,0.05,False,MILD
041,1,2026-01-12 18:00:00,5.42,2.2,0.49000000000000005,False,False,True,0.0,False,MILD
041,2,2026-01-12 19:00:00,6.79,2.2,0.45000000000000007,False,False,True,0.0,False,MILD
041,3,2026-01-12 20:00:00,6.79,2.2,0.46105263157894744,False,False,True,0.0,False,MILD
041,4,2026-01-12 21:00:00,6.79,2.2,0.4623999999999999,False,False,True,0.0,False,MILD
041,5,2026-01-12 22:00:00,6.79,2.2,0.45903225806451603,False,False,True,0.0,False,MILD
041,6,2026-01-12 23:00:00,7.2,2.2,0.4791891891891892,False,False,True,0.0,False,MILD
041,7,2026-01-13 00:00:00,253.68,2.2,0.48930232558139525,False,False,True,0.0,False,MILD
041,8,2026-01-13 01:00:00,253.68,2.2,0.4926530612244897,False,False,True,0.0,False,MILD
041,9,2026-01-13 02:00:00,277.34,2.1,0.4918367346938775,False,False,True,0.0,False,MILD
041,10,2026-01-13 03:00:00,277.34,2.1,0.5018367346938775,False,False,True,0.0,False,MILD
041,11,2026-01-13 04:00:00,277.34,2.1,0.5057142857142858,False,False,True,0.0,False,MILD
041,12,2026-01-13 05:00:00,277.34,2.1,0.5263265306122448,False,False,True,0.05,False,MILD
041,13,2026-01-13 06:00:00,277.34,2.1,0.5375510204081633,False,False,True,0.05,False,MILD
041,14,2026-01-13 07:00:00,277.34,2.1,0.5428571428571428,False,False,True,0.05,False,MILD
041,15,2026-01-13 08:00:00,277.34,0.7,0.5399999999999999,False,False,True,0.05,False,MILD
041,16,2026-01-13 09:00:00,277.34,0.7,0.5418367346938776,False,False,True,0.05,False,MILD
041,17,2026-01-13 10:00:00,3.24,0.7,0.5491836734693878,False,False,True,0.05,False,MILD
041,18,2026-01-13 11:00:00,3.24,0.7,0.5561224489795918,False,False,True,0.05,False,MILD
041,19,2026-01-13 12:00:00,193.56,0.7,0.563469387755102,False,False,True,0.05,False,MILD
041,20,2026-01-13 13:00:00,193.56,0.7,0.5695918367346939,False,False,True,0.05,False,MILD
041,21,2026-01-13 14:00:00,193.56,0.7,0.5744897959183674,False,False,True,0.05,False,MILD
041,22,2026-01-13 15:00:00,193.56,0.7,0.573265306122449,False,False,True,0.05,False,MILD
041,23,2026-01-13 16:00:00,193.56,0.7,0.586530612244898,False,False,True,0.05,False,MILD
041,24,2026-01-13 17:00:00,193.56,0.7,0.5948979591836734,False,False,True,0.05,False,MILD
041,25,2026-01-13 18:00:00,193.56,0.7,0.6008163265306122,False,False,True,0.05,False,MILD
041,26,2026-01-13 19:00:00,193.56,0.6,0.6061224489795919,False,False,True,0.05,False,MILD
041,27,2026-01-13 20:00:00,87.83,0.6,0.6175510204081633,False,False,True,0.05,False,MILD
041,28,2026-01-13 21:00:00,87.83,0.4,0.6320408163265306,False,False,True,0.05,False,MILD
041,29,2026-01-13 22:00:00,2.43,0.2,0.6412244897959184,False,False,True,0.05,False,MILD
041,30,2026-01-13 23:00:00,1.54,0.1,0.646734693877551,False,False,True,0.05,False,MILD
041,31,2026-01-14 00:00:00,1.54,0.1,0.6508163265306123,False,False,True,0.05,False,MILD
041,32,2026-01-14 01:00:00,9.11,0.2,0.6577551020408164,False,False,True,0.05,False,MILD
041,33,2026-01-14 02:00:00,9.11,0.2,0.6657142857142858,False,False,True,0.05,False,MILD
041,34,2026-01-14 03:00:00,9.11,0.2,0.6775510204081633,False,False,True,0.05,False,MILD
041,35,2026-01-14 04:00:00,9.11,0.2,0.6799999999999998,False,False,True,0.05,False,MILD
041,36,2026-01-14 05:00:00,9.11,0.2,0.6746938775510203,False,False,True,0.05,False,MILD
041,37,2026-01-14 06:00:00,9.11,0.2,0.6673469387755102,False,False,True,0.05,False,MILD
041,38,2026-01-14 07:00:00,9.11,0.2,0.6744897959183673,False,False,True,0.05,False,MILD
041,39,2026-01-14 08:00:00,9.11,0.2,0.6783673469387754,False,False,True,0.05,False,MILD
041,40,2026-01-14 09:00:00,1.66,0.2,0.6732653061224488,False,False,True,0.05,False,MILD
041,41,2026-01-14 10:00:00,1.66,0.2,0.6824489795918367,False,False,True,0.05,False,MILD
041,42,2026-01-14 11:00:00,118.62,0.2,0.6806122448979592,False,False,True,0.05,False,MILD
041,43,2026-01-14 12:00:00,118.62,0.2,0.6924489795918367,False,False,True,0.05,False,MILD
041,44,2026-01-14 13:00:00,118.62,0.2,0.6991836734693877,False,False,True,0.05,False,MILD
041,45,2026-01-14 14:00:00,118.62,0.2,0.713265306122449,False,False,True,0.05,False,MILD
041,46,2026-01-14 15:00:00,118.62,0.2,0.726530612244898,False,False,True,0.05,False,MILD
041,47,2026-01-14 16:00:00,118.62,0.2,0.7438775510204082,False,False,True,0.05,False,MILD
041,48,2026-01-14 17:00:00,118.62,0.2,0.7612244897959183,False,False,True,0.05,False,MILD
041,49,2026-01-14 18:00:00,118.62,0.2,0.7720408163265305,False,False,True,0.05,False,MILD
041,50,2026-01-14 19:00:00,62.99,0.2,0.7846938775510205,False,False,True,0.05,False,MILD
041,51,2026-01-14 20:00:00,62.99,0.2,0.8006122448979591,False,False,True,0.05,False,MILD
041,52,2026-01-14 21:00:00,62.99,0.2,0.8138775510204083,False,False,True,0.05,False,MILD
041,53,2026-01-14 22:00:00,62.99,0.2,0.8253061224489795,False,False,True,0.05,False,MILD
041,54,2026-01-14 23:00:00,62.99,0.2,0.8361224489795918,False,False,True,0.05,False,MILD
041,55,2026-01-15 00:00:00,62.99,0.2,0.8377551020408163,False,False,True,0.05,False,MILD
041,56,2026-01-15 01:00:00,62.99,0.2,0.8453061224489796,False,False,True,0.05,False,MILD
041,57,2026-01-15 02:00:00,14.94,0.2,0.8653061224489795,False,False,True,0.05,False,MILD
041,58,2026-01-15 03:00:00,200.81,0.2,0.8773469387755103,False,False,True,0.05,False,MILD
041,59,2026-01-15 04:00:00,200.81,0.1,0.8751020408163266,False,False,True,0.05,False,MILD
041,60,2026-01-15 05:00:00,200.81,0.2,0.876734693877551,False,False,True,0.05,False,MILD
041,61,2026-01-15 06:00:00,200.81,0.2,0.876326530612245,False,False,True,0.05,False,MILD
041,62,2026-01-15 07:00:00,200.81,0.2,0.8740816326530614,False,False,True,0.05,False,MILD
042,1,2026-01-31 08:00:00,279.89,1.2,-0.06857142857142857,True,False,True,0.0,False,MILD
042,2,2026-01-31 09:00:00,279.89,1.2,-0.05923076923076923,True,False,True,0.0,False,MILD
042,3,2026-01-31 10:00:00,279.89,3.3,-0.06263157894736841,True,False,True,0.0,False,MILD
042,4,2026-01-31 11:00:00,279.89,3.3,-0.0528,True,False,True,0.0,False,MILD
042,5,2026-01-31 12:00:00,279.89,3.3,-0.05225806451612904,True,False,True,0.0,False,MILD
042,6,2026-01-31 13:00:00,279.89,3.3,-0.057837837837837844,True,False,True,0.0,False,MILD
042,7,2026-01-31 14:00:00,279.89,3.3,-0.0672093023255814,True,False,True,0.0,False,MILD
042,8,2026-01-31 15:00:00,279.89,3.3,-0.08551020408163267,True,False,True,0.0,False,MILD
042,9,2026-01-31 16:00:00,8.35,3.3,-0.08122448979591837,True,False,True,0.0,False,MILD
042,10,2026-01-31 17:00:00,8.35,3.3,-0.09428571428571426,True,False,True,0.0,False,MILD
042,11,2026-01-31 18:00:00,8.35,3.3,-0.09346938775510204,True,False,True,0.0,False,MILD
042,12,2026-01-31 19:00:00,25.37,1.8,-0.10469387755102043,True,False,True,0.05,False,MILD
042,13,2026-01-31 20:00:00,25.37,0.9,-0.11387755102040817,True,False,True,0.05,False,MILD
042,14,2026-01-31 21:00:00,25.37,0.9,-0.11551020408163265,True,False,True,0.05,False,MILD
042,15,2026-01-31 22:00:00,25.37,0.6,-0.11673469387755102,True,False,True,0.05,False,MILD
042,16,2026-01-31 23:00:00,25.37,0.6,-0.10428571428571429,True,False,True,0.05,False,MILD
042,17,2026-02-01 00:00:00,25.37,0.6,-0.12040816326530612,True,False,True,0.05,False,MILD
042,18,2026-02-01 01:00:00,25.37,0.6,-0.11040816326530613,True,False,True,0.05,False,MILD
042,19,2026-02-01 02:00:00,25.37,0.6,-0.11591836734693876,True,False,True,0.05,False,MILD
042,20,2026-02-01 03:00:00,6.31,0.6,-0.10877551020408165,True,True,True,0.05,False,MILD
042,21,2026-02-01 04:00:00,14.59,0.6,-0.11612244897959183,True,False,True,0.05,False,MILD
042,22,2026-02-01 05:00:00,14.59,0.6,-0.1126530612244898,True,False,True,0.05,False,MILD
042,23,2026-02-01 06:00:00,14.59,0.6,-0.10530612244897959,True,False,True,0.05,False,MILD
042,24,2026-02-01 07:00:00,14.59,0.6,-0.09693877551020408,True,False,True,0.05,False,MILD
042,25,2026-02-01 08:00:00,14.59,0.3,-0.0863265306122449,True,False,True,0.05,False,MILD
042,26,2026-02-01 09:00:00,14.59,0.2,-0.08795918367346937,True,False,True,0.05,False,MILD
042,27,2026-02-01 10:00:00,14.59,0.2,-0.08408163265306123,True,False,True,0.05,False,MILD
042,28,2026-02-01 11:00:00,14.59,0.2,-0.08530612244897959,True,False,True,0.05,False,MILD
042,29,2026-02-01 12:00:00,1.53,0.2,-0.07653061224489797,True,True,True,0.05,False,MILD
042,30,2026-02-01 13:00:00,1.53,0.2,-0.07346938775510205,True,True,True,0.05,False,MILD
042,31,2026-02-01 14:00:00,1.61,0.2,-0.07428571428571429,True,True,True,0.05,False,MILD
042,32,2026-02-01 15:00:00,51.56,0.2,-0.08061224489795919,True,False,True,0.05,False,MILD
042,33,2026-02-01 16:00:00,51.56,0.2,-0.08020408163265307,True,False,True,0.05,False,MILD
042,34,2026-02-01 17:00:00,51.56,0.1,-0.07612244897959183,True,False,True,0.05,False,MILD
042,35,2026-02-01 18:00:00,51.56,0.2,-0.06204081632653061,True,False,True,0.05,False,MILD
042,36,2026-02-01 19:00:00,51.56,0.2,-0.054693877551020405,True,False,True,0.05,False,MILD
042,37,2026-02-01 20:00:00,51.56,0.2,-0.051836734693877555,True,False,True,0.05,False,MILD
042,38,2026-02-01 21:00:00,51.56,0.2,-0.048775510204081635,True,False,True,0.05,False,MILD
042,39,2026-02-01 22:00:00,51.56,0.2,-0.030204081632653063,True,False,True,0.05,False,MILD
042,40,2026-02-01 23:00:00,194.82,0.2,-0.02142857142857143,True,False,True,0.05,False,MILD
042,41,2026-02-02 00:00:00,194.82,0.2,-0.010612244897959184,True,False,True,0.05,False,MILD
042,42,2026-02-02 01:00:00,194.82,0.2,0.004489795918367349,False,False,True,0.05,False,MILD
042,43,2026-02-02 02:00:00,194.82,0.2,0.017142857142857147,False,False,True,0.05,False,MILD
042,44,2026-02-02 03:00:00,194.82,0.2,0.028367346938775514,False,False,True,0.05,False,MILD
042,45,2026-02-02 04:00:00,194.82,0.2,0.036326530612244896,False,False,True,0.05,False,MILD
042,46,2026-02-02 05:00:00,194.82,0.2,0.04061224489795917,False,False,True,0.05,False,MILD
042,47,2026-02-02 06:00:00,194.82,0.2,0.036326530612244896,False,False,True,0.05,False,MILD
042,48,2026-02-02 07:00:00,131.02,0.2,0.04081632653061224,False,False,True,0.05,False,MILD
042,49,2026-02-02 08:00:00,139.69,0.2,0.03816326530612245,False,False,True,0.05,False,MILD
042,50,2026-02-02 09:00:00,139.69,0.2,0.03346938775510205,False,False,True,0.05,False,MILD
042,51,2026-02-02 10:00:00,139.69,0.2,0.03183673469387755,False,False,True,0.05,False,MILD
042,52,2026-02-02 11:00:00,139.69,0.2,0.021836734693877553,False,False,True,0.05,False,MILD
042,53,2026-02-02 12:00:00,139.69,0.2,0.014285714285714287,False,False,True,0.05,False,MILD
042,54,2026-02-02 13:00:00,139.69,0.2,0.005714285714285715,False,False,True,0.05,False,MILD
043,1,2026-03-07 16:00:00,3.83,2.3,0.3028571428571429,False,False,True,0.0,False,MILD
043,2,2026-03-07 17:00:00,4.64,2.3,0.3584615384615385,False,False,True,0.0,False,MILD
043,3,2026-03-07 18:00:00,7.92,2.3,0.351578947368421,False,False,True,0.0,False,MILD
043,4,2026-03-07 19:00:00,7.92,2.3,0.34,False,False,True,0.0,False,MILD
043,5,2026-03-07 20:00:00,7.92,2.3,0.3287096774193548,False,False,True,0.0,False,MILD
043,6,2026-03-07 21:00:00,7.92,2.3,0.31648648648648653,False,False,True,0.0,False,MILD
043,7,2026-03-07 22:00:00,7.92,2.3,0.303953488372093,False,False,True,0.0,False,MILD
043,8,2026-03-07 23:00:00,95.57,2.3,0.2879591836734694,False,False,True,0.0,False,MILD
043,9,2026-03-08 00:00:00,95.57,2.3,0.2687755102040817,False,False,True,0.0,False,MILD
043,10,2026-03-08 01:00:00,95.57,1.9,0.23836734693877554,False,False,True,0.0,False,MILD
043,11,2026-03-08 02:00:00,95.57,1.8,0.21081632653061225,False,False,True,0.0,False,MILD
043,12,2026-03-08 03:00:00,95.57,0.9,0.18551020408163266,False,False,True,0.05,False,MILD
043,13,2026-03-08 04:00:00,95.57,0.9,0.1659183673469388,False,False,True,0.05,False,MILD
043,14,2026-03-08 05:00:00,95.57,0.9,0.1430612244897959,False,False,True,0.05,False,MILD
043,15,2026-03-08 06:00:00,95.57,0.6,0.13224489795918368,False,False,True,0.05,False,MILD
043,16,2026-03-08 07:00:00,2.26,0.4,0.1285714285714286,False,False,True,0.05,False,MILD
043,17,2026-03-08 08:00:00,2.26,0.4,0.12510204081632656,False,False,True,0.05,False,MILD
043,18,2026-03-08 09:00:00,2.26,0.2,0.12122448979591838,False,False,True,0.05,False,MILD
043,19,2026-03-08 10:00:00,1.84,0.2,0.12306122448979592,False,False,True,0.05,False,MILD
043,20,2026-03-08 11:00:00,1.72,0.2,0.12857142857142856,False,False,True,0.05,False,MILD
043,21,2026-03-08 12:00:00,1.72,0.2,0.12877551020408162,False,False,True,0.05,False,MILD
043,22,2026-03-08 13:00:00,1.72,0.2,0.1373469387755102,False,False,True,0.05,False,MILD
043,23,2026-03-08 14:00:00,99.97,0.2,0.14367346938775513,False,False,True,0.05,False,MILD
043,24,2026-03-08 15:00:00,99.97,0.2,0.1442857142857143,False,False,True,0.05,False,MILD
043,25,2026-03-08 16:00:00,99.97,0.2,0.15653061224489795,False,False,True,0.05,False,MILD
043,26,2026-03-08 17:00:00,99.97,0.2,0.16346938775510209,False,False,True,0.05,False,MILD
043,27,2026-03-08 18:00:00,99.97,0.2,0.17755102040816328,False,False,True,0.05,False,MILD
043,28,2026-03-08 19:00:00,99.97,0.2,0.18306122448979592,False,False,True,0.05,False,MILD
043,29,2026-03-08 20:00:00,99.97,0.2,0.1793877551020408,False,False,True,0.05,False,MILD
043,30,2026-03-08 21:00:00,99.97,0.2,0.18693877551020407,False,False,True,0.05,False,MILD
043,31,2026-03-08 22:00:00,93.44,0.2,0.1906122448979592,False,False,True,0.05,False,MILD
043,32,2026-03-08 23:00:00,93.44,0.2,0.20020408163265307,False,False,True,0.05,False,MILD
044,1,2026-05-12 21:00:00,2.41,1.3,0.2657142857142857,False,False,True,0.0,False,MILD
044,2,2026-05-12 22:00:00,6.31,1.6,0.25,False,False,True,0.0,False,MILD
044,3,2026-05-12 23:00:00,6.31,1.9,0.23684210526315788,False,False,True,0.0,False,MILD
044,4,2026-05-13 00:00:00,6.31,1.9,0.2416,False,False,True,0.0,False,MILD
044,5,2026-05-13 01:00:00,6.31,1.9,0.2409677419354839,False,False,True,0.0,False,MILD
044,6,2026-05-13 02:00:00,6.31,1.9,0.24432432432432424,False,False,True,0.0,False,MILD
044,7,2026-05-13 03:00:00,6.31,1.9,0.2490697674418605,False,False,True,0.0,False,MILD
044,8,2026-05-13 04:00:00,6.31,1.9,0.2510204081632653,False,False,True,0.0,False,MILD
044,9,2026-05-13 05:00:00,6.31,1.9,0.2546938775510204,False,False,True,0.0,False,MILD
044,10,2026-05-13 06:00:00,5.45,1.9,0.2479591836734694,False,False,True,0.0,False,MILD
044,11,2026-05-13 07:00:00,5.29,1.9,0.24938775510204078,False,False,True,0.0,False,MILD
044,12,2026-05-13 08:00:00,3.68,0.7,0.24755102040816324,False,False,True,0.05,False,MILD
044,13,2026-05-13 09:00:00,2.76,0.7,0.2557142857142857,False,False,True,0.05,False,MILD
044,14,2026-05-13 10:00:00,2.76,0.7,0.24979591836734694,False,False,True,0.05,False,MILD
044,15,2026-05-13 11:00:00,2.76,0.7,0.2473469387755102,False,False,True,0.05,False,MILD
044,16,2026-05-13 12:00:00,2.76,0.7,0.23755102040816328,False,False,True,0.05,False,MILD
044,17,2026-05-13 13:00:00,11.8,0.5,0.23877551020408166,False,False,True,0.05,False,MILD
044,18,2026-05-13 14:00:00,11.8,0.5,0.25,False,False,True,0.05,False,MILD
044,19,2026-05-13 15:00:00,11.8,0.5,0.25,False,False,True,0.05,False,MILD
044,20,2026-05-13 16:00:00,11.8,0.2,0.24306122448979592,False,False,True,0.05,False,MILD
044,21,2026-05-13 17:00:00,77.03,0.2,0.23938775510204083,False,False,True,0.05,False,MILD
044,22,2026-05-13 18:00:00,77.03,0.2,0.2506122448979592,False,False,True,0.05,False,MILD
044,23,2026-05-13 19:00:00,77.03,0.2,0.25795918367346937,False,False,True,0.05,False,MILD
044,24,2026-05-13 20:00:00,77.03,0.2,0.26857142857142857,False,False,True,0.05,False,MILD
044,25,2026-05-13 21:00:00,77.03,0.2,0.26857142857142857,False,False,True,0.05,False,MILD
044,26,2026-05-13 22:00:00,101.61,0.2,0.28224489795918367,False,False,True,0.05,False,MILD
044,27,2026-05-13 23:00:00,101.61,0.1,0.29959183673469386,False,False,True,0.05,False,MILD
044,28,2026-05-14 00:00:00,101.61,0.1,0.32571428571428573,False,False,True,0.05,False,MILD
044,29,2026-05-14 01:00:00,101.61,0.1,0.35244897959183663,False,False,True,0.05,False,MILD
044,30,2026-05-14 02:00:00,101.61,0.1,0.3663265306122449,False,False,True,0.05,False,MILD
044,31,2026-05-14 03:00:00,101.61,0.2,0.3818367346938776,False,False,True,0.05,False,MILD
045,1,2026-04-24 18:00:00,110.09,2.0,0.06571428571428573,False,False,True,0.0,False,MILD
045,2,2026-04-24 19:00:00,110.09,2.4,0.07923076923076922,False,False,True,0.0,False,MILD
045,3,2026-04-24 20:00:00,110.09,2.4,0.08578947368421053,False,False,True,0.0,False,MILD
045,4,2026-04-24 21:00:00,437.72,2.5,0.084,False,False,True,0.0,False,MILD
045,5,2026-04-24 22:00:00,437.72,2.5,0.07612903225806454,False,False,True,0.0,False,MILD
045,6,2026-04-24 23:00:00,437.72,2.5,0.08027027027027027,False,False,True,0.0,False,MILD
045,7,2026-04-25 00:00:00,437.72,2.5,0.08627906976744186,False,False,True,0.0,False,MILD
045,8,2026-04-25 01:00:00,437.72,2.5,0.07244897959183672,False,False,True,0.0,False,MILD
045,9,2026-04-25 02:00:00,437.72,2.5,0.06918367346938775,False,False,True,0.0,False,MILD
045,10,2026-04-25 03:00:00,437.72,2.5,0.06183673469387755,False,False,True,0.0,False,MILD
045,11,2026-04-25 04:00:00,437.72,2.5,0.04816326530612246,False,False,True,0.0,False,MILD
045,12,2026-04-25 05:00:00,113.37,2.1,0.03734693877551021,False,False,True,0.05,False,MILD
045,13,2026-04-25 06:00:00,232.92,0.7,0.030612244897959183,False,False,True,0.05,False,MILD
045,14,2026-04-25 07:00:00,232.92,0.7,0.011224489795918368,False,False,True,0.05,False,MILD
045,15,2026-04-25 08:00:00,232.92,0.7,-0.0034693877551020416,True,False,True,0.05,False,MILD
045,16,2026-04-25 09:00:00,232.92,0.7,-0.004693877551020406,True,False,True,0.05,False,MILD
045,17,2026-04-25 10:00:00,232.92,0.7,-0.008163265306122448,True,False,True,0.05,False,MILD
045,18,2026-04-25 11:00:00,232.92,0.7,0.005714285714285717,False,False,True,0.05,False,MILD
045,19,2026-04-25 12:00:00,232.92,0.7,0.0008163265306122445,False,False,True,0.05,False,MILD
045,20,2026-04-25 13:00:00,232.92,0.7,-0.01163265306122449,True,False,True,0.05,False,MILD
045,21,2026-04-25 14:00:00,103.04,0.7,-0.011632653061224489,True,False,True,0.05,False,MILD
045,22,2026-04-25 15:00:00,103.04,0.6,-0.005306122448979592,True,False,True,0.05,False,MILD
045,23,2026-04-25 16:00:00,103.04,0.2,-0.007755102040816326,True,False,True,0.05,False,MILD
045,24,2026-04-25 17:00:00,103.04,0.2,-0.0020408163265306103,True,False,True,0.05,False,MILD
045,25,2026-04-25 18:00:00,103.04,0.2,-0.008571428571428572,True,False,True,0.05,False,MILD
045,26,2026-04-25 19:00:00,173.86,0.2,-0.018367346938775515,True,False,True,0.05,False,MILD
045,27,2026-04-25 20:00:00,292.02,0.2,-0.0075510204081632665,True,False,True,0.05,False,MILD
045,28,2026-04-25 21:00:00,292.02,0.2,0.001224489795918368,False,False,True,0.05,False,MILD
045,29,2026-04-25 22:00:00,292.02,0.2,0.007142857142857143,False,False,True,0.05,False,MILD
045,30,2026-04-25 23:00:00,292.02,0.2,0.020612244897959184,False,False,True,0.05,False,MILD
045,31,2026-04-26 00:00:00,292.02,0.2,0.03102040816326531,False,False,True,0.05,False,MILD
045,32,2026-04-26 01:00:00,292.02,0.2,0.03428571428571429,False,False,True,0.05,False,MILD
045,33,2026-04-26 02:00:00,501.66,0.2,0.03612244897959184,False,False,True,0.05,False,MILD
045,34,2026-04-26 03:00:00,501.66,0.2,0.03653061224489795,False,False,True,0.05,False,MILD
045,35,2026-04-26 04:00:00,501.66,0.2,0.02775510204081632,False,False,True,0.05,False,MILD
045,36,2026-04-26 05:00:00,501.66,0.2,0.023265306122448978,False,False,True,0.05,False,MILD
045,37,2026-04-26 06:00:00,501.66,0.2,0.028163265306122447,False,False,True,0.05,False,MILD
045,38,2026-04-26 07:00:00,501.66,0.2,0.020816326530612245,False,False,True,0.05,False,MILD
045,39,2026-04-26 08:00:00,501.66,0.2,0.021224489795918372,False,False,True,0.05,False,MILD
045,40,2026-04-26 09:00:00,501.66,0.2,0.023877551020408165,False,False,True,0.05,False,MILD
046,1,2026-02-19 07:00:00,4.72,2.4,-1.4814285714285713,True,True,True,0.0,False,MILD
046,2,2026-02-19 08:00:00,7.17,2.4,-1.493846153846154,True,True,True,0.0,False,MILD
046,3,2026-02-19 09:00:00,7.17,2.4,-1.486842105263158,True,True,True,0.0,False,MILD
046,4,2026-02-19 10:00:00,7.17,2.4,-1.484,True,True,False,0.0,False,MILD
046,5,2026-02-19 11:00:00,23.8,2.7,-1.471290322580645,True,False,True,0.0,False,MILD
046,6,2026-02-19 12:00:00,23.8,2.7,-1.4705405405405405,True,False,True,0.0,False,MILD
046,7,2026-02-19 13:00:00,23.8,2.7,-1.475813953488372,True,False,True,0.0,False,MILD
046,8,2026-02-19 14:00:00,23.8,2.7,-1.4853061224489799,True,False,True,0.0,False,MILD
046,9,2026-02-19 15:00:00,23.8,2.7,-1.4802040816326532,True,False,True,0.0,False,MILD
046,10,2026-02-19 16:00:00,23.8,2.7,-1.4724489795918365,True,False,True,0.0,False,MILD
046,11,2026-02-19 17:00:00,23.8,2.7,-1.4630612244897958,True,False,True,0.0,False,MILD
046,12,2026-02-19 18:00:00,23.8,2.7,-1.4532653061224492,True,False,True,0.05,False,MILD
046,13,2026-02-19 19:00:00,7.74,2.7,-1.4538775510204083,True,True,False,0.05,False,MILD
046,14,2026-02-19 20:00:00,6.39,2.5,-1.4451020408163266,True,True,False,0.05,False,MILD
046,15,2026-02-19 21:00:00,6.39,2.5,-1.4355102040816323,True,True,False,0.05,False,MILD
046,16,2026-02-19 22:00:00,174.2,2.5,-1.413469387755102,True,False,True,0.05,False,MILD
046,17,2026-02-19 23:00:00,174.2,2.5,-1.4093877551020406,True,False,True,0.05,False,MILD
046,18,2026-02-20 00:00:00,174.2,2.2,-1.4079591836734693,True,False,True,0.05,False,MILD
046,19,2026-02-20 01:00:00,174.2,0.6,-1.4159183673469387,True,False,True,0.05,False,MILD
046,20,2026-02-20 02:00:00,254.37,0.6,-1.4212244897959183,True,False,True,0.05,False,MILD
046,21,2026-02-20 03:00:00,254.37,0.6,-1.4193877551020408,True,False,True,0.05,False,MILD
046,22,2026-02-20 04:00:00,254.37,0.6,-1.426326530612245,True,False,True,0.05,False,MILD
046,23,2026-02-20 05:00:00,254.37,0.6,-1.4295918367346938,True,False,True,0.05,False,MILD
046,24,2026-02-20 06:00:00,254.37,0.6,-1.4283673469387754,True,False,True,0.05,False,MILD
046,25,2026-02-20 07:00:00,254.37,0.6,-1.4304081632653063,True,False,True,0.05,False,MILD
046,26,2026-02-20 08:00:00,254.37,0.5,-1.426734693877551,True,False,True,0.05,False,MILD
046,27,2026-02-20 09:00:00,254.37,0.5,-1.4287755102040818,True,False,True,0.05,False,MILD
046,28,2026-02-20 10:00:00,51.1,0.5,-1.426938775510204,True,False,True,0.05,False,MILD
046,29,2026-02-20 11:00:00,51.1,0.5,-1.4306122448979595,True,False,True,0.05,False,MILD
046,30,2026-02-20 12:00:00,51.1,0.5,-1.4344897959183671,True,False,True,0.05,False,MILD
046,31,2026-02-20 13:00:00,51.1,0.5,-1.4316326530612247,True,False,True,0.05,False,MILD
046,32,2026-02-20 14:00:00,51.1,0.5,-1.4293877551020409,True,False,True,0.05,False,MILD
046,33,2026-02-20 15:00:00,51.1,0.5,-1.426938775510204,True,False,True,0.05,False,MILD
046,34,2026-02-20 16:00:00,51.1,0.5,-1.423877551020408,True,False,True,0.05,False,MILD
046,35,2026-02-20 17:00:00,38.5,0.5,-1.4087755102040818,True,False,True,0.05,False,MILD
046,36,2026-02-20 18:00:00,226.31,0.5,-1.4034693877551019,True,False,True,0.05,False,MILD
046,37,2026-02-20 19:00:00,226.31,0.9,-1.3895918367346942,True,False,True,0.05,False,MILD
046,38,2026-02-20 20:00:00,226.31,0.9,-1.3687755102040817,True,False,True,0.05,False,MILD
046,39,2026-02-20 21:00:00,226.31,0.9,-1.3706122448979594,True,False,True,0.05,False,MILD
046,40,2026-02-20 22:00:00,226.31,0.9,-1.3681632653061226,True,False,True,0.05,False,MILD
046,41,2026-02-20 23:00:00,226.31,0.9,-1.3748979591836736,True,False,True,0.05,False,MILD
046,42,2026-02-21 00:00:00,226.31,0.9,-1.3673469387755104,True,False,True,0.05,False,MILD
046,43,2026-02-21 01:00:00,226.31,0.9,-1.364285714285714,True,False,True,0.05,False,MILD
046,44,2026-02-21 02:00:00,75.92,0.9,-1.3691836734693876,True,False,True,0.05,False,MILD
046,45,2026-02-21 03:00:00,75.92,0.9,-1.377755102040816,True,False,True,0.05,False,MILD
046,46,2026-02-21 04:00:00,75.92,0.3,-1.39,True,False,True,0.05,False,MILD
046,47,2026-02-21 05:00:00,77.93,0.3,-1.3908163265306124,True,False,True,0.05,False,MILD
046,48,2026-02-21 06:00:00,77.93,0.3,-1.3965306122448982,True,False,True,0.05,False,MILD
046,49,2026-02-21 07:00:00,576.82,0.3,-1.3959183673469389,True,False,True,0.05,False,MILD
046,50,2026-02-21 08:00:00,576.82,0.3,-1.4089795918367347,True,False,True,0.05,False,MILD
046,51,2026-02-21 09:00:00,576.82,0.3,-1.4169387755102039,True,False,True,0.05,False,MILD
046,52,2026-02-21 10:00:00,594.06,0.3,-1.4116326530612242,True,False,True,0.05,False,MILD
046,53,2026-02-21 11:00:00,594.06,0.2,-1.4044897959183675,True,False,True,0.05,False,MILD
046,54,2026-02-21 12:00:00,594.06,0.2,-1.406530612244898,True,False,True,0.05,False,MILD
046,55,2026-02-21 13:00:00,594.06,0.2,-1.4114285714285713,True,False,True,0.05,False,MILD
046,56,2026-02-21 14:00:00,594.06,0.2,-1.42,True,False,True,0.05,False,MILD
046,57,2026-02-21 15:00:00,594.06,0.2,-1.4048979591836734,True,False,True,0.05,False,MILD
046,58,2026-02-21 16:00:00,594.06,0.2,-1.396326530612245,True,False,True,0.05,False,MILD
046,59,2026-02-21 17:00:00,594.06,0.2,-1.3871428571428575,True,False,True,0.05,False,MILD
046,60,2026-02-21 18:00:00,1.4,0.2,-1.3916326530612244,True,True,True,0.05,False,MILD
046,61,2026-02-21 19:00:00,1.4,0.2,-1.3951020408163268,True,True,True,0.05,False,MILD
046,62,2026-02-21 20:00:00,104.45,0.2,-1.3800000000000001,True,False,True,0.05,False,MILD
046,63,2026-02-21 21:00:00,104.45,0.2,-1.3724489795918366,True,False,True,0.05,False,MILD
046,64,2026-02-21 22:00:00,104.45,0.2,-1.35,True,False,True,0.05,False,MILD
046,65,2026-02-21 23:00:00,104.45,0.3,-1.3542857142857145,True,False,True,0.05,False,MILD
046,66,2026-02-22 00:00:00,104.45,0.3,-1.3516326530612246,True,False,True,0.05,False,MILD
046,67,2026-02-22 01:00:00,333.13,0.3,-1.3361224489795922,True,False,True,0.05,False,MILD
046,68,2026-02-22 02:00:00,333.13,0.3,-1.3155102040816324,True,False,True,0.05,False,MILD
046,69,2026-02-22 03:00:00,333.13,0.3,-1.2995918367346937,True,False,True,0.05,False,MILD
046,70,2026-02-22 04:00:00,333.13,0.3,-1.290204081632653,True,False,True,0.05,False,MILD
046,71,2026-02-22 05:00:00,333.13,0.3,-1.2746938775510204,True,False,True,0.05,False,MILD
046,72,2026-02-22 06:00:00,333.13,0.3,-1.273673469387755,True,False,True,0.05,False,MILD
046,73,2026-02-22 07:00:00,333.13,0.3,-1.2510204081632652,True,False,True,0.05,False,MILD
046,74,2026-02-22 08:00:00,333.13,0.2,-1.2424489795918368,True,False,True,0.05,False,MILD
046,75,2026-02-22 09:00:00,31.47,0.2,-1.2479591836734694,True,False,True,0.05,False,MILD
046,76,2026-02-22 10:00:00,31.47,0.2,-1.2459183673469387,True,False,True,0.05,False,MILD
046,77,2026-02-22 11:00:00,31.47,0.2,-1.2518367346938777,True,False,True,0.05,False,MILD
046,78,2026-02-22 12:00:00,31.47,0.2,-1.2585714285714287,True,False,True,0.05,False,MILD
046,79,2026-02-22 13:00:00,1.41,0.2,-1.256122448979592,True,True,True,0.05,False,MILD
046,80,2026-02-22 14:00:00,1.54,0.2,-1.2561224489795917,True,True,True,0.05,False,MILD
046,81,2026-02-22 15:00:00,1.54,0.2,-1.266734693877551,True,True,True,0.05,False,MILD
046,82,2026-02-22 16:00:00,1.54,0.1,-1.2689795918367348,True,True,True,0.05,False,MILD
046,83,2026-02-22 17:00:00,1.54,0.2,-1.2679591836734694,True,True,True,0.05,False,MILD
046,84,2026-02-22 18:00:00,1.54,0.2,-1.2673469387755103,True,True,True,0.05,False,MILD
046,85,2026-02-22 19:00:00,1.54,0.2,-1.2640816326530613,True,True,True,0.05,False,MILD
046,86,2026-02-22 20:00:00,1.54,0.2,-1.2571428571428571,True,True,True,0.05,False,MILD
046,87,2026-02-22 21:00:00,88.52,0.2,-1.2553061224489797,True,False,True,0.05,False,MILD
046,88,2026-02-22 22:00:00,88.52,0.2,-1.2548979591836738,True,False,True,0.05,False,MILD
046,89,2026-02-22 23:00:00,88.52,0.2,-1.24734693877551,True,False,True,0.05,False,MILD
046,90,2026-02-23 00:00:00,88.52,0.2,-1.243877551020408,True,False,True,0.05,False,MILD
046,91,2026-02-23 01:00:00,88.52,0.2,-1.2451020408163265,True,False,True,0.05,False,MILD
046,92,2026-02-23 02:00:00,88.52,0.2,-1.243877551020408,True,False,True,0.05,False,MILD
046,93,2026-02-23 03:00:00,88.52,0.2,-1.2328571428571429,True,False,True,0.05,False,MILD
046,94,2026-02-23 04:00:00,88.52,0.2,-1.2320408163265306,True,False,True,0.05,False,MILD
046,95,2026-02-23 05:00:00,1.62,0.2,-1.2242857142857144,True,True,True,0.05,True,MILD
046,96,2026-02-23 06:00:00,1.62,0.2,-1.2163265306122448,True,True,True,0.05,False,MILD
046,97,2026-02-23 07:00:00,1.62,0.2,-1.2008163265306122,True,True,True,0.05,False,MILD
046,98,2026-02-23 08:00:00,1.62,0.2,-1.186938775510204,True,True,True,0.05,False,MILD
046,99,2026-02-23 09:00:00,1.62,0.2,-1.1642857142857141,True,True,True,0.05,False,MILD
046,100,2026-02-23 10:00:00,1.62,0.2,-1.1500000000000001,True,True,True,0.05,False,MILD
046,101,2026-02-23 11:00:00,1.62,0.2,-1.1426530612244896,True,True,True,0.05,False,MILD
046,102,2026-02-23 12:00:00,286.04,0.2,-1.136734693877551,True,False,True,0.05,False,MILD
046,103,2026-02-23 13:00:00,286.04,0.2,-1.132857142857143,True,False,True,0.05,False,MILD
046,104,2026-02-23 14:00:00,286.04,0.2,-1.1310204081632653,True,False,True,0.05,False,MILD
046,105,2026-02-23 15:00:00,286.04,0.2,-1.1326530612244898,True,False,True,0.05,False,MILD
046,106,2026-02-23 16:00:00,286.04,0.2,-1.1348979591836734,True,False,True,0.05,False,MILD
046,107,2026-02-23 17:00:00,286.04,0.1,-1.1308163265306124,True,False,True,0.05,False,MILD
046,108,2026-02-23 18:00:00,286.04,0.2,-1.1244897959183673,True,False,True,0.05,False,MILD
046,109,2026-02-23 19:00:00,286.04,0.2,-1.1214285714285714,True,False,True,0.05,False,MILD
046,110,2026-02-23 20:00:00,156.47,0.2,-1.1140816326530611,True,False,True,0.05,False,MILD
046,111,2026-02-23 21:00:00,156.47,0.2,-1.0967346938775508,True,False,True,0.05,False,MILD
046,112,2026-02-23 22:00:00,65.5,0.2,-1.0751020408163265,True,False,True,0.05,False,MILD
046,113,2026-02-23 23:00:00,65.5,0.2,-1.0553061224489797,True,False,True,0.05,False,MILD
046,114,2026-02-24 00:00:00,65.5,0.2,-1.0432653061224488,True,False,True,0.05,False,MILD
046,115,2026-02-24 01:00:00,65.5,0.3,-1.044081632653061,True,False,True,0.05,False,MILD
046,116,2026-02-24 02:00:00,211.64,0.3,-1.036734693877551,True,False,True,0.05,False,MILD
046,117,2026-02-24 03:00:00,211.64,0.3,-1.0304081632653062,True,False,True,0.05,False,MILD
047,1,2026-03-09 16:00:00,3.53,1.4,-0.4685714285714285,True,True,True,0.0,False,MILD
047,2,2026-03-09 17:00:00,5.8,1.8,-0.49,True,True,True,0.0,False,MILD
047,3,2026-03-09 18:00:00,5.8,2.5,-0.49526315789473685,True,True,True,0.0,False,MILD
047,4,2026-03-09 19:00:00,5.8,2.5,-0.5115999999999999,True,True,False,0.0,False,MILD
047,5,2026-03-09 20:00:00,6.68,2.5,-0.5058064516129032,True,True,False,0.0,False,MILD
047,6,2026-03-09 21:00:00,6.68,2.5,-0.49756756756756765,True,True,False,0.0,False,MILD
047,7,2026-03-09 22:00:00,7.87,2.5,-0.5030232558139535,True,True,False,0.0,False,MILD
047,8,2026-03-09 23:00:00,7.87,2.5,-0.5051020408163265,True,True,False,0.0,False,MILD
047,9,2026-03-10 00:00:00,7.87,2.5,-0.5110204081632653,True,True,False,0.0,False,MILD
047,10,2026-03-10 01:00:00,7.87,2.5,-0.5144897959183674,True,True,False,0.0,False,MILD
047,11,2026-03-10 02:00:00,7.87,2.5,-0.516734693877551,True,True,False,0.0,False,MILD
047,12,2026-03-10 03:00:00,152.15,1.9,-0.51,True,False,True,0.05,False,MILD
047,13,2026-03-10 04:00:00,152.15,1.9,-0.5173469387755102,True,False,True,0.05,False,MILD
047,14,2026-03-10 05:00:00,152.15,1.9,-0.5408163265306123,True,False,True,0.05,False,MILD
047,15,2026-03-10 06:00:00,152.15,1.5,-0.5463265306122449,True,False,True,0.05,False,MILD
047,16,2026-03-10 07:00:00,152.15,1.5,-0.5675510204081632,True,False,True,0.05,False,MILD
047,17,2026-03-10 08:00:00,152.15,0.9,-0.5871428571428572,True,False,True,0.05,False,MILD
047,18,2026-03-10 09:00:00,181.33,0.7,-0.5991836734693877,True,False,True,0.05,False,MILD
047,19,2026-03-10 10:00:00,181.33,0.7,-0.6218367346938777,True,False,True,0.05,False,MILD
047,20,2026-03-10 11:00:00,181.33,0.8,-0.6442857142857142,True,False,True,0.05,False,MILD
047,21,2026-03-10 12:00:00,181.33,0.8,-0.6579591836734694,True,False,True,0.05,False,MILD
047,22,2026-03-10 13:00:00,181.33,0.8,-0.6648979591836734,True,False,True,0.05,False,MILD
047,23,2026-03-10 14:00:00,197.99,0.8,-0.6771428571428572,True,False,True,0.05,False,MILD
047,24,2026-03-10 15:00:00,197.99,0.8,-0.6816326530612243,True,False,True,0.05,False,MILD
047,25,2026-03-10 16:00:00,197.99,0.8,-0.6812244897959184,True,False,True,0.05,False,MILD
047,26,2026-03-10 17:00:00,197.99,0.8,-0.6895918367346938,True,False,True,0.05,False,MILD
047,27,2026-03-10 18:00:00,197.99,0.8,-0.6951020408163264,True,False,True,0.05,False,MILD
047,28,2026-03-10 19:00:00,197.99,0.8,-0.6893877551020406,True,False,True,0.05,False,MILD
047,29,2026-03-10 20:00:00,197.99,0.8,-0.6893877551020409,True,False,True,0.05,False,MILD
047,30,2026-03-10 21:00:00,197.99,0.7,-0.6883673469387754,True,False,True,0.05,False,MILD
047,31,2026-03-10 22:00:00,197.99,0.7,-0.6840816326530611,True,False,True,0.05,False,MILD
047,32,2026-03-10 23:00:00,127.84,0.7,-0.6724489795918367,True,False,True,0.05,False,MILD
047,33,2026-03-11 00:00:00,127.84,0.7,-0.6642857142857144,True,False,True,0.05,False,MILD
047,34,2026-03-11 01:00:00,127.84,0.4,-0.6642857142857143,True,False,True,0.05,False,MILD
047,35,2026-03-11 02:00:00,127.84,0.3,-0.6508163265306123,True,False,True,0.05,False,MILD
047,36,2026-03-11 03:00:00,127.84,0.3,-0.6381632653061223,True,False,True,0.05,False,MILD
047,37,2026-03-11 04:00:00,127.84,0.3,-0.6375510204081632,True,False,True,0.05,False,MILD
047,38,2026-03-11 05:00:00,92.46,0.2,-0.6385714285714287,True,False,True,0.05,False,MILD
047,39,2026-03-11 06:00:00,92.46,0.2,-0.6506122448979592,True,False,True,0.05,False,MILD
047,40,2026-03-11 07:00:00,186.93,0.2,-0.6528571428571429,True,False,True,0.05,False,MILD
047,41,2026-03-11 08:00:00,186.93,0.2,-0.653265306122449,True,False,True,0.05,False,MILD
047,42,2026-03-11 09:00:00,186.93,0.2,-0.6540816326530612,True,False,True,0.05,False,MILD
047,43,2026-03-11 10:00:00,186.93,0.2,-0.6632653061224489,True,False,True,0.05,False,MILD
047,44,2026-03-11 11:00:00,186.93,0.2,-0.6708163265306122,True,False,True,0.05,False,MILD
047,45,2026-03-11 12:00:00,186.93,0.2,-0.6773469387755101,True,False,True,0.05,False,MILD
047,46,2026-03-11 13:00:00,186.93,0.2,-0.6918367346938776,True,False,True,0.05,False,MILD
047,47,2026-03-11 14:00:00,186.93,0.2,-0.6953061224489796,True,False,True,0.05,False,MILD
047,48,2026-03-11 15:00:00,186.93,0.2,-0.7048979591836735,True,False,True,0.05,False,MILD
047,49,2026-03-11 16:00:00,202.17,0.2,-0.7163265306122449,True,False,True,0.05,False,MILD
047,50,2026-03-11 17:00:00,202.17,0.2,-0.7248979591836734,True,False,True,0.05,False,MILD
047,51,2026-03-11 18:00:00,202.17,0.2,-0.7275510204081632,True,False,True,0.05,False,MILD
047,52,2026-03-11 19:00:00,202.17,0.2,-0.7279591836734692,True,False,True,0.05,False,MILD
047,53,2026-03-11 20:00:00,202.17,0.2,-0.7224489795918368,True,False,True,0.05,False,MILD
047,54,2026-03-11 21:00:00,202.17,0.2,-0.7102040816326531,True,False,True,0.05,False,MILD
047,55,2026-03-11 22:00:00,202.17,0.2,-0.7063265306122449,True,False,True,0.05,False,MILD
047,56,2026-03-11 23:00:00,202.17,0.2,-0.6987755102040817,True,False,True,0.05,False,MILD
047,57,2026-03-12 00:00:00,1.97,0.2,-0.6916326530612245,True,True,False,0.05,False,MILD
047,58,2026-03-12 01:00:00,114.68,0.3,-0.6904081632653061,True,False,True,0.05,False,MILD
047,59,2026-03-12 02:00:00,114.68,0.3,-0.7034693877551021,True,False,True,0.05,False,MILD
047,60,2026-03-12 03:00:00,114.68,0.3,-0.7165306122448981,True,False,True,0.05,False,MILD
047,61,2026-03-12 04:00:00,274.9,0.3,-0.7348979591836734,True,False,True,0.05,False,MILD
047,62,2026-03-12 05:00:00,274.9,0.3,-0.7455102040816325,True,False,True,0.05,False,MILD
047,63,2026-03-12 06:00:00,274.9,0.3,-0.7548979591836734,True,False,True,0.05,False,MILD
047,64,2026-03-12 07:00:00,274.9,0.3,-0.7675510204081634,True,False,True,0.05,False,MILD
047,65,2026-03-12 08:00:00,274.9,0.3,-0.7783673469387756,True,False,True,0.05,False,MILD
047,66,2026-03-12 09:00:00,274.9,0.2,-0.7763265306122449,True,False,True,0.05,False,MILD
047,67,2026-03-12 10:00:00,274.9,0.2,-0.7693877551020407,True,False,True,0.05,False,MILD
047,68,2026-03-12 11:00:00,274.9,0.1,-0.7597959183673468,True,False,True,0.05,False,MILD
047,69,2026-03-12 12:00:00,193.3,0.2,-0.7463265306122451,True,False,True,0.05,False,MILD
047,70,2026-03-12 13:00:00,193.3,0.2,-0.7395918367346938,True,False,True,0.05,False,MILD
047,71,2026-03-12 14:00:00,193.3,0.3,-0.7383673469387754,True,False,True,0.05,False,MILD
047,72,2026-03-12 15:00:00,193.3,0.3,-0.7391836734693877,True,False,True,0.05,False,MILD
047,73,2026-03-12 16:00:00,193.3,0.3,-0.733265306122449,True,False,True,0.05,False,MILD
047,74,2026-03-12 17:00:00,40.74,0.3,-0.7430612244897958,True,False,True,0.05,False,MILD
047,75,2026-03-12 18:00:00,413.13,0.3,-0.7418367346938777,True,False,True,0.05,False,MILD
047,76,2026-03-12 19:00:00,413.13,0.3,-0.7455102040816327,True,False,True,0.05,False,MILD
047,77,2026-03-12 20:00:00,413.13,0.3,-0.7475510204081633,True,False,True,0.05,False,MILD
047,78,2026-03-12 21:00:00,413.13,0.3,-0.7461224489795918,True,False,True,0.05,False,MILD
047,79,2026-03-12 22:00:00,413.13,0.3,-0.736326530612245,True,False,True,0.05,False,MILD
047,80,2026-03-12 23:00:00,413.13,0.3,-0.7336734693877551,True,False,True,0.05,False,MILD
047,81,2026-03-13 00:00:00,413.13,0.3,-0.7318367346938774,True,False,True,0.05,False,MILD
047,82,2026-03-13 01:00:00,413.13,0.3,-0.7310204081632652,True,False,True,0.05,False,MILD
047,83,2026-03-13 02:00:00,1.33,0.3,-0.7342857142857142,True,True,True,0.05,False,MILD
047,84,2026-03-13 03:00:00,1.32,0.3,-0.7359183673469388,True,True,True,0.05,False,MILD
048,1,2026-01-26 13:00:00,4.98,0.9,0.13428571428571429,False,False,True,0.0,False,MILD
048,2,2026-01-26 14:00:00,148.59,2.5,0.1623076923076923,False,False,True,0.0,False,MILD
048,3,2026-01-26 15:00:00,148.59,2.5,0.18052631578947373,False,False,True,0.0,False,MILD
048,4,2026-01-26 16:00:00,148.59,2.5,0.1916,False,False,True,0.0,False,MILD
048,5,2026-01-26 17:00:00,148.59,2.5,0.19129032258064516,False,False,True,0.0,False,MILD
048,6,2026-01-26 18:00:00,148.59,2.5,0.21324324324324323,False,False,True,0.0,False,MILD
048,7,2026-01-26 19:00:00,148.59,2.5,0.21999999999999997,False,False,True,0.0,False,MILD
048,8,2026-01-26 20:00:00,148.59,2.5,0.22775510204081634,False,False,True,0.0,False,MILD
048,9,2026-01-26 21:00:00,148.59,2.5,0.23979591836734693,False,False,True,0.0,False,MILD
048,10,2026-01-26 22:00:00,115.33,2.4,0.25673469387755105,False,False,True,0.0,False,MILD
048,11,2026-01-26 23:00:00,115.33,2.4,0.25673469387755105,False,False,True,0.0,False,MILD
048,12,2026-01-27 00:00:00,115.33,0.7,0.246734693877551,False,False,True,0.05,False,MILD
048,13,2026-01-27 01:00:00,119.92,0.7,0.25020408163265306,False,False,True,0.05,False,MILD
048,14,2026-01-27 02:00:00,119.92,0.7,0.24510204081632653,False,False,True,0.05,False,MILD
048,15,2026-01-27 03:00:00,124.73,0.7,0.23755102040816323,False,False,True,0.05,False,MILD
048,16,2026-01-27 04:00:00,124.73,0.7,0.23326530612244897,False,False,True,0.05,False,MILD
048,17,2026-01-27 05:00:00,124.73,0.6,0.2383673469387755,False,False,True,0.05,False,MILD
048,18,2026-01-27 06:00:00,124.73,0.2,0.23571428571428568,False,False,True,0.05,False,MILD
048,19,2026-01-27 07:00:00,124.73,0.2,0.24591836734693878,False,False,True,0.05,False,MILD
048,20,2026-01-27 08:00:00,124.73,0.2,0.2530612244897959,False,False,True,0.05,False,MILD
048,21,2026-01-27 09:00:00,124.73,0.2,0.26612244897959186,False,False,True,0.05,False,MILD
048,22,2026-01-27 10:00:00,124.73,0.2,0.2677551020408163,False,False,True,0.05,False,MILD
048,23,2026-01-27 11:00:00,36.53,0.2,0.26816326530612244,False,False,True,0.05,False,MILD
048,24,2026-01-27 12:00:00,1.19,0.2,0.25897959183673475,False,False,True,0.05,False,MILD
048,25,2026-01-27 13:00:00,1.12,0.2,0.24714285714285716,False,False,True,0.05,False,MILD
048,26,2026-01-27 14:00:00,1.12,0.2,0.2348979591836735,False,False,True,0.05,False,MILD
048,27,2026-01-27 15:00:00,431.32,0.2,0.22326530612244896,False,False,True,0.05,False,MILD
048,28,2026-01-27 16:00:00,431.32,0.2,0.21918367346938775,False,False,True,0.05,False,MILD
048,29,2026-01-27 17:00:00,431.32,0.2,0.21081632653061225,False,False,True,0.05,False,MILD
048,30,2026-01-27 18:00:00,431.32,0.2,0.20571428571428568,False,False,True,0.05,False,MILD
048,31,2026-01-27 19:00:00,431.32,0.2,0.20326530612244897,False,False,True,0.05,False,MILD
048,32,2026-01-27 20:00:00,431.32,0.2,0.20673469387755103,False,False,True,0.05,False,MILD
049,1,2026-04-14 06:00:00,6.22,2.9,0.13714285714285715,False,False,True,0.0,False,MILD
049,2,2026-04-14 07:00:00,136.99,2.9,0.15153846153846154,False,False,True,0.0,False,MILD
049,3,2026-04-14 08:00:00,136.99,2.9,0.1531578947368421,False,False,True,0.0,False,MILD
049,4,2026-04-14 09:00:00,136.99,2.9,0.1488,False,False,True,0.0,False,MILD
049,5,2026-04-14 10:00:00,136.99,2.9,0.14451612903225808,False,False,True,0.0,False,MILD
049,6,2026-04-14 11:00:00,136.99,2.9,0.15000000000000002,False,False,True,0.0,False,MILD
049,7,2026-04-14 12:00:00,224.53,2.9,0.14953488372093024,False,False,True,0.0,False,MILD
049,8,2026-04-14 13:00:00,224.53,2.9,0.1416326530612245,False,False,True,0.0,False,MILD
049,9,2026-04-14 14:00:00,224.53,2.1,0.14734693877551022,False,False,True,0.0,False,MILD
049,10,2026-04-14 15:00:00,224.53,2.1,0.1416326530612245,False,False,True,0.0,False,MILD
049,11,2026-04-14 16:00:00,224.53,2.1,0.13673469387755102,False,False,True,0.0,False,MILD
049,12,2026-04-14 17:00:00,224.53,1.9,0.14061224489795918,False,False,True,0.0,False,MILD
049,13,2026-04-14 18:00:00,224.53,1.9,0.1416326530612245,False,False,True,0.0,False,MILD
049,14,2026-04-14 19:00:00,224.53,1.9,0.13775510204081634,False,False,True,0.0,False,MILD
049,15,2026-04-14 20:00:00,142.85,1.9,0.14081632653061224,False,False,True,0.0,False,MILD
049,16,2026-04-14 21:00:00,142.85,1.9,0.15183673469387754,False,False,True,0.0,False,MILD
049,17,2026-04-14 22:00:00,142.85,1.9,0.15102040816326529,False,False,True,0.0,False,MILD
049,18,2026-04-14 23:00:00,142.85,1.6,0.1663265306122449,False,False,True,0.0,False,MILD
049,19,2026-04-15 00:00:00,142.85,0.7,0.17877551020408164,False,False,True,0.0,False,MILD
049,20,2026-04-15 01:00:00,142.85,0.7,0.18448979591836734,False,False,True,0.0,False,MILD
049,21,2026-04-15 02:00:00,142.85,0.7,0.18387755102040815,False,False,True,0.0,False,MILD
049,22,2026-04-15 03:00:00,142.85,0.8,0.18673469387755098,False,False,True,0.0,False,MILD
049,23,2026-04-15 04:00:00,66.14,0.8,0.1938775510204082,False,False,True,0.0,False,MILD
049,24,2026-04-15 05:00:00,66.14,0.8,0.19632653061224492,False,False,True,0.0,False,MILD
049,25,2026-04-15 06:00:00,66.14,0.8,0.19408163265306125,False,False,True,0.0,False,MILD
049,26,2026-04-15 07:00:00,66.14,0.8,0.18489795918367347,False,False,True,0.0,False,MILD
049,27,2026-04-15 08:00:00,66.14,0.8,0.18224489795918367,False,False,True,0.0,False,MILD
049,28,2026-04-15 09:00:00,66.14,0.8,0.18265306122448982,False,False,True,0.0,False,MILD
049,29,2026-04-15 10:00:00,66.14,0.8,0.1989795918367347,False,False,True,0.0,False,MILD
049,30,2026-04-15 11:00:00,66.14,0.8,0.20285714285714287,False,False,True,0.0,False,MILD
049,31,2026-04-15 12:00:00,3.0,0.8,0.2116326530612245,False,False,True,0.0,False,MILD
049,32,2026-04-15 13:00:00,2.89,0.8,0.21591836734693878,False,False,True,0.0,False,MILD
049,33,2026-04-15 14:00:00,17.31,0.8,0.21877551020408165,False,False,True,0.0,False,MILD
049,34,2026-04-15 15:00:00,17.31,0.8,0.22795918367346937,False,False,True,0.0,False,MILD
049,35,2026-04-15 16:00:00,17.31,0.8,0.23387755102040814,False,False,True,0.0,False,MILD
049,36,2026-04-15 17:00:00,17.31,0.8,0.23571428571428568,False,False,True,0.0,False,MILD
049,37,2026-04-15 18:00:00,17.31,0.8,0.2202040816326531,False,False,True,0.0,False,MILD
049,38,2026-04-15 19:00:00,17.31,0.7,0.21979591836734688,False,False,True,0.0,False,MILD
049,39,2026-04-15 20:00:00,17.31,0.7,0.2226530612244898,False,False,True,0.0,False,MILD
049,40,2026-04-15 21:00:00,17.31,0.7,0.21857142857142858,False,False,True,0.0,False,MILD
049,41,2026-04-15 22:00:00,143.19,0.7,0.21285714285714286,False,False,True,0.0,False,MILD
049,42,2026-04-15 23:00:00,143.19,0.7,0.20551020408163265,False,False,True,0.0,False,MILD
049,43,2026-04-16 00:00:00,143.19,0.7,0.19755102040816325,False,False,True,0.0,False,MILD
049,44,2026-04-16 01:00:00,143.19,0.7,0.18877551020408162,False,False,True,0.0,False,MILD
049,45,2026-04-16 02:00:00,143.19,0.7,0.18,False,False,True,0.0,False,MILD
049,46,2026-04-16 03:00:00,143.19,0.7,0.16979591836734695,False,False,True,0.0,False,MILD
049,47,2026-04-16 04:00:00,143.19,0.7,0.1630612244897959,False,False,True,0.0,False,MILD
049,48,2026-04-16 05:00:00,143.19,0.4,0.14755102040816326,False,False,True,0.0,False,MILD
049,49,2026-04-16 06:00:00,1.48,0.3,0.13959183673469389,False,False,True,0.0,False,MILD
049,50,2026-04-16 07:00:00,1.06,0.3,0.13693877551020409,False,False,True,0.0,False,MILD
049,51,2026-04-16 08:00:00,1.1,0.3,0.12000000000000001,False,False,True,0.0,False,MILD
049,52,2026-04-16 09:00:00,1.1,0.3,0.10673469387755105,False,False,True,0.0,False,MILD
049,53,2026-04-16 10:00:00,126.96,0.3,0.10489795918367346,False,False,True,0.0,False,MILD
049,54,2026-04-16 11:00:00,126.96,0.2,0.09734693877551019,False,False,True,0.0,False,MILD
049,55,2026-04-16 12:00:00,126.96,0.2,0.08836734693877552,False,False,True,0.0,False,MILD
049,56,2026-04-16 13:00:00,126.96,0.2,0.07714285714285714,False,False,True,0.0,False,MILD
049,57,2026-04-16 14:00:00,126.96,0.2,0.07081632653061226,False,False,True,0.0,False,MILD
049,58,2026-04-16 15:00:00,126.96,0.2,0.06551020408163265,False,False,True,0.0,False,MILD
049,59,2026-04-16 16:00:00,126.96,0.2,0.07,False,False,True,0.0,False,MILD
049,60,2026-04-16 17:00:00,126.96,0.2,0.06775510204081633,False,False,True,0.0,False,MILD
049,61,2026-04-16 18:00:00,126.96,0.2,0.06020408163265306,False,False,True,0.0,False,MILD
049,62,2026-04-16 19:00:00,112.5,0.2,0.051632653061224484,False,False,True,0.0,False,MILD
049,63,2026-04-16 20:00:00,112.5,0.2,0.038979591836734696,False,False,True,0.0,False,MILD
049,64,2026-04-16 21:00:00,112.5,0.2,0.03448979591836735,False,False,True,0.0,False,MILD
049,65,2026-04-16 22:00:00,112.5,0.2,0.031020408163265307,False,False,True,0.0,False,MILD
049,66,2026-04-16 23:00:00,112.5,0.2,0.019795918367346944,False,False,True,0.0,False,MILD
049,67,2026-04-17 00:00:00,112.5,0.2,0.0071428571428571435,False,False,True,0.0,False,MILD
049,68,2026-04-17 01:00:00,123.52,0.2,-0.010408163265306128,True,False,True,0.0,False,MILD
049,69,2026-04-17 02:00:00,123.52,0.2,-0.008775510204081634,True,False,True,0.0,False,MILD
049,70,2026-04-17 03:00:00,123.52,0.2,-0.00693877551020408,True,False,True,0.0,False,MILD
049,71,2026-04-17 04:00:00,123.52,0.2,-0.005918367346938774,True,False,True,0.0,False,MILD
049,72,2026-04-17 05:00:00,123.52,0.2,-0.00551020408163265,True,False,True,0.0,False,MILD
049,73,2026-04-17 06:00:00,123.52,0.2,-0.01530612244897959,True,False,True,0.0,False,MILD
049,74,2026-04-17 07:00:00,123.52,0.2,-0.023877551020408165,True,False,True,0.0,False,MILD
049,75,2026-04-17 08:00:00,123.52,0.2,-0.02775510204081633,True,False,True,0.0,False,MILD
049,76,2026-04-17 09:00:00,38.06,0.2,-0.026326530612244898,True,False,True,0.0,False,MILD
049,77,2026-04-17 10:00:00,69.11,0.2,-0.04571428571428571,True,False,True,0.0,False,MILD
049,78,2026-04-17 11:00:00,91.8,0.2,-0.05877551020408164,True,False,True,0.0,False,MILD
049,79,2026-04-17 12:00:00,91.8,0.2,-0.07979591836734694,True,False,True,0.0,False,MILD
049,80,2026-04-17 13:00:00,91.8,0.2,-0.10551020408163266,True,False,True,0.0,False,MILD
049,81,2026-04-17 14:00:00,91.8,0.2,-0.11999999999999998,True,False,True,0.0,False,MILD
049,82,2026-04-17 15:00:00,91.8,0.2,-0.13163265306122449,True,False,True,0.0,False,MILD
049,83,2026-04-17 16:00:00,91.8,0.2,-0.13510204081632654,True,False,True,0.0,False,MILD
049,84,2026-04-17 17:00:00,91.8,0.2,-0.13918367346938773,True,False,True,0.0,False,MILD
049,85,2026-04-17 18:00:00,91.8,0.2,-0.13816326530612244,True,False,True,0.0,False,MILD
049,86,2026-04-17 19:00:00,1.52,0.2,-0.1389795918367347,True,True,True,0.0,False,MILD
049,87,2026-04-17 20:00:00,1.52,0.2,-0.1473469387755102,True,True,True,0.0,False,MILD
049,88,2026-04-17 21:00:00,1.35,0.2,-0.14795918367346939,True,True,True,0.0,False,MILD
049,89,2026-04-17 22:00:00,1.35,0.2,-0.14326530612244898,True,True,True,0.0,False,MILD
049,90,2026-04-17 23:00:00,1.18,0.2,-0.13734693877551019,True,True,True,0.0,False,MILD
049,91,2026-04-18 00:00:00,1.18,0.2,-0.14061224489795918,True,True,True,0.0,False,MILD
049,92,2026-04-18 01:00:00,1.18,0.2,-0.14408163265306123,True,True,True,0.0,False,MILD
049,93,2026-04-18 02:00:00,1.18,0.2,-0.1469387755102041,True,True,True,0.0,False,MILD
049,94,2026-04-18 03:00:00,1.43,0.2,-0.1510204081632653,True,True,True,0.0,False,MILD
049,95,2026-04-18 04:00:00,1.43,0.2,-0.15306122448979592,True,True,True,0.0,False,MILD
049,96,2026-04-18 05:00:00,259.5,0.3,-0.13979591836734692,True,False,True,0.0,False,MILD
049,97,2026-04-18 06:00:00,259.5,0.3,-0.14285714285714285,True,False,True,0.0,False,MILD
049,98,2026-04-18 07:00:00,259.5,0.3,-0.15571428571428572,True,False,True,0.0,False,MILD
049,99,2026-04-18 08:00:00,259.5,0.3,-0.17081632653061227,True,False,True,0.0,False,MILD
049,100,2026-04-18 09:00:00,259.5,0.3,-0.17877551020408164,True,False,True,0.0,False,MILD
049,101,2026-04-18 10:00:00,259.5,0.3,-0.1736734693877551,True,False,True,0.0,False,MILD
049,102,2026-04-18 11:00:00,259.5,0.3,-0.18020408163265306,True,False,True,0.0,False,MILD
049,103,2026-04-18 12:00:00,259.5,0.3,-0.16612244897959186,True,False,True,0.0,False,MILD
049,104,2026-04-18 13:00:00,99.58,0.3,-0.17326530612244895,True,False,True,0.0,False,MILD
049,105,2026-04-18 14:00:00,99.58,0.2,-0.18551020408163266,True,False,True,0.0,False,MILD
049,106,2026-04-18 15:00:00,99.58,0.2,-0.18367346938775506,True,False,True,0.0,False,MILD
049,107,2026-04-18 16:00:00,99.58,0.2,-0.18285714285714288,True,False,True,0.0,False,MILD
049,108,2026-04-18 17:00:00,99.58,0.2,-0.1844897959183674,True,False,True,0.0,False,MILD
049,109,2026-04-18 18:00:00,99.58,0.2,-0.19102040816326532,True,False,True,0.0,False,MILD
049,110,2026-04-18 19:00:00,99.58,0.2,-0.1959183673469388,True,False,True,0.0,False,MILD
049,111,2026-04-18 20:00:00,57.36,0.2,-0.21673469387755104,True,False,True,0.0,False,MILD
049,112,2026-04-18 21:00:00,57.36,0.2,-0.23551020408163267,True,False,True,0.0,False,MILD
049,113,2026-04-18 22:00:00,57.36,0.2,-0.2365306122448979,True,False,True,0.0,False,MILD
049,114,2026-04-18 23:00:00,57.36,0.2,-0.236734693877551,True,False,True,0.0,False,MILD
049,115,2026-04-19 00:00:00,1.36,0.2,-0.2422448979591837,True,True,True,0.0,False,MILD
049,116,2026-04-19 01:00:00,1.36,0.2,-0.2587755102040817,True,True,True,0.0,False,MILD
049,117,2026-04-19 02:00:00,70.64,0.2,-0.26755102040816325,True,False,True,0.0,False,MILD
049,118,2026-04-19 03:00:00,70.64,0.2,-0.28244897959183674,True,False,True,0.0,False,MILD
049,119,2026-04-19 04:00:00,70.64,0.2,-0.29081632653061223,True,False,True,0.0,False,MILD
049,120,2026-04-19 05:00:00,76.99,0.2,-0.28408163265306124,True,False,True,0.0,False,MILD
050,1,2026-02-08 18:00:00,7.37,2.6,-0.46428571428571425,True,True,True,0.0,False,MODERATE
050,2,2026-02-08 19:00:00,222.0,2.6,-0.4407692307692308,True,False,True,0.0,False,MODERATE
050,3,2026-02-08 20:00:00,487.93,2.6,-0.4278947368421053,True,False,True,0.0,False,MODERATE
050,4,2026-02-08 21:00:00,487.93,2.7,-0.446,True,False,True,0.0,False,MODERATE
050,5,2026-02-08 22:00:00,487.93,2.7,-0.4612903225806452,True,False,True,0.0,False,MODERATE
050,6,2026-02-08 23:00:00,487.93,3.1,-0.47000000000000003,True,False,True,0.0,False,MODERATE
050,7,2026-02-09 00:00:00,487.93,3.1,-0.47837209302325584,True,False,True,0.0,False,MODERATE
050,8,2026-02-09 01:00:00,487.93,3.1,-0.4791836734693878,True,False,True,0.0,False,MODERATE
050,9,2026-02-09 02:00:00,487.93,3.1,-0.4961224489795918,True,False,True,0.0,False,MODERATE
050,10,2026-02-09 03:00:00,487.93,3.1,-0.5089795918367347,True,False,True,0.0,False,MODERATE
050,11,2026-02-09 04:00:00,95.6,3.1,-0.5169387755102042,True,False,True,0.0,False,MODERATE
050,12,2026-02-09 05:00:00,95.6,3.1,-0.5132653061224489,True,False,True,0.0,False,MODERATE
050,13,2026-02-09 06:00:00,324.72,3.1,-0.5093877551020408,True,False,True,0.0,False,MODERATE
050,14,2026-02-09 07:00:00,415.54,2.7,-0.4993877551020408,True,False,True,0.0,False,MODERATE
050,15,2026-02-09 08:00:00,415.54,2.3,-0.4842857142857143,True,False,True,0.0,False,MODERATE
050,16,2026-02-09 09:00:00,415.54,2.3,-0.47306122448979593,True,False,True,0.0,False,MODERATE
050,17,2026-02-09 10:00:00,415.54,1.6,-0.4612244897959184,True,False,True,0.0,False,MODERATE
050,18,2026-02-09 11:00:00,415.54,1.1,-0.43816326530612243,True,False,True,0.0,False,MODERATE
050,19,2026-02-09 12:00:00,415.54,1.1,-0.43183673469387757,True,False,True,0.0,False,MODERATE
050,20,2026-02-09 13:00:00,415.54,0.7,-0.43775510204081636,True,False,True,0.0,False,MODERATE
050,21,2026-02-09 14:00:00,415.54,0.6,-0.42877551020408167,True,False,True,0.0,False,MODERATE
050,22,2026-02-09 15:00:00,299.81,0.6,-0.42387755102040825,True,False,True,0.0,False,MODERATE
050,23,2026-02-09 16:00:00,299.81,0.6,-0.4338775510204082,True,False,True,0.0,False,MODERATE
050,24,2026-02-09 17:00:00,299.81,0.6,-0.436734693877551,True,False,True,0.0,False,MODERATE
050,25,2026-02-09 18:00:00,299.81,0.6,-0.43897959183673474,True,False,True,0.0,False,MODERATE
050,26,2026-02-09 19:00:00,299.81,0.7,-0.44285714285714284,True,False,True,0.0,False,MODERATE
050,27,2026-02-09 20:00:00,299.81,0.7,-0.45918367346938777,True,False,True,0.0,False,MODERATE
050,28,2026-02-09 21:00:00,299.81,0.7,-0.4689795918367347,True,False,True,0.0,False,MODERATE
050,29,2026-02-09 22:00:00,59.37,0.7,-0.4853061224489795,True,False,True,0.0,False,MODERATE
050,30,2026-02-09 23:00:00,138.02,0.7,-0.5081632653061224,True,False,True,0.0,False,MODERATE
050,31,2026-02-10 00:00:00,138.02,0.7,-0.52,True,False,True,0.0,False,MODERATE
050,32,2026-02-10 01:00:00,138.02,0.7,-0.5430612244897959,True,False,True,0.0,False,MODERATE
050,33,2026-02-10 02:00:00,138.02,0.7,-0.5526530612244899,True,False,True,0.0,False,MODERATE
050,34,2026-02-10 03:00:00,138.02,0.5,-0.5581632653061224,True,False,True,0.0,False,MODERATE
050,35,2026-02-10 04:00:00,493.72,0.5,-0.5551020408163265,True,False,True,0.0,False,MODERATE
050,36,2026-02-10 05:00:00,493.72,0.5,-0.546734693877551,True,False,True,0.0,False,MODERATE
050,37,2026-02-10 06:00:00,493.72,0.8,-0.5426530612244898,True,False,True,0.0,False,MODERATE
050,38,2026-02-10 07:00:00,493.72,0.8,-0.5416326530612244,True,False,True,0.0,False,MODERATE
050,39,2026-02-10 08:00:00,493.72,0.8,-0.5318367346938776,True,False,True,0.0,False,MODERATE
050,40,2026-02-10 09:00:00,493.72,0.8,-0.5275510204081633,True,False,True,0.0,False,MODERATE
050,41,2026-02-10 10:00:00,493.72,0.8,-0.530408163265306,True,False,True,0.0,False,MODERATE
050,42,2026-02-10 11:00:00,493.72,0.8,-0.5461224489795918,True,False,True,0.0,False,MODERATE
050,43,2026-02-10 12:00:00,2.94,0.8,-0.5622448979591836,True,True,True,0.0,False,MODERATE
050,44,2026-02-10 13:00:00,2.94,0.8,-0.5761224489795919,True,True,True,0.0,False,MODERATE
050,45,2026-02-10 14:00:00,2.94,0.7,-0.586938775510204,True,True,True,0.0,False,MODERATE
050,46,2026-02-10 15:00:00,2.94,0.7,-0.5914285714285715,True,True,True,0.0,False,MODERATE
050,47,2026-02-10 16:00:00,2.94,0.6,-0.5973469387755102,True,True,True,0.0,False,MODERATE
050,48,2026-02-10 17:00:00,2.94,0.6,-0.5987755102040816,True,True,True,0.0,False,MODERATE
050,49,2026-02-10 18:00:00,2.94,0.2,-0.5989795918367348,True,True,True,0.0,False,MODERATE
050,50,2026-02-10 19:00:00,2.03,0.2,-0.5848979591836735,True,True,True,0.0,False,MODERATE
050,51,2026-02-10 20:00:00,96.07,0.2,-0.5757142857142857,True,False,True,0.0,False,MODERATE
050,52,2026-02-10 21:00:00,96.07,0.2,-0.573265306122449,True,False,True,0.0,False,MODERATE
050,53,2026-02-10 22:00:00,96.07,0.2,-0.5628571428571428,True,False,True,0.0,False,MODERATE
050,54,2026-02-10 23:00:00,96.07,0.2,-0.5599999999999999,True,False,True,0.0,False,MODERATE
050,55,2026-02-11 00:00:00,96.07,0.2,-0.5610204081632653,True,False,True,0.0,False,MODERATE
050,56,2026-02-11 01:00:00,96.07,0.2,-0.5706122448979593,True,False,True,0.0,False,MODERATE
050,57,2026-02-11 02:00:00,96.07,0.2,-0.5857142857142857,True,False,True,0.0,False,MODERATE
050,58,2026-02-11 03:00:00,96.07,0.2,-0.5959183673469388,True,False,True,0.0,False,MODERATE
050,59,2026-02-11 04:00:00,96.07,0.2,-0.5987755102040816,True,False,True,0.0,False,MODERATE
050,60,2026-02-11 05:00:00,89.96,0.2,-0.6140816326530613,True,False,True,0.0,False,MODERATE
050,61,2026-02-11 06:00:00,89.96,0.2,-0.6130612244897958,True,False,True,0.0,False,MODERATE
050,62,2026-02-11 07:00:00,12.86,0.2,-0.6177551020408163,True,False,True,0.0,False,MODERATE
050,63,2026-02-11 08:00:00,12.86,0.2,-0.6108163265306124,True,False,True,0.0,False,MODERATE
050,64,2026-02-11 09:00:00,12.86,0.2,-0.6022448979591837,True,False,True,0.0,False,MODERATE
050,65,2026-02-11 10:00:00,12.86,0.2,-0.6008163265306121,True,False,True,0.0,False,MODERATE
050,66,2026-02-11 11:00:00,102.04,0.1,-0.6026530612244897,True,False,True,0.0,False,MODERATE
050,67,2026-02-11 12:00:00,102.04,0.1,-0.6022448979591837,True,False,True,0.0,False,MODERATE
050,68,2026-02-11 13:00:00,102.04,0.2,-0.5920408163265306,True,False,True,0.0,False,MODERATE
050,69,2026-02-11 14:00:00,102.04,0.2,-0.6055102040816327,True,False,True,0.0,False,MODERATE
050,70,2026-02-11 15:00:00,102.04,0.2,-0.6046938775510204,True,False,True,0.0,False,MODERATE
050,71,2026-02-11 16:00:00,102.04,0.2,-0.616938775510204,True,False,True,0.0,False,MODERATE
050,72,2026-02-11 17:00:00,102.04,0.2,-0.6148979591836734,True,False,True,0.0,False,MODERATE
050,73,2026-02-11 18:00:00,102.04,0.2,-0.6177551020408163,True,False,True,0.0,False,MODERATE
050,74,2026-02-11 19:00:00,51.01,0.2,-0.6142857142857142,True,False,True,0.0,False,MODERATE
050,75,2026-02-11 20:00:00,51.01,0.2,-0.6251020408163265,True,False,True,0.0,False,MODERATE
050,76,2026-02-11 21:00:00,51.01,0.2,-0.6391836734693878,True,False,True,0.0,False,MODERATE
050,77,2026-02-11 22:00:00,51.01,0.2,-0.6367346938775509,True,False,True,0.0,False,MODERATE
050,78,2026-02-11 23:00:00,51.01,0.2,-0.6459183673469387,True,False,True,0.0,False,MODERATE
050,79,2026-02-12 00:00:00,51.01,0.2,-0.6585714285714286,True,False,True,0.0,False,MODERATE
050,80,2026-02-12 01:00:00,51.01,0.2,-0.6702040816326531,True,False,True,0.0,False,MODERATE
050,81,2026-02-12 02:00:00,246.52,0.2,-0.6687755102040815,True,False,True,0.0,False,MODERATE
050,82,2026-02-12 03:00:00,246.52,0.2,-0.6728571428571429,True,False,True,0.0,False,MODERATE
050,83,2026-02-12 04:00:00,246.52,0.2,-0.6716326530612244,True,False,True,0.0,False,MODERATE
050,84,2026-02-12 05:00:00,246.52,0.2,-0.6679591836734695,True,False,True,0.0,False,MODERATE
050,85,2026-02-12 06:00:00,246.52,0.2,-0.6781632653061225,True,False,True,0.0,False,MODERATE
050,86,2026-02-12 07:00:00,246.52,0.2,-0.6853061224489796,True,False,True,0.0,False,MODERATE
050,87,2026-02-12 08:00:00,246.52,0.2,-0.6859183673469388,True,False,True,0.0,False,MODERATE
050,88,2026-02-12 09:00:00,246.52,0.2,-0.6810204081632653,True,False,True,0.0,False,MODERATE
050,89,2026-02-12 10:00:00,27.11,0.2,-0.6820408163265307,True,False,True,0.0,False,MODERATE
050,90,2026-02-12 11:00:00,27.11,0.2,-0.6804081632653062,True,False,True,0.0,False,MODERATE
050,91,2026-02-12 12:00:00,65.8,0.2,-0.6812244897959183,True,False,True,0.0,False,MODERATE
050,92,2026-02-12 13:00:00,65.8,0.2,-0.6936734693877551,True,False,True,0.0,False,MODERATE
050,93,2026-02-12 14:00:00,65.8,0.2,-0.686734693877551,True,False,True,0.0,False,MODERATE
050,94,2026-02-12 15:00:00,65.8,0.2,-0.6775510204081633,True,False,True,0.0,False,MODERATE
050,95,2026-02-12 16:00:00,65.8,0.2,-0.6730612244897959,True,False,True,0.0,False,MODERATE
050,96,2026-02-12 17:00:00,65.8,0.2,-0.6808163265306124,True,False,True,0.0,False,MODERATE
050,97,2026-02-12 18:00:00,65.8,0.2,-0.6840816326530613,True,False,True,0.0,False,MODERATE
050,98,2026-02-12 19:00:00,65.8,0.2,-0.686530612244898,True,False,True,0.0,False,MODERATE
050,99,2026-02-12 20:00:00,65.8,0.2,-0.6857142857142857,True,False,True,0.0,False,MODERATE
050,100,2026-02-12 21:00:00,1.65,0.2,-0.6904081632653061,True,True,True,0.0,False,MODERATE
050,101,2026-02-12 22:00:00,1.65,0.2,-0.6955102040816327,True,True,True,0.0,False,MODERATE
050,102,2026-02-12 23:00:00,1.65,0.2,-0.7053061224489796,True,True,True,0.0,False,MODERATE
050,103,2026-02-13 00:00:00,1.65,0.2,-0.7061224489795919,True,True,True,0.0,False,MODERATE
050,104,2026-02-13 01:00:00,1.65,0.2,-0.7238775510204083,True,True,True,0.0,False,MODERATE
050,105,2026-02-13 02:00:00,1.49,0.2,-0.7336734693877551,True,True,True,0.0,False,MODERATE
050,106,2026-02-13 03:00:00,1.49,0.2,-0.7412244897959185,True,True,True,0.0,False,MODERATE
050,107,2026-02-13 04:00:00,1.49,0.2,-0.7428571428571429,True,True,True,0.0,False,MODERATE
050,108,2026-02-13 05:00:00,1.49,0.2,-0.7497959183673468,True,True,True,0.0,False,MODERATE
050,109,2026-02-13 06:00:00,1.49,0.2,-0.7438775510204081,True,True,True,0.0,False,MODERATE
050,110,2026-02-13 07:00:00,1.49,0.2,-0.7459183673469387,True,True,True,0.0,False,MODERATE
050,111,2026-02-13 08:00:00,1.49,0.2,-0.7346938775510206,True,True,True,0.0,False,MODERATE
050,112,2026-02-13 09:00:00,1.49,0.2,-0.7216326530612246,True,True,True,0.0,False,MODERATE
050,113,2026-02-13 10:00:00,60.86,0.2,-0.7063265306122449,True,False,True,0.0,False,MODERATE
050,114,2026-02-13 11:00:00,60.86,0.2,-0.699591836734694,True,False,True,0.0,False,MODERATE
050,115,2026-02-13 12:00:00,60.86,0.2,-0.6873469387755103,True,False,True,0.0,False,MODERATE
050,116,2026-02-13 13:00:00,60.86,0.2,-0.6697959183673471,True,False,True,0.0,False,MODERATE
050,117,2026-02-13 14:00:00,60.86,0.2,-0.6620408163265307,True,False,True,0.0,False,MODERATE
050,118,2026-02-13 15:00:00,60.86,0.2,-0.6489795918367347,True,False,True,0.0,False,MODERATE
050,119,2026-02-13 16:00:00,60.86,0.2,-0.65,True,False,True,0.0,False,MODERATE
050,120,2026-02-13 17:00:00,60.86,0.2,-0.6420408163265307,True,False,True,0.0,False,MODERATE
050,121,2026-02-13 18:00:00,1.38,0.2,-0.6412244897959183,True,True,True,0.0,False,MODERATE
050,122,2026-02-13 19:00:00,1.38,0.2,-0.6383673469387755,True,True,True,0.0,False,MODERATE
050,123,2026-02-13 20:00:00,1.38,0.2,-0.6357142857142858,True,True,True,0.0,False,MODERATE
051,1,2026-04-30 10:00:00,216.41,1.4,-1.3057142857142858,True,False,True,0.0,False,MILD
051,2,2026-04-30 11:00:00,216.41,1.4,-1.3284615384615384,True,False,True,0.0,False,MILD
051,3,2026-04-30 12:00:00,216.41,1.4,-1.3426315789473684,True,False,True,0.0,False,MILD
051,4,2026-04-30 13:00:00,216.41,1.7,-1.3484,True,False,True,0.0,False,MILD
051,5,2026-04-30 14:00:00,216.41,1.9,-1.3745161290322583,True,False,True,0.0,False,MILD
051,6,2026-04-30 15:00:00,216.41,1.9,-1.3889189189189188,True,False,True,0.0,False,MILD
051,7,2026-04-30 16:00:00,216.41,1.9,-1.3979069767441863,True,False,True,0.0,False,MILD
051,8,2026-04-30 17:00:00,216.41,1.9,-1.4042857142857144,True,False,True,0.0,False,MILD
051,9,2026-04-30 18:00:00,8.6,1.9,-1.4185714285714286,True,True,False,0.0,False,MILD
051,10,2026-04-30 19:00:00,8.6,1.9,-1.43734693877551,True,True,False,0.0,False,MILD
051,11,2026-04-30 20:00:00,8.6,1.9,-1.4457142857142857,True,True,False,0.0,False,MILD
051,12,2026-04-30 21:00:00,8.6,1.9,-1.4597959183673466,True,True,False,0.05,False,MILD
051,13,2026-04-30 22:00:00,24.17,1.0,-1.4591836734693875,True,False,True,0.05,False,MILD
051,14,2026-04-30 23:00:00,182.53,1.0,-1.4642857142857142,True,False,True,0.05,False,MILD
051,15,2026-05-01 00:00:00,182.53,1.0,-1.4761224489795919,True,False,True,0.05,False,MILD
051,16,2026-05-01 01:00:00,182.53,1.0,-1.4885714285714284,True,False,True,0.05,False,MILD
051,17,2026-05-01 02:00:00,182.53,0.6,-1.4973469387755105,True,False,True,0.05,False,MILD
051,18,2026-05-01 03:00:00,182.53,0.6,-1.4948979591836737,True,False,True,0.05,False,MILD
051,19,2026-05-01 04:00:00,381.73,0.8,-1.4908163265306122,True,False,True,0.05,False,MILD
051,20,2026-05-01 05:00:00,381.73,0.8,-1.48,True,False,True,0.05,False,MILD
051,21,2026-05-01 06:00:00,381.73,0.8,-1.4820408163265306,True,False,True,0.05,False,MILD
051,22,2026-05-01 07:00:00,381.73,0.8,-1.4797959183673468,True,False,True,0.05,False,MILD
051,23,2026-05-01 08:00:00,381.73,0.8,-1.467551020408163,True,False,True,0.05,False,MILD
051,24,2026-05-01 09:00:00,381.73,0.8,-1.4718367346938777,True,False,True,0.05,False,MILD
051,25,2026-05-01 10:00:00,381.73,0.8,-1.4718367346938777,True,False,True,0.05,False,MILD
051,26,2026-05-01 11:00:00,381.73,0.8,-1.4824489795918367,True,False,True,0.05,False,MILD
051,27,2026-05-01 12:00:00,116.81,0.8,-1.4889795918367346,True,False,True,0.05,False,MILD
051,28,2026-05-01 13:00:00,116.81,0.8,-1.5079591836734694,True,False,True,0.05,False,MILD
051,29,2026-05-01 14:00:00,116.81,0.8,-1.5073469387755098,True,False,True,0.05,False,MILD
051,30,2026-05-01 15:00:00,116.81,0.6,-1.505918367346939,True,False,True,0.05,False,MILD
051,31,2026-05-01 16:00:00,116.81,0.6,-1.5008163265306125,True,False,True,0.05,False,MILD
051,32,2026-05-01 17:00:00,116.81,0.6,-1.4914285714285713,True,False,True,0.05,False,MILD
051,33,2026-05-01 18:00:00,116.81,0.6,-1.4791836734693882,True,False,True,0.05,False,MILD
051,34,2026-05-01 19:00:00,3.53,0.6,-1.4630612244897958,True,True,False,0.05,False,MILD
051,35,2026-05-01 20:00:00,3.53,0.6,-1.452244897959184,True,True,False,0.05,False,MILD
051,36,2026-05-01 21:00:00,3.53,0.6,-1.4318367346938774,True,True,False,0.05,False,MILD
051,37,2026-05-01 22:00:00,30.65,0.6,-1.4279591836734693,True,False,True,0.05,False,MILD
051,38,2026-05-01 23:00:00,30.65,0.4,-1.4236734693877553,True,False,True,0.05,False,MILD
051,39,2026-05-02 00:00:00,30.65,0.4,-1.4248979591836732,True,False,True,0.05,False,MILD
051,40,2026-05-02 01:00:00,30.65,0.3,-1.4218367346938776,True,False,True,0.05,False,MILD
051,41,2026-05-02 02:00:00,30.65,0.3,-1.4122448979591835,True,False,True,0.05,False,MILD
051,42,2026-05-02 03:00:00,43.88,0.3,-1.4071428571428568,True,False,True,0.05,False,MILD
051,43,2026-05-02 04:00:00,43.88,0.3,-1.4042857142857144,True,False,True,0.05,False,MILD
051,44,2026-05-02 05:00:00,43.88,0.2,-1.4130612244897962,True,False,True,0.05,False,MILD
051,45,2026-05-02 06:00:00,43.88,0.3,-1.4134693877551021,True,False,True,0.05,False,MILD
051,46,2026-05-02 07:00:00,43.88,0.3,-1.417142857142857,True,False,True,0.05,False,MILD
051,47,2026-05-02 08:00:00,43.88,0.3,-1.4171428571428575,True,False,True,0.05,False,MILD
051,48,2026-05-02 09:00:00,57.05,0.3,-1.4130612244897958,True,False,True,0.05,False,MILD
051,49,2026-05-02 10:00:00,57.05,0.3,-1.420408163265306,True,False,True,0.05,False,MILD
051,50,2026-05-02 11:00:00,57.05,0.3,-1.4271428571428573,True,False,True,0.05,False,MILD
051,51,2026-05-02 12:00:00,83.78,0.3,-1.4322448979591837,True,False,True,0.05,False,MILD
051,52,2026-05-02 13:00:00,83.78,0.3,-1.4383673469387757,True,False,True,0.05,False,MILD
051,53,2026-05-02 14:00:00,83.78,0.1,-1.4375510204081634,True,False,True,0.05,False,MILD
051,54,2026-05-02 15:00:00,83.78,0.1,-1.4383673469387757,True,False,True,0.05,False,MILD
051,55,2026-05-02 16:00:00,83.78,0.1,-1.4359183673469387,True,False,True,0.05,False,MILD
051,56,2026-05-02 17:00:00,83.78,0.1,-1.4371428571428568,True,False,True,0.05,False,MILD
051,57,2026-05-02 18:00:00,83.78,0.2,-1.4391836734693877,True,False,True,0.05,False,MILD
051,58,2026-05-02 19:00:00,83.78,0.2,-1.4402040816326531,True,False,True,0.05,False,MILD
051,59,2026-05-02 20:00:00,87.37,0.2,-1.427142857142857,True,False,True,0.05,False,MILD
051,60,2026-05-02 21:00:00,87.37,0.2,-1.4332653061224487,True,False,True,0.05,False,MILD
051,61,2026-05-02 22:00:00,87.37,0.2,-1.4291836734693877,True,False,True,0.05,False,MILD
051,62,2026-05-02 23:00:00,87.37,0.2,-1.4283673469387754,True,False,True,0.05,False,MILD
051,63,2026-05-03 00:00:00,87.37,0.2,-1.431428571428571,True,False,True,0.05,False,MILD
051,64,2026-05-03 01:00:00,87.37,0.2,-1.4159183673469387,True,False,True,0.05,False,MILD
051,65,2026-05-03 02:00:00,87.37,0.2,-1.4044897959183675,True,False,True,0.05,False,MILD
051,66,2026-05-03 03:00:00,87.37,0.2,-1.3914285714285712,True,False,True,0.05,False,MILD
051,67,2026-05-03 04:00:00,71.84,0.2,-1.389387755102041,True,False,True,0.05,False,MILD
051,68,2026-05-03 05:00:00,71.84,0.2,-1.3716326530612244,True,False,True,0.05,False,MILD
051,69,2026-05-03 06:00:00,71.84,0.2,-1.3620408163265305,True,False,True,0.05,False,MILD
051,70,2026-05-03 07:00:00,71.84,0.2,-1.355918367346939,True,False,True,0.05,False,MILD
051,71,2026-05-03 08:00:00,201.4,0.2,-1.349795918367347,True,False,True,0.05,False,MILD
051,72,2026-05-03 09:00:00,560.99,0.2,-1.353265306122449,True,False,True,0.05,False,MILD
051,73,2026-05-03 10:00:00,560.99,0.2,-1.3675510204081633,True,False,True,0.05,False,MILD
051,74,2026-05-03 11:00:00,560.99,0.2,-1.3818367346938771,True,False,True,0.05,False,MILD
051,75,2026-05-03 12:00:00,560.99,0.2,-1.3891836734693876,True,False,True,0.05,False,MILD
051,76,2026-05-03 13:00:00,560.99,0.2,-1.4055102040816325,True,False,True,0.05,False,MILD
051,77,2026-05-03 14:00:00,560.99,0.2,-1.4277551020408161,True,False,True,0.05,False,MILD
051,78,2026-05-03 15:00:00,560.99,0.2,-1.445918367346939,True,False,True,0.05,False,MILD
051,79,2026-05-03 16:00:00,560.99,0.2,-1.4628571428571426,True,False,True,0.05,False,MILD
051,80,2026-05-03 17:00:00,370.36,0.2,-1.4765306122448978,True,False,True,0.05,False,MILD
051,81,2026-05-03 18:00:00,370.36,0.2,-1.494081632653061,True,False,True,0.05,False,MILD
051,82,2026-05-03 19:00:00,370.36,0.2,-1.503061224489796,True,False,True,0.05,False,MILD
051,83,2026-05-03 20:00:00,370.36,0.2,-1.5281632653061226,True,False,True,0.05,False,MILD
051,84,2026-05-03 21:00:00,195.11,0.2,-1.5408163265306123,True,False,True,0.05,False,MILD
051,85,2026-05-03 22:00:00,195.11,0.2,-1.542448979591837,True,False,True,0.05,False,MILD
051,86,2026-05-03 23:00:00,195.11,0.2,-1.5438775510204084,True,False,True,0.05,False,MILD
051,87,2026-05-04 00:00:00,195.11,0.2,-1.5540816326530613,True,False,True,0.05,False,MILD
051,88,2026-05-04 01:00:00,195.11,0.2,-1.5516326530612248,True,False,True,0.05,False,MILD
051,89,2026-05-04 02:00:00,195.11,0.2,-1.5583673469387758,True,False,True,0.05,False,MILD
051,90,2026-05-04 03:00:00,142.79,0.2,-1.5644897959183677,True,False,True,0.05,False,MILD
051,91,2026-05-04 04:00:00,142.79,0.2,-1.550204081632653,True,False,True,0.05,False,MILD
051,92,2026-05-04 05:00:00,142.79,0.2,-1.5487755102040819,True,False,True,0.05,False,MILD
051,93,2026-05-04 06:00:00,99.72,0.2,-1.5436734693877552,True,False,True,0.05,False,MILD
051,94,2026-05-04 07:00:00,99.72,0.2,-1.5355102040816326,True,False,True,0.05,False,MILD
051,95,2026-05-04 08:00:00,99.72,0.2,-1.5220408163265307,True,False,True,0.05,False,MILD
051,96,2026-05-04 09:00:00,99.72,0.2,-1.5212244897959184,True,False,True,0.05,False,MILD
051,97,2026-05-04 10:00:00,99.72,0.2,-1.5044897959183674,True,False,True,0.05,False,MILD
052,1,2026-03-16 11:00:00,5.1,1.4,-1.0857142857142859,True,True,True,0.0,False,MILD
052,2,2026-03-16 12:00:00,133.47,2.2,-1.0769230769230769,True,False,True,0.0,False,MILD
052,3,2026-03-16 13:00:00,192.77,3.2,-1.07,True,False,True,0.0,False,MILD
052,4,2026-03-16 14:00:00,192.77,3.2,-1.084,True,False,True,0.0,False,MILD
052,5,2026-03-16 15:00:00,192.77,3.2,-1.0767741935483872,True,False,True,0.0,False,MILD
052,6,2026-03-16 16:00:00,192.77,3.2,-1.0721621621621618,True,False,True,0.0,False,MILD
052,7,2026-03-16 17:00:00,192.77,3.2,-1.0697674418604652,True,False,True,0.0,False,MILD
052,8,2026-03-16 18:00:00,192.77,3.2,-1.066326530612245,True,False,True,0.0,False,MILD
052,9,2026-03-16 19:00:00,192.77,3.2,-1.0685714285714285,True,False,True,0.0,False,MILD
052,10,2026-03-16 20:00:00,192.77,3.2,-1.0616326530612243,True,False,True,0.0,False,MILD
052,11,2026-03-16 21:00:00,192.77,2.1,-1.0581632653061224,True,False,True,0.0,False,MILD
052,12,2026-03-16 22:00:00,75.93,2.0,-1.0453061224489797,True,False,True,0.05,False,MILD
052,13,2026-03-16 23:00:00,75.93,1.5,-1.0379591836734694,True,False,True,0.05,False,MILD
052,14,2026-03-17 00:00:00,298.56,0.6,-1.0385714285714285,True,False,True,0.05,False,MILD
052,15,2026-03-17 01:00:00,298.56,0.6,-1.029591836734694,True,False,True,0.05,False,MILD
052,16,2026-03-17 02:00:00,298.56,0.5,-1.0348979591836736,True,False,True,0.05,False,MILD
052,17,2026-03-17 03:00:00,298.56,0.6,-1.026734693877551,True,False,True,0.05,False,MILD
052,18,2026-03-17 04:00:00,298.56,0.6,-1.0293877551020407,True,False,True,0.05,False,MILD
052,19,2026-03-17 05:00:00,298.56,0.6,-1.0342857142857143,True,False,True,0.05,False,MILD
052,20,2026-03-17 06:00:00,298.56,0.6,-1.0291836734693875,True,False,True,0.05,False,MILD
052,21,2026-03-17 07:00:00,298.56,0.6,-1.0324489795918366,True,False,True,0.05,False,MILD
052,22,2026-03-17 08:00:00,2.3,0.6,-1.0375510204081633,True,True,False,0.05,False,MILD
052,23,2026-03-17 09:00:00,1.97,0.6,-1.0451020408163265,True,True,False,0.05,False,MILD
052,24,2026-03-17 10:00:00,1.97,0.6,-1.0479591836734694,True,True,False,0.05,False,MILD
052,25,2026-03-17 11:00:00,1.43,0.6,-1.0461224489795917,True,True,False,0.05,False,MILD
052,26,2026-03-17 12:00:00,1.43,0.5,-1.0487755102040817,True,True,False,0.05,False,MILD
052,27,2026-03-17 13:00:00,1.43,0.2,-1.0542857142857143,True,True,False,0.05,False,MILD
052,28,2026-03-17 14:00:00,1.41,0.2,-1.0687755102040817,True,True,False,0.05,False,MILD
052,29,2026-03-17 15:00:00,1.41,0.2,-1.0744897959183672,True,True,False,0.05,False,MILD
052,30,2026-03-17 16:00:00,90.7,0.2,-1.0740816326530611,True,False,True,0.05,False,MILD
052,31,2026-03-17 17:00:00,90.7,0.2,-1.0773469387755101,True,False,True,0.05,False,MILD
052,32,2026-03-17 18:00:00,90.7,0.2,-1.0810204081632655,True,False,True,0.05,False,MILD
052,33,2026-03-17 19:00:00,90.7,0.2,-1.0812244897959182,True,False,True,0.05,False,MILD
052,34,2026-03-17 20:00:00,90.7,0.2,-1.0875510204081633,True,False,True,0.05,False,MILD
052,35,2026-03-17 21:00:00,90.7,0.2,-1.090204081632653,True,False,True,0.05,False,MILD
052,36,2026-03-17 22:00:00,90.7,0.2,-1.099387755102041,True,False,True,0.05,False,MILD
052,37,2026-03-17 23:00:00,90.7,0.2,-1.0987755102040817,True,False,True,0.05,False,MILD
052,38,2026-03-18 00:00:00,1.41,0.2,-1.0987755102040815,True,True,False,0.05,False,MILD
052,39,2026-03-18 01:00:00,1.63,0.2,-1.0995918367346937,True,True,False,0.05,False,MILD
052,40,2026-03-18 02:00:00,249.85,0.2,-1.0846938775510204,True,False,True,0.05,False,MILD
052,41,2026-03-18 03:00:00,249.85,0.2,-1.0789795918367349,True,False,True,0.05,False,MILD
052,42,2026-03-18 04:00:00,249.85,0.2,-1.0706122448979591,True,False,True,0.05,False,MILD
052,43,2026-03-18 05:00:00,249.85,0.2,-1.063673469387755,True,False,True,0.05,False,MILD
052,44,2026-03-18 06:00:00,249.85,0.2,-1.0497959183673469,True,False,True,0.05,False,MILD
052,45,2026-03-18 07:00:00,249.85,0.2,-1.030204081632653,True,False,True,0.05,False,MILD
052,46,2026-03-18 08:00:00,249.85,0.2,-1.0148979591836733,True,False,True,0.05,False,MILD
052,47,2026-03-18 09:00:00,249.85,0.2,-1.0112244897959184,True,False,True,0.05,False,MILD
052,48,2026-03-18 10:00:00,1.8,0.2,-1.0122448979591836,True,True,False,0.05,False,MILD
052,49,2026-03-18 11:00:00,1.8,0.2,-1.009795918367347,True,True,False,0.05,False,MILD
052,50,2026-03-18 12:00:00,1.8,0.2,-0.9979591836734694,True,True,False,0.05,False,MILD
052,51,2026-03-18 13:00:00,1.8,0.2,-0.982857142857143,True,True,False,0.05,False,MILD
052,52,2026-03-18 14:00:00,1.8,0.2,-0.9685714285714284,True,True,False,0.05,False,MILD
052,53,2026-03-18 15:00:00,1.8,0.1,-0.9589795918367348,True,True,False,0.05,False,MILD
052,54,2026-03-18 16:00:00,1.8,0.1,-0.9616326530612245,True,True,False,0.05,False,MILD
052,55,2026-03-18 17:00:00,1.8,0.1,-0.9569387755102041,True,True,False,0.05,False,MILD
053,1,2026-01-14 04:00:00,6.86,2.3,-0.4314285714285714,True,True,True,0.0,False,MILD
053,2,2026-01-14 05:00:00,212.83,2.4,-0.4423076923076923,True,False,True,0.0,False,MILD
053,3,2026-01-14 06:00:00,212.83,2.4,-0.4357894736842105,True,False,True,0.0,False,MILD
053,4,2026-01-14 07:00:00,212.83,2.4,-0.45640000000000003,True,False,True,0.0,False,MILD
053,5,2026-01-14 08:00:00,212.83,2.7,-0.4706451612903226,True,False,True,0.0,False,MILD
053,6,2026-01-14 09:00:00,212.83,2.7,-0.4862162162162162,True,False,True,0.0,False,MILD
053,7,2026-01-14 10:00:00,212.83,2.7,-0.4967441860465117,True,False,True,0.0,False,MILD
053,8,2026-01-14 11:00:00,212.83,2.7,-0.5057142857142857,True,False,True,0.0,False,MILD
053,9,2026-01-14 12:00:00,212.83,2.7,-0.5346938775510204,True,False,True,0.0,False,MILD
053,10,2026-01-14 13:00:00,102.12,2.7,-0.5622448979591836,True,False,True,0.0,False,MILD
053,11,2026-01-14 14:00:00,102.12,2.7,-0.5922448979591837,True,False,True,0.0,False,MILD
053,12,2026-01-14 15:00:00,102.12,2.7,-0.6085714285714285,True,False,True,0.05,False,MILD
053,13,2026-01-14 16:00:00,102.12,2.1,-0.6271428571428572,True,False,True,0.05,False,MILD
053,14,2026-01-14 17:00:00,102.12,0.7,-0.6220408163265305,True,False,True,0.05,False,MILD
053,15,2026-01-14 18:00:00,102.12,0.7,-0.6342857142857143,True,False,True,0.05,False,MILD
053,16,2026-01-14 19:00:00,102.12,0.7,-0.6393877551020408,True,False,True,0.05,False,MILD
053,17,2026-01-14 20:00:00,2.85,0.7,-0.6479591836734694,True,True,True,0.05,False,MILD
053,18,2026-01-14 21:00:00,2.85,0.7,-0.6502040816326531,True,True,True,0.05,False,MILD
053,19,2026-01-14 22:00:00,2.85,0.7,-0.6506122448979592,True,True,True,0.05,False,MILD
053,20,2026-01-14 23:00:00,2.85,0.7,-0.6608163265306123,True,True,True,0.05,False,MILD
053,21,2026-01-15 00:00:00,2.16,0.7,-0.6618367346938775,True,True,True,0.05,False,MILD
053,22,2026-01-15 01:00:00,2.16,0.7,-0.6769387755102041,True,True,True,0.05,False,MILD
053,23,2026-01-15 02:00:00,87.1,0.3,-0.6793877551020407,True,False,True,0.05,False,MILD
053,24,2026-01-15 03:00:00,87.1,0.3,-0.687142857142857,True,False,True,0.05,False,MILD
053,25,2026-01-15 04:00:00,87.1,0.3,-0.6906122448979591,True,False,True,0.05,False,MILD
053,26,2026-01-15 05:00:00,87.1,0.3,-0.6955102040816328,True,False,True,0.05,False,MILD
053,27,2026-01-15 06:00:00,87.1,0.3,-0.7024489795918367,True,False,True,0.05,False,MILD
053,28,2026-01-15 07:00:00,268.96,0.3,-0.7120408163265306,True,False,True,0.05,False,MILD
053,29,2026-01-15 08:00:00,268.96,0.3,-0.7142857142857143,True,False,True,0.05,False,MILD
053,30,2026-01-15 09:00:00,268.96,0.3,-0.7061224489795918,True,False,True,0.05,False,MILD
053,31,2026-01-15 10:00:00,268.96,0.3,-0.7071428571428573,True,False,True,0.05,False,MILD
053,32,2026-01-15 11:00:00,268.96,0.2,-0.7097959183673471,True,False,True,0.05,False,MILD
053,33,2026-01-15 12:00:00,268.96,0.2,-0.7189795918367347,True,False,True,0.05,False,MILD
053,34,2026-01-15 13:00:00,268.96,0.2,-0.7191836734693878,True,False,True,0.05,False,MILD
053,35,2026-01-15 14:00:00,268.96,0.2,-0.7173469387755101,True,False,True,0.05,False,MILD
053,36,2026-01-15 15:00:00,74.76,0.2,-0.7126530612244897,True,False,True,0.05,False,MILD
053,37,2026-01-15 16:00:00,74.76,0.2,-0.7036734693877552,True,False,True,0.05,False,MILD
053,38,2026-01-15 17:00:00,1.74,0.2,-0.7128571428571429,True,True,True,0.05,False,MILD
053,39,2026-01-15 18:00:00,1.74,0.2,-0.7220408163265305,True,True,True,0.05,True,MILD
053,40,2026-01-15 19:00:00,1.74,0.2,-0.7281632653061224,True,True,True,0.05,False,MILD
054,1,2026-05-08 04:00:00,4.85,1.7,0.2814285714285714,False,False,True,0.0,False,MILD
054,2,2026-05-08 05:00:00,4.85,2.2,0.3215384615384616,False,False,True,0.0,False,MILD
054,3,2026-05-08 06:00:00,4.85,2.2,0.3352631578947369,False,False,True,0.0,False,MILD
054,4,2026-05-08 07:00:00,4.85,2.2,0.3568,False,False,True,0.0,False,MILD
054,5,2026-05-08 08:00:00,4.85,2.2,0.35193548387096774,False,False,True,0.0,False,MILD
054,6,2026-05-08 09:00:00,4.85,2.2,0.3583783783783784,False,False,True,0.0,False,MILD
054,7,2026-05-08 10:00:00,4.85,2.2,0.35348837209302325,False,False,True,0.0,False,MILD
054,8,2026-05-08 11:00:00,4.85,2.2,0.3461224489795919,False,False,True,0.0,False,MILD
054,9,2026-05-08 12:00:00,3.94,2.2,0.3518367346938776,False,False,True,0.0,False,MILD
054,10,2026-05-08 13:00:00,55.63,1.6,0.36367346938775513,False,False,True,0.0,False,MILD
054,11,2026-05-08 14:00:00,56.34,0.7,0.3479591836734694,False,False,True,0.0,False,MILD
054,12,2026-05-08 15:00:00,56.34,0.7,0.33081632653061227,False,False,True,0.05,False,MILD
054,13,2026-05-08 16:00:00,56.34,0.6,0.33326530612244903,False,False,True,0.05,False,MILD
054,14,2026-05-08 17:00:00,56.34,0.6,0.336530612244898,False,False,True,0.05,False,MILD
054,15,2026-05-08 18:00:00,92.24,0.6,0.3438775510204082,False,False,True,0.05,False,MILD
054,16,2026-05-08 19:00:00,92.24,0.6,0.34979591836734697,False,False,True,0.05,False,MILD
054,17,2026-05-08 20:00:00,389.59,0.5,0.3548979591836735,False,False,True,0.05,False,MILD
054,18,2026-05-08 21:00:00,389.59,0.2,0.34877551020408165,False,False,True,0.05,False,MILD
054,19,2026-05-08 22:00:00,389.59,0.2,0.35061224489795917,False,False,True,0.05,False,MILD
054,20,2026-05-08 23:00:00,389.59,0.2,0.3506122448979592,False,False,True,0.05,False,MILD
054,21,2026-05-09 00:00:00,389.59,0.2,0.3375510204081633,False,False,True,0.05,False,MILD
054,22,2026-05-09 01:00:00,389.59,0.2,0.3230612244897959,False,False,True,0.05,False,MILD
054,23,2026-05-09 02:00:00,389.59,0.2,0.3148979591836735,False,False,True,0.05,False,MILD
054,24,2026-05-09 03:00:00,389.59,0.2,0.3112244897959184,False,False,True,0.05,False,MILD
054,25,2026-05-09 04:00:00,139.78,0.2,0.3120408163265306,False,False,True,0.05,False,MILD
054,26,2026-05-09 05:00:00,139.78,0.2,0.31081632653061225,False,False,True,0.05,False,MILD
054,27,2026-05-09 06:00:00,139.78,0.2,0.31551020408163266,False,False,True,0.05,False,MILD
054,28,2026-05-09 07:00:00,139.78,0.2,0.3112244897959184,False,False,True,0.05,False,MILD
055,1,2026-01-30 11:00:00,206.15,1.7,-0.7514285714285714,True,False,True,0.0,False,MILD
055,2,2026-01-30 12:00:00,206.15,1.7,-0.7484615384615385,True,False,True,0.0,False,MILD
055,3,2026-01-30 13:00:00,206.15,1.7,-0.7594736842105264,True,False,True,0.0,False,MILD
055,4,2026-01-30 14:00:00,206.15,1.7,-0.7548,True,False,True,0.0,False,MILD
055,5,2026-01-30 15:00:00,206.15,1.7,-0.7748387096774194,True,False,True,0.0,False,MILD
055,6,2026-01-30 16:00:00,206.15,1.7,-0.7818918918918919,True,False,True,0.0,False,MILD
055,7,2026-01-30 17:00:00,206.15,1.7,-0.7841860465116279,True,False,True,0.0,False,MILD
055,8,2026-01-30 18:00:00,206.15,1.7,-0.7757142857142858,True,False,True,0.0,False,MILD
055,9,2026-01-30 19:00:00,65.67,1.5,-0.7751020408163265,True,False,True,0.0,False,MILD
055,10,2026-01-30 20:00:00,30.97,1.3,-0.7710204081632652,True,False,True,0.0,False,MILD
055,11,2026-01-30 21:00:00,30.97,1.2,-0.7606122448979591,True,False,True,0.0,False,MILD
055,12,2026-01-30 22:00:00,30.97,1.2,-0.7593877551020408,True,False,True,0.05,False,MILD
055,13,2026-01-30 23:00:00,30.97,0.9,-0.7422448979591836,True,False,True,0.05,False,MILD
055,14,2026-01-31 00:00:00,30.97,0.5,-0.7234693877551021,True,False,True,0.05,False,MILD
055,15,2026-01-31 01:00:00,30.97,0.5,-0.7087755102040817,True,False,True,0.05,False,MILD
055,16,2026-01-31 02:00:00,30.97,0.5,-0.7026530612244898,True,False,True,0.05,False,MILD
055,17,2026-01-31 03:00:00,13.56,0.6,-0.7002040816326531,True,False,True,0.05,False,MILD
055,18,2026-01-31 04:00:00,13.56,0.6,-0.6967346938775509,True,False,True,0.05,False,MILD
055,19,2026-01-31 05:00:00,13.56,0.6,-0.7026530612244898,True,False,True,0.05,False,MILD
055,20,2026-01-31 06:00:00,3.66,0.6,-0.6991836734693877,True,True,True,0.05,False,MILD
055,21,2026-01-31 07:00:00,3.66,0.6,-0.7073469387755101,True,True,True,0.05,False,MILD
055,22,2026-01-31 08:00:00,3.66,0.6,-0.7010204081632654,True,True,True,0.05,False,MILD
055,23,2026-01-31 09:00:00,2.72,0.6,-0.7026530612244898,True,True,True,0.05,False,MILD
055,24,2026-01-31 10:00:00,2.71,0.6,-0.6863265306122449,True,True,True,0.05,False,MILD
055,25,2026-01-31 11:00:00,363.9,0.5,-0.6755102040816326,True,False,True,0.05,False,MILD
055,26,2026-01-31 12:00:00,363.9,0.5,-0.6669387755102041,True,False,True,0.05,False,MILD
055,27,2026-01-31 13:00:00,363.9,0.5,-0.6465306122448979,True,False,True,0.05,False,MILD
055,28,2026-01-31 14:00:00,363.9,0.4,-0.6202040816326531,True,False,True,0.05,False,MILD
055,29,2026-01-31 15:00:00,363.9,0.3,-0.5948979591836735,True,False,True,0.05,False,MILD
055,30,2026-01-31 16:00:00,363.9,0.2,-0.5844897959183674,True,False,True,0.05,False,MILD
055,31,2026-01-31 17:00:00,363.9,0.2,-0.5755102040816327,True,False,True,0.05,False,MILD
055,32,2026-01-31 18:00:00,363.9,0.2,-0.5695918367346939,True,False,True,0.05,False,MILD
055,33,2026-01-31 19:00:00,255.35,0.2,-0.5561224489795918,True,False,True,0.05,False,MILD
055,34,2026-01-31 20:00:00,255.35,0.2,-0.543265306122449,True,False,True,0.05,False,MILD
055,35,2026-01-31 21:00:00,255.35,0.2,-0.5499999999999999,True,False,True,0.05,False,MILD
055,36,2026-01-31 22:00:00,255.35,0.2,-0.5453061224489797,True,False,True,0.05,False,MILD
055,37,2026-01-31 23:00:00,460.0,0.2,-0.5575510204081633,True,False,True,0.05,False,MILD
055,38,2026-02-01 00:00:00,460.0,0.2,-0.540204081632653,True,False,True,0.05,False,MILD
055,39,2026-02-01 01:00:00,460.0,0.2,-0.529795918367347,True,False,True,0.05,False,MILD
055,40,2026-02-01 02:00:00,460.0,0.2,-0.5279591836734694,True,False,True,0.05,False,MILD
055,41,2026-02-01 03:00:00,460.0,0.3,-0.5351020408163266,True,False,True,0.05,False,MILD
055,42,2026-02-01 04:00:00,460.0,0.3,-0.5318367346938776,True,False,True,0.05,False,MILD
055,43,2026-02-01 05:00:00,460.0,0.3,-0.51,True,False,True,0.05,False,MILD
055,44,2026-02-01 06:00:00,460.0,0.3,-0.5087755102040817,True,False,True,0.05,False,MILD
055,45,2026-02-01 07:00:00,460.0,0.3,-0.5004081632653062,True,False,True,0.05,False,MILD
055,46,2026-02-01 08:00:00,18.09,0.3,-0.5048979591836734,True,False,True,0.05,False,MILD
055,47,2026-02-01 09:00:00,18.09,0.3,-0.5169387755102041,True,False,True,0.05,False,MILD
055,48,2026-02-01 10:00:00,18.09,0.3,-0.5193877551020407,True,False,True,0.05,False,MILD
055,49,2026-02-01 11:00:00,18.09,0.2,-0.5287755102040816,True,False,True,0.05,False,MILD
055,50,2026-02-01 12:00:00,16.72,0.2,-0.5436734693877551,True,False,True,0.05,False,MILD
055,51,2026-02-01 13:00:00,159.16,0.2,-0.563469387755102,True,False,True,0.05,False,MILD
055,52,2026-02-01 14:00:00,159.16,0.2,-0.5820408163265306,True,False,True,0.05,False,MILD
055,53,2026-02-01 15:00:00,159.16,0.2,-0.6034693877551021,True,False,True,0.05,False,MILD
055,54,2026-02-01 16:00:00,159.16,0.2,-0.6138775510204082,True,False,True,0.05,False,MILD
055,55,2026-02-01 17:00:00,159.16,0.2,-0.626938775510204,True,False,True,0.05,False,MILD
055,56,2026-02-01 18:00:00,159.16,0.2,-0.633061224489796,True,False,True,0.05,False,MILD
055,57,2026-02-01 19:00:00,159.16,0.2,-0.6387755102040816,True,False,True,0.05,False,MILD
055,58,2026-02-01 20:00:00,159.16,0.2,-0.6393877551020408,True,False,True,0.05,False,MILD
056,1,2026-04-09 11:00:00,5.77,2.5,-1.2942857142857143,True,True,True,0.0,False,MILD
056,2,2026-04-09 12:00:00,10.54,2.5,-1.2853846153846153,True,False,True,0.0,False,MILD
056,3,2026-04-09 13:00:00,10.54,2.5,-1.2989473684210526,True,False,True,0.0,False,MILD
056,4,2026-04-09 14:00:00,10.54,2.5,-1.3159999999999998,True,False,True,0.0,False,MILD
056,5,2026-04-09 15:00:00,10.54,2.5,-1.3306451612903225,True,False,True,0.0,False,MILD
056,6,2026-04-09 16:00:00,10.54,2.5,-1.3356756756756758,True,False,True,0.0,False,MILD
056,7,2026-04-09 17:00:00,65.29,2.5,-1.3327906976744188,True,False,True,0.0,False,MILD
056,8,2026-04-09 18:00:00,65.29,2.5,-1.3365306122448979,True,False,True,0.0,False,MILD
056,9,2026-04-09 19:00:00,65.29,2.6,-1.3432653061224489,True,False,True,0.0,False,MILD
056,10,2026-04-09 20:00:00,65.29,2.6,-1.347142857142857,True,False,True,0.0,False,MILD
056,11,2026-04-09 21:00:00,65.29,2.6,-1.3502040816326533,True,False,True,0.0,False,MILD
056,12,2026-04-09 22:00:00,65.29,2.6,-1.342244897959184,True,False,True,0.0,False,MILD
056,13,2026-04-09 23:00:00,328.46,2.6,-1.3414285714285719,True,False,True,0.0,False,MILD
056,14,2026-04-10 00:00:00,328.46,2.6,-1.34265306122449,True,False,True,0.0,False,MILD
056,15,2026-04-10 01:00:00,328.46,2.6,-1.3510204081632653,True,False,True,0.0,False,MILD
056,16,2026-04-10 02:00:00,328.46,2.6,-1.356938775510204,True,False,True,0.0,False,MILD
056,17,2026-04-10 03:00:00,328.46,2.5,-1.356122448979592,True,False,True,0.0,False,MILD
056,18,2026-04-10 04:00:00,328.46,1.6,-1.366326530612245,True,False,True,0.0,False,MILD
056,19,2026-04-10 05:00:00,328.46,1.4,-1.3751020408163264,True,False,True,0.0,False,MILD
056,20,2026-04-10 06:00:00,328.46,1.4,-1.3791836734693876,True,False,True,0.0,False,MILD
056,21,2026-04-10 07:00:00,81.01,0.7,-1.383265306122449,True,False,True,0.0,False,MILD
056,22,2026-04-10 08:00:00,81.01,0.7,-1.387755102040816,True,False,True,0.0,False,MILD
056,23,2026-04-10 09:00:00,81.01,0.6,-1.386530612244898,True,False,True,0.0,False,MILD
056,24,2026-04-10 10:00:00,171.33,0.6,-1.380816326530612,True,False,True,0.0,False,MILD
056,25,2026-04-10 11:00:00,171.33,0.7,-1.3779591836734693,True,False,True,0.0,False,MILD
056,26,2026-04-10 12:00:00,171.33,0.8,-1.3742857142857143,True,False,True,0.0,False,MILD
056,27,2026-04-10 13:00:00,171.33,0.8,-1.368571428571429,True,False,True,0.0,False,MILD
056,28,2026-04-10 14:00:00,171.33,0.8,-1.3610204081632653,True,False,True,0.0,False,MILD
056,29,2026-04-10 15:00:00,171.33,0.8,-1.353877551020408,True,False,True,0.0,False,MILD
056,30,2026-04-10 16:00:00,171.33,0.8,-1.3520408163265305,True,False,True,0.0,False,MILD
056,31,2026-04-10 17:00:00,171.33,0.8,-1.3681632653061226,True,False,True,0.0,False,MILD
056,32,2026-04-10 18:00:00,132.06,0.8,-1.3838775510204082,True,False,True,0.0,False,MILD
056,33,2026-04-10 19:00:00,132.06,0.8,-1.4059183673469389,True,False,True,0.0,False,MILD
056,34,2026-04-10 20:00:00,132.06,0.7,-1.4236734693877549,True,False,True,0.0,False,MILD
056,35,2026-04-10 21:00:00,215.86,0.7,-1.44,True,False,True,0.0,False,MILD
056,36,2026-04-10 22:00:00,215.86,0.7,-1.4683673469387755,True,False,True,0.0,False,MILD
056,37,2026-04-10 23:00:00,215.86,0.7,-1.4912244897959186,True,False,True,0.0,False,MILD
056,38,2026-04-11 00:00:00,215.86,0.7,-1.5130612244897959,True,False,True,0.0,False,MILD
056,39,2026-04-11 01:00:00,215.86,0.7,-1.5183673469387753,True,False,True,0.0,False,MILD
056,40,2026-04-11 02:00:00,215.86,0.7,-1.5320408163265304,True,False,True,0.0,False,MILD
056,41,2026-04-11 03:00:00,215.86,0.7,-1.54265306122449,True,False,True,0.0,False,MILD
056,42,2026-04-11 04:00:00,215.86,0.7,-1.549591836734694,True,False,True,0.0,False,MILD
056,43,2026-04-11 05:00:00,153.05,0.7,-1.560612244897959,True,False,True,0.0,False,MILD
056,44,2026-04-11 06:00:00,172.3,0.7,-1.557551020408163,True,False,True,0.0,False,MILD
056,45,2026-04-11 07:00:00,172.3,0.6,-1.5616326530612243,True,False,True,0.0,False,MILD
056,46,2026-04-11 08:00:00,172.3,0.6,-1.5687755102040815,True,False,True,0.0,False,MILD
056,47,2026-04-11 09:00:00,310.66,0.6,-1.5818367346938773,True,False,True,0.0,False,MILD
056,48,2026-04-11 10:00:00,310.66,0.3,-1.582857142857143,True,False,True,0.0,False,MILD
056,49,2026-04-11 11:00:00,310.66,0.3,-1.579795918367347,True,False,True,0.0,False,MILD
056,50,2026-04-11 12:00:00,310.66,0.2,-1.5816326530612246,True,False,True,0.0,False,MILD
056,51,2026-04-11 13:00:00,310.66,0.1,-1.5765306122448977,True,False,True,0.0,False,MILD
056,52,2026-04-11 14:00:00,310.66,0.1,-1.576122448979592,True,False,True,0.0,False,MILD
056,53,2026-04-11 15:00:00,310.66,0.2,-1.5610204081632653,True,False,True,0.0,False,MILD
056,54,2026-04-11 16:00:00,310.66,0.2,-1.5573469387755103,True,False,True,0.0,False,MILD
056,55,2026-04-11 17:00:00,1.37,0.2,-1.5389795918367348,True,True,True,0.0,False,MILD
056,56,2026-04-11 18:00:00,1.37,0.2,-1.5302040816326528,True,True,True,0.0,False,MILD
056,57,2026-04-11 19:00:00,1.37,0.2,-1.5153061224489792,True,True,True,0.0,False,MILD
056,58,2026-04-11 20:00:00,1.54,0.2,-1.5008163265306125,True,True,True,0.0,False,MILD
056,59,2026-04-11 21:00:00,1.54,0.2,-1.4944897959183674,True,True,True,0.0,False,MILD
056,60,2026-04-11 22:00:00,1.54,0.2,-1.49734693877551,True,True,True,0.0,False,MILD
056,61,2026-04-11 23:00:00,41.77,0.2,-1.4975510204081632,True,False,True,0.0,False,MILD
056,62,2026-04-12 00:00:00,146.11,0.2,-1.4948979591836735,True,False,True,0.0,False,MILD
056,63,2026-04-12 01:00:00,146.11,0.2,-1.493469387755102,True,False,True,0.0,False,MILD
056,64,2026-04-12 02:00:00,146.11,0.2,-1.4871428571428573,True,False,True,0.0,False,MILD
056,65,2026-04-12 03:00:00,146.11,0.2,-1.4857142857142858,True,False,True,0.0,False,MILD
056,66,2026-04-12 04:00:00,146.11,0.2,-1.4987755102040816,True,False,True,0.0,False,MILD
056,67,2026-04-12 05:00:00,146.11,0.2,-1.499795918367347,True,False,True,0.0,False,MILD
056,68,2026-04-12 06:00:00,146.11,0.2,-1.5044897959183674,True,False,True,0.0,False,MILD
056,69,2026-04-12 07:00:00,146.11,0.2,-1.5006122448979593,True,False,True,0.0,False,MILD
056,70,2026-04-12 08:00:00,115.2,0.2,-1.493265306122449,True,False,True,0.0,False,MILD
056,71,2026-04-12 09:00:00,115.2,0.2,-1.4957142857142856,True,False,True,0.0,False,MILD
056,72,2026-04-12 10:00:00,115.2,0.2,-1.4985714285714287,True,False,True,0.0,False,MILD
056,73,2026-04-12 11:00:00,115.2,0.2,-1.4995918367346937,True,False,True,0.0,False,MILD
056,74,2026-04-12 12:00:00,115.2,0.2,-1.493469387755102,True,False,True,0.0,False,MILD
056,75,2026-04-12 13:00:00,115.2,0.2,-1.4979591836734696,True,False,True,0.0,False,MILD
056,76,2026-04-12 14:00:00,50.31,0.2,-1.4969387755102042,True,False,True,0.0,False,MILD
056,77,2026-04-12 15:00:00,60.87,0.2,-1.4879591836734696,True,False,True,0.0,False,MILD
056,78,2026-04-12 16:00:00,60.87,0.2,-1.496530612244898,True,False,True,0.0,False,MILD
056,79,2026-04-12 17:00:00,60.87,0.2,-1.4987755102040814,True,False,True,0.0,False,MILD
056,80,2026-04-12 18:00:00,60.87,0.2,-1.493265306122449,True,False,True,0.0,False,MILD
056,81,2026-04-12 19:00:00,60.87,0.2,-1.4944897959183672,True,False,True,0.0,False,MILD
056,82,2026-04-12 20:00:00,60.87,0.1,-1.4900000000000002,True,False,True,0.0,False,MILD
056,83,2026-04-12 21:00:00,60.87,0.1,-1.4883673469387757,True,False,True,0.0,False,MILD
056,84,2026-04-12 22:00:00,65.81,0.1,-1.4724489795918365,True,False,True,0.0,False,MILD
056,85,2026-04-12 23:00:00,65.81,0.1,-1.4710204081632652,True,False,True,0.0,False,MILD
056,86,2026-04-13 00:00:00,70.99,0.1,-1.4640816326530615,True,False,True,0.0,False,MILD
056,87,2026-04-13 01:00:00,70.99,0.1,-1.455714285714286,True,False,True,0.0,False,MILD
056,88,2026-04-13 02:00:00,70.99,0.1,-1.4483673469387754,True,False,True,0.0,False,MILD
056,89,2026-04-13 03:00:00,570.26,0.2,-1.4326530612244899,True,False,True,0.0,False,MILD
056,90,2026-04-13 04:00:00,570.26,0.2,-1.417142857142857,True,False,True,0.0,False,MILD
056,91,2026-04-13 05:00:00,570.26,0.2,-1.4022448979591835,True,False,True,0.0,False,MILD
056,92,2026-04-13 06:00:00,570.26,0.2,-1.3975510204081631,True,False,True,0.0,False,MILD
056,93,2026-04-13 07:00:00,570.26,0.2,-1.3848979591836736,True,False,True,0.0,False,MILD
056,94,2026-04-13 08:00:00,570.26,0.2,-1.356530612244898,True,False,True,0.0,False,MILD
056,95,2026-04-13 09:00:00,570.26,0.2,-1.343265306122449,True,False,True,0.0,False,MILD
056,96,2026-04-13 10:00:00,570.26,0.2,-1.3359183673469386,True,False,True,0.0,False,MILD
056,97,2026-04-13 11:00:00,1.46,0.2,-1.3338775510204082,True,True,True,0.0,False,MILD
056,98,2026-04-13 12:00:00,1.46,0.2,-1.3271428571428572,True,True,True,0.0,False,MILD
056,99,2026-04-13 13:00:00,1.46,0.2,-1.3302040816326528,True,True,True,0.0,False,MILD
056,100,2026-04-13 14:00:00,1.47,0.2,-1.3332653061224489,True,True,True,0.0,False,MILD
056,101,2026-04-13 15:00:00,1.47,0.2,-1.3446938775510202,True,True,True,0.0,False,MILD
056,102,2026-04-13 16:00:00,1.47,0.2,-1.3597959183673471,True,True,True,0.0,False,MILD
056,103,2026-04-13 17:00:00,1.47,0.2,-1.3620408163265307,True,True,True,0.0,False,MILD
056,104,2026-04-13 18:00:00,78.62,0.2,-1.3675510204081631,True,False,True,0.0,False,MILD
056,105,2026-04-13 19:00:00,78.62,0.2,-1.3636734693877552,True,False,True,0.0,False,MILD
056,106,2026-04-13 20:00:00,78.62,0.2,-1.368979591836735,True,False,True,0.0,False,MILD
056,107,2026-04-13 21:00:00,78.62,0.2,-1.366734693877551,True,False,True,0.0,False,MILD
056,108,2026-04-13 22:00:00,78.62,0.2,-1.3557142857142859,True,False,True,0.0,False,MILD
056,109,2026-04-13 23:00:00,78.62,0.2,-1.335510204081633,True,False,True,0.0,False,MILD
056,110,2026-04-14 00:00:00,78.62,0.2,-1.3248979591836736,True,False,True,0.0,False,MILD
056,111,2026-04-14 01:00:00,78.62,0.2,-1.3153061224489797,True,False,True,0.0,False,MILD
056,112,2026-04-14 02:00:00,78.62,0.2,-1.3075510204081635,True,False,True,0.0,False,MILD
056,113,2026-04-14 03:00:00,48.97,0.2,-1.3,True,False,True,0.0,False,MILD
056,114,2026-04-14 04:00:00,48.97,0.2,-1.2985714285714285,True,False,True,0.0,False,MILD
056,115,2026-04-14 05:00:00,48.97,0.2,-1.2910204081632652,True,False,True,0.0,False,MILD
056,116,2026-04-14 06:00:00,48.97,0.2,-1.283469387755102,True,False,True,0.0,False,MILD
056,117,2026-04-14 07:00:00,48.97,0.2,-1.2865306122448978,True,False,True,0.0,False,MILD
056,118,2026-04-14 08:00:00,1.48,0.2,-1.2824489795918368,True,True,True,0.0,False,MILD
056,119,2026-04-14 09:00:00,1.48,0.2,-1.283061224489796,True,True,True,0.0,False,MILD
056,120,2026-04-14 10:00:00,49.28,0.2,-1.2865306122448978,True,False,True,0.0,False,MILD
056,121,2026-04-14 11:00:00,49.28,0.2,-1.2893877551020407,True,False,True,0.0,False,MILD
056,122,2026-04-14 12:00:00,49.28,0.2,-1.2818367346938775,True,False,True,0.0,False,MILD
056,123,2026-04-14 13:00:00,49.28,0.2,-1.2859183673469388,True,False,True,0.0,False,MILD
057,1,2026-02-27 04:00:00,3.5,2.5,0.29571428571428576,False,False,True,0.0,False,MILD
057,2,2026-02-27 05:00:00,3.5,2.5,0.28153846153846157,False,False,True,0.0,False,MILD
057,3,2026-02-27 06:00:00,5.47,2.5,0.2536842105263158,False,False,True,0.0,False,MILD
057,4,2026-02-27 07:00:00,192.88,2.5,0.2548,False,False,True,0.0,False,MILD
057,5,2026-02-27 08:00:00,192.88,2.5,0.2529032258064516,False,False,True,0.0,False,MILD
057,6,2026-02-27 09:00:00,192.88,2.5,0.24891891891891893,False,False,True,0.0,False,MILD
057,7,2026-02-27 10:00:00,192.88,2.5,0.24953488372093016,False,False,True,0.0,False,MILD
057,8,2026-02-27 11:00:00,192.88,2.5,0.2526530612244898,False,False,True,0.0,False,MILD
057,9,2026-02-27 12:00:00,192.88,2.3,0.24693877551020407,False,False,True,0.0,False,MILD
057,10,2026-02-27 13:00:00,192.88,2.3,0.24877551020408162,False,False,True,0.0,False,MILD
057,11,2026-02-27 14:00:00,332.42,2.3,0.25224489795918364,False,False,True,0.0,False,MILD
057,12,2026-02-27 15:00:00,332.42,2.3,0.25265306122448977,False,False,True,0.05,False,MILD
057,13,2026-02-27 16:00:00,332.42,2.3,0.25612244897959185,False,False,True,0.05,False,MILD
057,14,2026-02-27 17:00:00,332.42,2.3,0.2642857142857143,False,False,True,0.05,False,MILD
057,15,2026-02-27 18:00:00,332.42,1.6,0.2608163265306122,False,False,True,0.05,False,MILD
057,16,2026-02-27 19:00:00,332.42,0.7,0.25673469387755105,False,False,True,0.05,False,MILD
057,17,2026-02-27 20:00:00,332.42,0.7,0.24959183673469387,False,False,True,0.05,False,MILD
057,18,2026-02-27 21:00:00,332.42,0.7,0.24632653061224485,False,False,True,0.05,False,MILD
057,19,2026-02-27 22:00:00,194.6,0.7,0.2338775510204082,False,False,True,0.05,False,MILD
057,20,2026-02-27 23:00:00,49.17,0.7,0.23204081632653062,False,False,True,0.05,False,MILD
057,21,2026-02-28 00:00:00,49.17,0.7,0.22142857142857142,False,False,True,0.05,False,MILD
057,22,2026-02-28 01:00:00,49.17,0.7,0.22551020408163264,False,False,True,0.05,False,MILD
057,23,2026-02-28 02:00:00,83.63,0.6,0.23142857142857143,False,False,True,0.05,False,MILD
057,24,2026-02-28 03:00:00,83.63,0.6,0.2373469387755102,False,False,True,0.05,False,MILD
057,25,2026-02-28 04:00:00,353.22,0.6,0.24632653061224494,False,False,True,0.05,False,MILD
057,26,2026-02-28 05:00:00,353.22,0.6,0.2542857142857143,False,False,True,0.05,False,MILD
057,27,2026-02-28 06:00:00,353.22,0.6,0.2622448979591837,False,False,True,0.05,False,MILD
057,28,2026-02-28 07:00:00,353.22,0.6,0.26102040816326527,False,False,True,0.05,False,MILD
057,29,2026-02-28 08:00:00,353.22,0.6,0.2648979591836735,False,False,True,0.05,False,MILD
057,30,2026-02-28 09:00:00,353.22,0.6,0.26,False,False,True,0.05,False,MILD
057,31,2026-02-28 10:00:00,353.22,0.6,0.25326530612244896,False,False,True,0.05,False,MILD
057,32,2026-02-28 11:00:00,353.22,0.6,0.2477551020408163,False,False,True,0.05,False,MILD
057,33,2026-02-28 12:00:00,65.69,0.3,0.24387755102040817,False,False,True,0.05,False,MILD
057,34,2026-02-28 13:00:00,341.28,0.2,0.2395918367346939,False,False,True,0.05,False,MILD
057,35,2026-02-28 14:00:00,341.28,0.2,0.2397959183673469,False,False,True,0.05,False,MILD
057,36,2026-02-28 15:00:00,341.28,0.2,0.25551020408163266,False,False,True,0.05,False,MILD
057,37,2026-02-28 16:00:00,341.28,0.2,0.25918367346938775,False,False,True,0.05,False,MILD
057,38,2026-02-28 17:00:00,341.28,0.2,0.25857142857142856,False,False,True,0.05,False,MILD
057,39,2026-02-28 18:00:00,341.28,0.2,0.256530612244898,False,False,True,0.05,False,MILD
057,40,2026-02-28 19:00:00,341.28,0.2,0.2618367346938775,False,False,True,0.05,False,MILD
057,41,2026-02-28 20:00:00,341.28,0.2,0.25591836734693874,False,False,True,0.05,False,MILD
057,42,2026-02-28 21:00:00,82.53,0.2,0.25918367346938775,False,False,True,0.05,False,MILD
057,43,2026-02-28 22:00:00,1.33,0.2,0.2583673469387755,False,False,True,0.05,False,MILD
057,44,2026-02-28 23:00:00,1.34,0.2,0.253469387755102,False,False,True,0.05,False,MILD
057,45,2026-03-01 00:00:00,1.34,0.2,0.24408163265306124,False,False,True,0.05,False,MILD
057,46,2026-03-01 01:00:00,1.34,0.2,0.23000000000000004,False,False,True,0.05,False,MILD
057,47,2026-03-01 02:00:00,1.34,0.2,0.21897959183673465,False,False,True,0.05,False,MILD
057,48,2026-03-01 03:00:00,1.34,0.2,0.20551020408163265,False,False,True,0.05,False,MILD
057,49,2026-03-01 04:00:00,1.34,0.2,0.19408163265306125,False,False,True,0.05,False,MILD
057,50,2026-03-01 05:00:00,1.34,0.2,0.1753061224489796,False,False,True,0.05,False,MILD
057,51,2026-03-01 06:00:00,1.34,0.2,0.1526530612244898,False,False,True,0.05,False,MILD
057,52,2026-03-01 07:00:00,127.84,0.2,0.13326530612244897,False,False,True,0.05,False,MILD
057,53,2026-03-01 08:00:00,127.84,0.2,0.11653061224489795,False,False,True,0.05,False,MILD
057,54,2026-03-01 09:00:00,127.84,0.2,0.1263265306122449,False,False,True,0.05,False,MILD
057,55,2026-03-01 10:00:00,127.84,0.2,0.12387755102040816,False,False,True,0.05,False,MILD
057,56,2026-03-01 11:00:00,127.84,0.2,0.1310204081632653,False,False,True,0.05,False,MILD
057,57,2026-03-01 12:00:00,127.84,0.2,0.12551020408163266,False,False,True,0.05,False,MILD
057,58,2026-03-01 13:00:00,127.84,0.2,0.11816326530612244,False,False,True,0.05,False,MILD
057,59,2026-03-01 14:00:00,127.84,0.2,0.12387755102040816,False,False,True,0.05,False,MILD
057,60,2026-03-01 15:00:00,25.1,0.2,0.13346938775510203,False,False,True,0.05,False,MILD
057,61,2026-03-01 16:00:00,25.1,0.2,0.1389795918367347,False,False,True,0.05,False,MILD
057,62,2026-03-01 17:00:00,1.44,0.2,0.14346938775510204,False,False,True,0.05,False,MILD
057,63,2026-03-01 18:00:00,1.44,0.2,0.14489795918367349,False,False,True,0.05,False,MILD
057,64,2026-03-01 19:00:00,1.44,0.2,0.15122448979591838,False,False,True,0.05,False,MILD
057,65,2026-03-01 20:00:00,1.44,0.2,0.16387755102040816,False,False,True,0.05,False,MILD
057,66,2026-03-01 21:00:00,1.44,0.2,0.17897959183673467,False,False,True,0.05,False,MILD
057,67,2026-03-01 22:00:00,1.44,0.2,0.1853061224489796,False,False,True,0.05,False,MILD
057,68,2026-03-01 23:00:00,1.44,0.2,0.18510204081632653,False,False,True,0.05,False,MILD
057,69,2026-03-02 00:00:00,1.42,0.2,0.18897959183673474,False,False,True,0.05,False,MILD
057,70,2026-03-02 01:00:00,1.42,0.2,0.176530612244898,False,False,True,0.05,False,MILD
057,71,2026-03-02 02:00:00,1.42,0.2,0.17755102040816328,False,False,True,0.05,False,MILD
057,72,2026-03-02 03:00:00,1.42,0.2,0.16387755102040816,False,False,True,0.05,False,MILD
057,73,2026-03-02 04:00:00,1.22,0.2,0.15612244897959185,False,False,True,0.05,False,MILD
057,74,2026-03-02 05:00:00,1.13,0.2,0.1563265306122449,False,False,True,0.05,False,MILD
058,1,2026-02-10 15:00:00,6.6,1.0,0.09,False,False,True,0.0,False,MILD
058,2,2026-02-10 16:00:00,6.6,1.0,0.07153846153846155,False,False,True,0.0,False,MILD
058,3,2026-02-10 17:00:00,6.6,1.0,0.056315789473684215,False,False,True,0.0,False,MILD
058,4,2026-02-10 18:00:00,6.6,1.0,0.0564,False,False,True,0.0,False,MILD
058,5,2026-02-10 19:00:00,6.6,1.0,0.05290322580645162,False,False,True,0.0,False,MILD
058,6,2026-02-10 20:00:00,6.6,1.0,0.041891891891891894,False,False,True,0.0,False,MILD
058,7,2026-02-10 21:00:00,6.6,1.0,0.039767441860465116,False,False,True,0.0,False,MILD
058,8,2026-02-10 22:00:00,6.6,1.0,0.04040816326530612,False,False,True,0.0,False,MILD
058,9,2026-02-10 23:00:00,6.08,0.7,0.03489795918367347,False,False,True,0.0,False,MILD
058,10,2026-02-11 00:00:00,6.08,0.6,0.032857142857142856,False,False,True,0.0,False,MILD
058,11,2026-02-11 01:00:00,2.61,0.5,0.02877551020408164,False,False,True,0.0,False,MILD
058,12,2026-02-11 02:00:00,2.61,0.5,0.014693877551020407,False,False,True,0.05,False,MILD
058,13,2026-02-11 03:00:00,2.54,0.5,0.014081632653061223,False,False,True,0.05,False,MILD
058,14,2026-02-11 04:00:00,2.54,0.5,0.019387755102040816,False,False,True,0.05,False,MILD
058,15,2026-02-11 05:00:00,2.54,0.5,0.016734693877551023,False,False,True,0.05,False,MILD
058,16,2026-02-11 06:00:00,1.7,0.3,0.016122448979591836,False,False,True,0.05,False,MILD
058,17,2026-02-11 07:00:00,37.2,0.2,0.007142857142857141,False,False,True,0.05,False,MILD
058,18,2026-02-11 08:00:00,62.84,0.2,0.003265306122448978,False,False,True,0.05,False,MILD
058,19,2026-02-11 09:00:00,62.84,0.2,-0.0026530612244897943,True,False,True,0.05,False,MILD
058,20,2026-02-11 10:00:00,196.52,0.2,0.0067346938775510205,False,False,True,0.05,False,MILD
058,21,2026-02-11 11:00:00,196.52,0.2,0.016734693877551016,False,False,True,0.05,False,MILD
058,22,2026-02-11 12:00:00,196.52,0.2,0.02510204081632653,False,False,True,0.05,False,MILD
058,23,2026-02-11 13:00:00,196.52,0.2,0.03224489795918367,False,False,True,0.05,False,MILD
058,24,2026-02-11 14:00:00,196.52,0.2,0.025714285714285714,False,False,True,0.05,False,MILD
059,1,2026-01-23 01:00:00,5.01,1.5,-0.9885714285714285,True,True,True,0.0,False,MODERATE
059,2,2026-01-23 02:00:00,6.64,1.8,-0.9761538461538463,True,True,True,0.0,False,MODERATE
059,3,2026-01-23 03:00:00,56.03,1.8,-0.993684210526316,True,False,True,0.0,False,MODERATE
059,4,2026-01-23 04:00:00,56.03,1.8,-0.9744000000000002,True,False,True,0.0,False,MODERATE
059,5,2026-01-23 05:00:00,56.03,1.8,-0.957741935483871,True,False,True,0.0,False,MODERATE
059,6,2026-01-23 06:00:00,56.03,1.8,-0.9545945945945948,True,False,True,0.0,False,MODERATE
059,7,2026-01-23 07:00:00,782.27,1.9,-0.9581395348837208,True,False,True,0.0,False,MODERATE
059,8,2026-01-23 08:00:00,782.27,2.6,-0.9591836734693879,True,False,True,0.0,False,MODERATE
059,9,2026-01-23 09:00:00,782.27,2.6,-0.9667346938775511,True,False,True,0.0,False,MODERATE
059,10,2026-01-23 10:00:00,782.27,2.6,-0.9748979591836735,True,False,True,0.0,False,MODERATE
059,11,2026-01-23 11:00:00,782.27,2.6,-0.9763265306122448,True,False,True,0.0,False,MODERATE
059,12,2026-01-23 12:00:00,782.27,2.6,-0.9887755102040817,True,False,True,0.05,False,MODERATE
059,13,2026-01-23 13:00:00,782.27,2.6,-1.0053061224489797,True,False,True,0.05,False,MODERATE
059,14,2026-01-23 14:00:00,782.27,2.6,-1.0248979591836735,True,False,True,0.05,False,MODERATE
059,15,2026-01-23 15:00:00,172.57,2.6,-1.0330612244897959,True,False,True,0.05,False,MODERATE
059,16,2026-01-23 16:00:00,172.57,2.1,-1.0424489795918368,True,False,True,0.05,False,MODERATE
059,17,2026-01-23 17:00:00,172.57,1.5,-1.0448979591836733,True,False,True,0.05,False,MODERATE
059,18,2026-01-23 18:00:00,172.57,1.5,-1.0481632653061224,True,False,True,0.05,False,MODERATE
059,19,2026-01-23 19:00:00,172.57,1.5,-1.050204081632653,True,False,True,0.05,False,MODERATE
059,20,2026-01-23 20:00:00,48.94,0.8,-1.043265306122449,True,False,True,0.05,False,MODERATE
059,21,2026-01-23 21:00:00,48.94,0.8,-1.0383673469387755,True,False,True,0.05,False,MODERATE
059,22,2026-01-23 22:00:00,48.94,0.8,-1.02265306122449,True,False,True,0.05,False,MODERATE
059,23,2026-01-23 23:00:00,48.94,0.8,-1.0140816326530613,True,False,True,0.05,False,MODERATE
059,24,2026-01-24 00:00:00,48.94,0.8,-1.0079591836734694,True,False,True,0.05,False,MODERATE
059,25,2026-01-24 01:00:00,48.94,0.8,-1.0030612244897958,True,False,True,0.05,False,MODERATE
059,26,2026-01-24 02:00:00,98.28,0.8,-1.0008163265306123,True,False,True,0.05,False,MODERATE
059,27,2026-01-24 03:00:00,98.28,0.8,-0.9881632653061225,True,False,True,0.05,False,MODERATE
059,28,2026-01-24 04:00:00,98.28,0.8,-0.9904081632653061,True,False,True,0.05,False,MODERATE
059,29,2026-01-24 05:00:00,98.28,0.8,-0.9981632653061225,True,False,True,0.05,False,MODERATE
059,30,2026-01-24 06:00:00,98.28,0.8,-1.0077551020408162,True,False,True,0.05,False,MODERATE
059,31,2026-01-24 07:00:00,98.28,0.8,-1.0099999999999998,True,False,True,0.05,False,MODERATE
059,32,2026-01-24 08:00:00,98.28,0.8,-1.016122448979592,True,False,True,0.05,False,MODERATE
059,33,2026-01-24 09:00:00,98.28,0.8,-1.02734693877551,True,False,True,0.05,False,MODERATE
059,34,2026-01-24 10:00:00,2.33,0.8,-1.0310204081632655,True,True,False,0.05,False,MODERATE
059,35,2026-01-24 11:00:00,2.33,0.5,-1.0314285714285714,True,True,False,0.05,False,MODERATE
059,36,2026-01-24 12:00:00,2.15,0.5,-1.0346938775510204,True,True,False,0.05,False,MODERATE
059,37,2026-01-24 13:00:00,2.15,0.5,-1.0271428571428571,True,True,False,0.05,False,MODERATE
059,38,2026-01-24 14:00:00,2.15,0.5,-1.0218367346938775,True,True,False,0.05,False,MODERATE
059,39,2026-01-24 15:00:00,94.6,0.6,-1.0142857142857142,True,False,True,0.05,False,MODERATE
059,40,2026-01-24 16:00:00,94.6,0.6,-1.0173469387755103,True,False,True,0.05,False,MODERATE
059,41,2026-01-24 17:00:00,94.6,0.6,-1.0071428571428571,True,False,True,0.05,False,MODERATE
059,42,2026-01-24 18:00:00,94.6,0.6,-0.9975510204081633,True,False,True,0.05,False,MODERATE
059,43,2026-01-24 19:00:00,94.6,0.6,-0.9997959183673468,True,False,True,0.05,False,MODERATE
059,44,2026-01-24 20:00:00,94.6,0.6,-1.010612244897959,True,False,True,0.05,False,MODERATE
059,45,2026-01-24 21:00:00,262.16,0.6,-1.0146938775510204,True,False,True,0.05,False,MODERATE
059,46,2026-01-24 22:00:00,262.16,0.6,-1.0244897959183672,True,False,True,0.05,False,MODERATE
059,47,2026-01-24 23:00:00,262.16,0.6,-1.023265306122449,True,False,True,0.05,False,MODERATE
059,48,2026-01-25 00:00:00,262.16,0.5,-1.0175510204081635,True,False,True,0.05,False,MODERATE
059,49,2026-01-25 01:00:00,262.16,0.2,-1.0187755102040816,True,False,True,0.05,False,MODERATE
059,50,2026-01-25 02:00:00,262.16,0.2,-1.0208163265306123,True,False,True,0.05,False,MODERATE
059,51,2026-01-25 03:00:00,262.16,0.2,-1.0220408163265307,True,False,True,0.05,False,MODERATE
059,52,2026-01-25 04:00:00,262.16,0.2,-1.010612244897959,True,False,True,0.05,False,MODERATE
059,53,2026-01-25 05:00:00,1.97,0.2,-1.0077551020408164,True,True,False,0.05,False,MODERATE
059,54,2026-01-25 06:00:00,1.97,0.2,-0.9997959183673468,True,True,False,0.05,False,MODERATE
059,55,2026-01-25 07:00:00,431.32,0.2,-1.0006122448979593,True,False,True,0.05,False,MODERATE
059,56,2026-01-25 08:00:00,431.32,0.2,-1.0095918367346939,True,False,True,0.05,False,MODERATE
059,57,2026-01-25 09:00:00,431.32,0.2,-1.0153061224489797,True,False,True,0.05,False,MODERATE
059,58,2026-01-25 10:00:00,431.32,0.2,-1.0106122448979593,True,False,True,0.05,False,MODERATE
059,59,2026-01-25 11:00:00,431.32,0.2,-1.0144897959183674,True,False,True,0.05,False,MODERATE
059,60,2026-01-25 12:00:00,431.32,0.2,-1.0081632653061223,True,False,True,0.05,False,MODERATE
059,61,2026-01-25 13:00:00,431.32,0.1,-1.0151020408163265,True,False,True,0.05,False,MODERATE
059,62,2026-01-25 14:00:00,431.32,0.1,-1.0089795918367346,True,False,True,0.05,False,MODERATE
059,63,2026-01-25 15:00:00,1.71,0.1,-1.003469387755102,True,True,False,0.05,False,MODERATE
059,64,2026-01-25 16:00:00,1.71,0.1,-0.9983673469387754,True,True,False,0.05,False,MODERATE
059,65,2026-01-25 17:00:00,1.71,0.1,-0.9879591836734694,True,True,False,0.05,False,MODERATE
059,66,2026-01-25 18:00:00,15.84,0.1,-0.9824489795918367,True,False,True,0.05,False,MODERATE
059,67,2026-01-25 19:00:00,15.84,0.1,-0.9642857142857143,True,False,True,0.05,False,MODERATE
059,68,2026-01-25 20:00:00,15.84,0.1,-0.9502040816326531,True,False,True,0.05,False,MODERATE
059,69,2026-01-25 21:00:00,15.84,0.1,-0.9357142857142856,True,False,True,0.05,False,MODERATE
059,70,2026-01-25 22:00:00,15.84,0.1,-0.9173469387755102,True,False,True,0.05,False,MODERATE
059,71,2026-01-25 23:00:00,15.84,0.1,-0.9151020408163267,True,False,True,0.05,False,MODERATE
059,72,2026-01-26 00:00:00,15.84,0.1,-0.906530612244898,True,False,True,0.05,False,MODERATE
059,73,2026-01-26 01:00:00,15.84,0.1,-0.899795918367347,True,False,True,0.05,False,MODERATE
059,74,2026-01-26 02:00:00,1.75,0.2,-0.899795918367347,True,True,True,0.05,False,MODERATE
059,75,2026-01-26 03:00:00,1.75,0.2,-0.9008163265306123,True,True,True,0.05,False,MODERATE
059,76,2026-01-26 04:00:00,1.75,0.2,-0.907142857142857,True,True,True,0.05,False,MODERATE
059,77,2026-01-26 05:00:00,572.65,0.2,-0.9106122448979592,True,False,True,0.05,False,MODERATE
059,78,2026-01-26 06:00:00,572.65,0.2,-0.9159183673469389,True,False,True,0.05,False,MODERATE
059,79,2026-01-26 07:00:00,572.65,0.2,-0.9251020408163265,True,False,True,0.05,False,MODERATE
059,80,2026-01-26 08:00:00,572.65,0.2,-0.9251020408163265,True,False,True,0.05,False,MODERATE
059,81,2026-01-26 09:00:00,572.65,0.2,-0.9279591836734692,True,False,True,0.05,False,MODERATE
059,82,2026-01-26 10:00:00,572.65,0.1,-0.9189795918367347,True,False,True,0.05,False,MODERATE
059,83,2026-01-26 11:00:00,572.65,0.1,-0.9189795918367348,True,False,True,0.05,False,MODERATE
059,84,2026-01-26 12:00:00,572.65,0.1,-0.9126530612244897,True,False,True,0.05,False,MODERATE
059,85,2026-01-26 13:00:00,1.91,0.1,-0.9006122448979591,True,True,True,0.05,False,MODERATE
059,86,2026-01-26 14:00:00,1.91,0.1,-0.9010204081632652,True,True,True,0.05,False,MODERATE
059,87,2026-01-26 15:00:00,65.38,0.1,-0.8848979591836734,True,False,True,0.05,False,MODERATE
059,88,2026-01-26 16:00:00,65.38,0.1,-0.8710204081632653,True,False,True,0.05,False,MODERATE
059,89,2026-01-26 17:00:00,65.38,0.1,-0.8528571428571429,True,False,True,0.05,False,MODERATE
059,90,2026-01-26 18:00:00,65.38,0.2,-0.8451020408163266,True,False,True,0.05,False,MODERATE
059,91,2026-01-26 19:00:00,65.38,0.2,-0.8312244897959183,True,False,True,0.05,False,MODERATE
059,92,2026-01-26 20:00:00,174.4,0.2,-0.8253061224489797,True,False,True,0.05,False,MODERATE
059,93,2026-01-26 21:00:00,215.26,0.2,-0.8189795918367347,True,False,True,0.05,False,MODERATE
059,94,2026-01-26 22:00:00,607.13,0.2,-0.8240816326530612,True,False,True,0.05,False,MODERATE
059,95,2026-01-26 23:00:00,607.13,0.2,-0.8097959183673471,True,False,True,0.05,False,MODERATE
059,96,2026-01-27 00:00:00,607.13,0.2,-0.8051020408163264,True,False,True,0.05,False,MODERATE
059,97,2026-01-27 01:00:00,607.13,0.2,-0.7997959183673468,True,False,True,0.05,False,MODERATE
059,98,2026-01-27 02:00:00,607.13,0.3,-0.7924489795918367,True,False,True,0.05,False,MODERATE
059,99,2026-01-27 03:00:00,607.13,0.3,-0.803265306122449,True,False,True,0.05,False,MODERATE
059,100,2026-01-27 04:00:00,607.13,0.3,-0.7953061224489797,True,False,True,0.05,False,MODERATE
059,101,2026-01-27 05:00:00,607.13,0.3,-0.7965306122448981,True,False,True,0.05,False,MODERATE
059,102,2026-01-27 06:00:00,46.9,0.3,-0.773265306122449,True,False,True,0.05,False,MODERATE
059,103,2026-01-27 07:00:00,66.84,0.3,-0.7791836734693879,True,False,True,0.05,False,MODERATE
059,104,2026-01-27 08:00:00,66.84,0.3,-0.7732653061224488,True,False,True,0.05,False,MODERATE
059,105,2026-01-27 09:00:00,66.84,0.3,-0.7734693877551019,True,False,True,0.05,False,MODERATE
059,106,2026-01-27 10:00:00,66.84,0.2,-0.7642857142857142,True,False,True,0.05,False,MODERATE
059,107,2026-01-27 11:00:00,66.84,0.2,-0.746530612244898,True,False,True,0.05,False,MODERATE
059,108,2026-01-27 12:00:00,66.84,0.2,-0.7493877551020408,True,False,True,0.05,False,MODERATE
059,109,2026-01-27 13:00:00,66.84,0.2,-0.746734693877551,True,False,True,0.05,False,MODERATE
059,110,2026-01-27 14:00:00,66.84,0.2,-0.7404081632653061,True,False,True,0.05,False,MODERATE
059,111,2026-01-27 15:00:00,1.6,0.2,-0.7371428571428571,True,True,True,0.05,False,MODERATE
059,112,2026-01-27 16:00:00,1.6,0.2,-0.7359183673469388,True,True,True,0.05,False,MODERATE
059,113,2026-01-27 17:00:00,1.6,0.2,-0.7353061224489794,True,True,True,0.05,False,MODERATE
059,114,2026-01-27 18:00:00,1.6,0.2,-0.7434693877551021,True,True,True,0.05,False,MODERATE
059,115,2026-01-27 19:00:00,1.43,0.2,-0.7444897959183674,True,True,True,0.05,False,MODERATE
059,116,2026-01-27 20:00:00,1.43,0.2,-0.726734693877551,True,True,True,0.05,False,MODERATE
059,117,2026-01-27 21:00:00,1.51,0.2,-0.7228571428571428,True,True,True,0.05,False,MODERATE
059,118,2026-01-27 22:00:00,291.04,0.2,-0.7214285714285714,True,False,True,0.05,False,MODERATE
060,1,2026-03-14 16:00:00,5.21,2.8,-0.09142857142857143,True,True,True,0.0,False,MILD
060,2,2026-03-14 17:00:00,7.0,2.8,-0.07076923076923078,True,True,True,0.0,False,MILD
060,3,2026-03-14 18:00:00,7.0,2.8,-0.06842105263157894,True,True,True,0.0,False,MILD
060,4,2026-03-14 19:00:00,7.0,3.1,-0.04880000000000001,True,False,True,0.0,False,MILD
060,5,2026-03-14 20:00:00,7.0,3.1,-0.06419354838709677,True,False,True,0.0,False,MILD
060,6,2026-03-14 21:00:00,7.31,3.1,-0.08162162162162163,True,False,True,0.0,False,MILD
060,7,2026-03-14 22:00:00,8.77,3.1,-0.09186046511627907,True,False,True,0.0,False,MILD
060,8,2026-03-14 23:00:00,8.77,3.1,-0.10489795918367348,True,False,True,0.0,False,MILD
060,9,2026-03-15 00:00:00,8.77,3.1,-0.11612244897959184,True,False,True,0.0,False,MILD
060,10,2026-03-15 01:00:00,8.77,3.1,-0.12285714285714285,True,False,True,0.0,False,MILD
060,11,2026-03-15 02:00:00,8.77,3.1,-0.13938775510204082,True,False,True,0.0,False,MILD
060,12,2026-03-15 03:00:00,8.77,3.1,-0.16489795918367348,True,False,True,0.05,False,MILD
060,13,2026-03-15 04:00:00,8.77,2.6,-0.18122448979591835,True,True,False,0.05,False,MILD
060,14,2026-03-15 05:00:00,8.77,2.6,-0.19244897959183674,True,True,False,0.05,False,MILD
060,15,2026-03-15 06:00:00,58.38,1.7,-0.1985714285714286,True,False,True,0.05,False,MILD
060,16,2026-03-15 07:00:00,157.81,1.7,-0.19795918367346937,True,False,True,0.05,False,MILD
060,17,2026-03-15 08:00:00,157.81,0.8,-0.2042857142857143,True,False,True,0.05,False,MILD
060,18,2026-03-15 09:00:00,157.81,0.6,-0.21795918367346942,True,False,True,0.05,False,MILD
060,19,2026-03-15 10:00:00,157.81,0.6,-0.23387755102040814,True,False,True,0.05,False,MILD
060,20,2026-03-15 11:00:00,157.81,0.6,-0.24714285714285714,True,False,True,0.05,False,MILD
060,21,2026-03-15 12:00:00,157.81,0.6,-0.24938775510204078,True,False,True,0.05,False,MILD
060,22,2026-03-15 13:00:00,157.81,0.6,-0.2510204081632654,True,False,True,0.05,False,MILD
060,23,2026-03-15 14:00:00,157.81,0.6,-0.25448979591836735,True,False,True,0.05,False,MILD
060,24,2026-03-15 15:00:00,157.81,0.6,-0.25918367346938775,True,False,True,0.05,False,MILD
060,25,2026-03-15 16:00:00,10.94,0.8,-0.2565306122448979,True,False,True,0.05,False,MILD
060,26,2026-03-15 17:00:00,10.94,0.8,-0.253469387755102,True,False,True,0.05,False,MILD
060,27,2026-03-15 18:00:00,10.94,0.8,-0.25204081632653064,True,False,True,0.05,False,MILD
060,28,2026-03-15 19:00:00,10.94,0.8,-0.256530612244898,True,False,True,0.05,False,MILD
060,29,2026-03-15 20:00:00,72.11,0.9,-0.25775510204081636,True,False,True,0.05,False,MILD
060,30,2026-03-15 21:00:00,72.11,0.9,-0.2628571428571429,True,False,True,0.05,False,MILD
060,31,2026-03-15 22:00:00,72.11,0.9,-0.26755102040816325,True,False,True,0.05,False,MILD
060,32,2026-03-15 23:00:00,72.11,0.9,-0.27979591836734696,True,False,True,0.05,False,MILD
060,33,2026-03-16 00:00:00,72.11,0.9,-0.28285714285714286,True,False,True,0.05,False,MILD
060,34,2026-03-16 01:00:00,72.11,0.9,-0.28,True,False,True,0.05,False,MILD
060,35,2026-03-16 02:00:00,72.11,0.9,-0.2885714285714286,True,False,True,0.05,False,MILD
060,36,2026-03-16 03:00:00,72.11,0.9,-0.27816326530612245,True,False,True,0.05,False,MILD
060,37,2026-03-16 04:00:00,19.47,0.9,-0.27877551020408164,True,False,True,0.05,False,MILD
060,38,2026-03-16 05:00:00,19.47,0.8,-0.28816326530612246,True,False,True,0.05,False,MILD
060,39,2026-03-16 06:00:00,19.47,0.5,-0.28816326530612246,True,False,True,0.05,False,MILD
060,40,2026-03-16 07:00:00,19.47,0.5,-0.28061224489795916,True,False,True,0.05,False,MILD
060,41,2026-03-16 08:00:00,19.47,0.3,-0.2891836734693878,True,False,True,0.05,False,MILD
060,42,2026-03-16 09:00:00,19.47,0.2,-0.29612244897959183,True,False,True,0.05,False,MILD
060,43,2026-03-16 10:00:00,1.21,0.2,-0.29714285714285715,True,True,False,0.05,False,MILD
060,44,2026-03-16 11:00:00,285.52,0.2,-0.2969387755102041,True,False,True,0.05,False,MILD
060,45,2026-03-16 12:00:00,285.52,0.2,-0.3026530612244898,True,False,True,0.05,False,MILD
060,46,2026-03-16 13:00:00,285.52,0.2,-0.3036734693877551,True,False,True,0.05,False,MILD
060,47,2026-03-16 14:00:00,285.52,0.2,-0.30673469387755103,True,False,True,0.05,False,MILD
060,48,2026-03-16 15:00:00,285.52,0.2,-0.31775510204081636,True,False,True,0.05,False,MILD
060,49,2026-03-16 16:00:00,285.52,0.2,-0.319795918367347,True,False,True,0.05,False,MILD
060,50,2026-03-16 17:00:00,285.52,0.2,-0.3312244897959184,True,False,True,0.05,False,MILD
060,51,2026-03-16 18:00:00,285.52,0.2,-0.34265306122448985,True,False,True,0.05,False,MILD
060,52,2026-03-16 19:00:00,46.75,0.2,-0.36204081632653057,True,False,True,0.05,False,MILD
060,53,2026-03-16 20:00:00,46.75,0.2,-0.3626530612244898,True,False,True,0.05,False,MILD
060,54,2026-03-16 21:00:00,33.16,0.2,-0.3626530612244898,True,False,True,0.05,False,MILD
060,55,2026-03-16 22:00:00,86.46,0.2,-0.3595918367346939,True,False,True,0.05,False,MILD
060,56,2026-03-16 23:00:00,86.46,0.2,-0.35428571428571426,True,False,True,0.05,False,MILD
060,57,2026-03-17 00:00:00,86.46,0.2,-0.34938775510204084,True,False,True,0.05,False,MILD
060,58,2026-03-17 01:00:00,86.46,0.2,-0.3516326530612245,True,False,True,0.05,False,MILD
060,59,2026-03-17 02:00:00,86.46,0.2,-0.34857142857142853,True,False,True,0.05,False,MILD
060,60,2026-03-17 03:00:00,86.46,0.2,-0.34428571428571425,True,False,True,0.05,False,MILD
060,61,2026-03-17 04:00:00,86.46,0.2,-0.3628571428571429,True,False,True,0.05,False,MILD
060,62,2026-03-17 05:00:00,86.46,0.2,-0.3744897959183674,True,False,True,0.05,False,MILD
060,63,2026-03-17 06:00:00,86.46,0.2,-0.3940816326530611,True,False,True,0.05,False,MILD
060,64,2026-03-17 07:00:00,55.69,0.2,-0.4228571428571428,True,False,True,0.05,False,MILD
060,65,2026-03-17 08:00:00,54.35,0.2,-0.4479591836734694,True,False,True,0.05,False,MILD
060,66,2026-03-17 09:00:00,54.35,0.2,-0.4689795918367347,True,False,True,0.05,False,MILD
060,67,2026-03-17 10:00:00,54.35,0.2,-0.4806122448979592,True,False,True,0.05,False,MILD
060,68,2026-03-17 11:00:00,54.35,0.2,-0.49510204081632647,True,False,True,0.05,False,MILD
060,69,2026-03-17 12:00:00,54.35,0.2,-0.5048979591836735,True,False,True,0.05,False,MILD
060,70,2026-03-17 13:00:00,47.24,0.2,-0.5251020408163265,True,False,True,0.05,False,MILD
060,71,2026-03-17 14:00:00,47.24,0.2,-0.5326530612244897,True,False,True,0.05,False,MILD
060,72,2026-03-17 15:00:00,47.24,0.2,-0.5373469387755102,True,False,True,0.05,False,MILD
060,73,2026-03-17 16:00:00,47.24,0.2,-0.5442857142857143,True,False,True,0.05,False,MILD
060,74,2026-03-17 17:00:00,595.01,0.2,-0.5577551020408164,True,False,True,0.05,False,MILD
060,75,2026-03-17 18:00:00,595.01,0.2,-0.5728571428571428,True,False,True,0.05,False,MILD
060,76,2026-03-17 19:00:00,595.01,0.2,-0.5797959183673469,True,False,True,0.05,False,MILD
060,77,2026-03-17 20:00:00,595.01,0.1,-0.5910204081632653,True,False,True,0.05,False,MILD
060,78,2026-03-17 21:00:00,595.01,0.1,-0.5908163265306123,True,False,True,0.05,False,MILD
060,79,2026-03-17 22:00:00,595.01,0.2,-0.5926530612244898,True,False,True,0.05,False,MILD
060,80,2026-03-17 23:00:00,595.01,0.2,-0.5887755102040816,True,False,True,0.05,False,MILD
060,81,2026-03-18 00:00:00,595.01,0.2,-0.5797959183673469,True,False,True,0.05,False,MILD
060,82,2026-03-18 01:00:00,1.69,0.2,-0.5718367346938775,True,True,True,0.05,False,MILD
060,83,2026-03-18 02:00:00,1.69,0.2,-0.5716326530612246,True,True,True,0.05,False,MILD
060,84,2026-03-18 03:00:00,1.69,0.2,-0.5781632653061224,True,True,True,0.05,False,MILD
060,85,2026-03-18 04:00:00,193.5,0.2,-0.5773469387755101,True,False,True,0.05,False,MILD
060,86,2026-03-18 05:00:00,193.5,0.2,-0.573469387755102,True,False,True,0.05,False,MILD
060,87,2026-03-18 06:00:00,193.5,0.2,-0.5740816326530612,True,False,True,0.05,False,MILD
060,88,2026-03-18 07:00:00,193.5,0.2,-0.5818367346938775,True,False,True,0.05,False,MILD
060,89,2026-03-18 08:00:00,193.5,0.2,-0.5820408163265306,True,False,True,0.05,False,MILD
060,90,2026-03-18 09:00:00,193.5,0.2,-0.5910204081632654,True,False,True,0.05,False,MILD
060,91,2026-03-18 10:00:00,193.5,0.2,-0.5851020408163266,True,False,True,0.05,False,MILD
060,92,2026-03-18 11:00:00,193.5,0.2,-0.5759183673469388,True,False,True,0.05,False,MILD
060,93,2026-03-18 12:00:00,1.46,0.2,-0.5655102040816327,True,True,True,0.05,False,MILD
060,94,2026-03-18 13:00:00,1.46,0.3,-0.5626530612244898,True,True,True,0.05,False,MILD
060,95,2026-03-18 14:00:00,1.46,0.3,-0.553469387755102,True,True,True,0.05,False,MILD
060,96,2026-03-18 15:00:00,1.46,0.3,-0.549795918367347,True,True,True,0.05,False,MILD
060,97,2026-03-18 16:00:00,1.46,0.3,-0.5518367346938775,True,True,True,0.05,False,MILD
060,98,2026-03-18 17:00:00,1.4,0.3,-0.5477551020408163,True,True,True,0.05,False,MILD
061,1,2026-04-03 07:00:00,9.24,1.4,-0.2857142857142857,True,True,True,0.0,False,MILD
061,2,2026-04-03 08:00:00,9.24,1.8,-0.3015384615384616,True,True,True,0.0,False,MILD
061,3,2026-04-03 09:00:00,9.24,2.7,-0.2957894736842105,True,True,True,0.0,False,MILD
061,4,2026-04-03 10:00:00,9.24,2.7,-0.2868,True,True,False,0.0,False,MILD
061,5,2026-04-03 11:00:00,9.24,2.7,-0.30096774193548387,True,True,False,0.0,False,MILD
061,6,2026-04-03 12:00:00,9.24,2.7,-0.30675675675675673,True,True,False,0.0,False,MILD
061,7,2026-04-03 13:00:00,9.24,2.7,-0.3058139534883721,True,True,False,0.0,False,MILD
061,8,2026-04-03 14:00:00,9.24,2.7,-0.3148979591836735,True,True,False,0.0,False,MILD
061,9,2026-04-03 15:00:00,7.97,2.7,-0.31285714285714283,True,True,False,0.0,False,MILD
061,10,2026-04-03 16:00:00,7.97,2.7,-0.3191836734693878,True,True,False,0.0,False,MILD
061,11,2026-04-03 17:00:00,7.97,2.7,-0.3279591836734694,True,True,False,0.0,False,MILD
061,12,2026-04-03 18:00:00,103.14,1.1,-0.33081632653061227,True,False,True,0.05,False,MILD
061,13,2026-04-03 19:00:00,103.14,0.9,-0.3261224489795918,True,False,True,0.05,False,MILD
061,14,2026-04-03 20:00:00,103.14,0.8,-0.32020408163265307,True,False,True,0.05,False,MILD
061,15,2026-04-03 21:00:00,103.14,0.7,-0.3122448979591837,True,False,True,0.05,False,MILD
061,16,2026-04-03 22:00:00,159.81,0.7,-0.31673469387755104,True,False,True,0.05,False,MILD
061,17,2026-04-03 23:00:00,159.81,0.7,-0.3202040816326531,True,False,True,0.05,False,MILD
061,18,2026-04-04 00:00:00,159.81,0.7,-0.3159183673469388,True,False,True,0.05,False,MILD
061,19,2026-04-04 01:00:00,159.81,0.7,-0.3146938775510204,True,False,True,0.05,False,MILD
061,20,2026-04-04 02:00:00,159.81,0.7,-0.31163265306122456,True,False,True,0.05,False,MILD
061,21,2026-04-04 03:00:00,159.81,0.7,-0.3028571428571429,True,False,True,0.05,False,MILD
061,22,2026-04-04 04:00:00,159.81,0.6,-0.30448979591836733,True,False,True,0.05,False,MILD
061,23,2026-04-04 05:00:00,159.81,0.9,-0.30591836734693884,True,False,True,0.05,False,MILD
061,24,2026-04-04 06:00:00,2.96,0.9,-0.3006122448979592,True,True,False,0.05,False,MILD
061,25,2026-04-04 07:00:00,2.96,0.9,-0.2977551020408163,True,True,False,0.05,False,MILD
061,26,2026-04-04 08:00:00,2.96,0.9,-0.28510204081632656,True,True,False,0.05,False,MILD
061,27,2026-04-04 09:00:00,2.96,0.9,-0.27040816326530615,True,True,False,0.05,False,MILD
061,28,2026-04-04 10:00:00,2.96,0.9,-0.2622448979591837,True,True,False,0.05,False,MILD
061,29,2026-04-04 11:00:00,2.96,0.9,-0.25816326530612244,True,True,False,0.05,False,MILD
061,30,2026-04-04 12:00:00,2.51,0.9,-0.24387755102040817,True,True,False,0.05,False,MILD
061,31,2026-04-04 13:00:00,2.51,0.7,-0.23102040816326527,True,True,False,0.05,False,MILD
061,32,2026-04-04 14:00:00,1.23,0.2,-0.21999999999999997,True,True,False,0.05,False,MILD
061,33,2026-04-04 15:00:00,1.23,0.2,-0.20346938775510207,True,True,False,0.05,False,MILD
061,34,2026-04-04 16:00:00,1.12,0.2,-0.20061224489795917,True,True,False,0.05,False,MILD
061,35,2026-04-04 17:00:00,64.49,0.2,-0.1985714285714286,True,False,True,0.05,False,MILD
061,36,2026-04-04 18:00:00,64.49,0.2,-0.20122448979591837,True,False,True,0.05,False,MILD
061,37,2026-04-04 19:00:00,64.49,0.2,-0.22142857142857145,True,False,True,0.05,False,MILD
061,38,2026-04-04 20:00:00,64.49,0.2,-0.22836734693877553,True,False,True,0.05,False,MILD
061,39,2026-04-04 21:00:00,64.49,0.2,-0.23816326530612245,True,False,True,0.05,False,MILD
061,40,2026-04-04 22:00:00,68.66,0.2,-0.2512244897959184,True,False,True,0.05,False,MILD
061,41,2026-04-04 23:00:00,68.66,0.2,-0.2653061224489796,True,False,True,0.05,False,MILD
061,42,2026-04-05 00:00:00,68.66,0.2,-0.2777551020408163,True,False,True,0.05,False,MILD
061,43,2026-04-05 01:00:00,68.66,0.2,-0.30020408163265305,True,False,True,0.05,False,MILD
061,44,2026-04-05 02:00:00,68.66,0.2,-0.3051020408163265,True,False,True,0.05,False,MILD
061,45,2026-04-05 03:00:00,68.66,0.2,-0.30877551020408167,True,False,True,0.05,False,MILD
061,46,2026-04-05 04:00:00,68.66,0.2,-0.32,True,False,True,0.05,False,MILD
061,47,2026-04-05 05:00:00,68.66,0.2,-0.33265306122448973,True,False,True,0.05,False,MILD
061,48,2026-04-05 06:00:00,566.62,0.2,-0.33326530612244903,True,False,True,0.05,False,MILD
061,49,2026-04-05 07:00:00,566.62,0.2,-0.3324489795918367,True,False,True,0.05,False,MILD
061,50,2026-04-05 08:00:00,566.62,0.2,-0.3395918367346939,True,False,True,0.05,False,MILD
061,51,2026-04-05 09:00:00,566.62,0.2,-0.3355102040816327,True,False,True,0.05,False,MILD
061,52,2026-04-05 10:00:00,566.62,0.2,-0.32510204081632654,True,False,True,0.05,False,MILD
061,53,2026-04-05 11:00:00,566.62,0.2,-0.31142857142857144,True,False,True,0.05,False,MILD
061,54,2026-04-05 12:00:00,566.62,0.2,-0.29714285714285715,True,False,True,0.05,False,MILD
061,55,2026-04-05 13:00:00,566.62,0.2,-0.28755102040816327,True,False,True,0.05,False,MILD
061,56,2026-04-05 14:00:00,148.43,0.2,-0.2906122448979592,True,False,True,0.05,False,MILD
061,57,2026-04-05 15:00:00,148.43,0.2,-0.28816326530612246,True,False,True,0.05,False,MILD
061,58,2026-04-05 16:00:00,148.43,0.2,-0.2848979591836735,True,False,True,0.05,False,MILD
061,59,2026-04-05 17:00:00,148.43,0.2,-0.27387755102040817,True,False,True,0.05,False,MILD
061,60,2026-04-05 18:00:00,72.12,0.2,-0.2783673469387755,True,False,True,0.05,False,MILD
061,61,2026-04-05 19:00:00,72.12,0.2,-0.27755102040816326,True,False,True,0.05,False,MILD
061,62,2026-04-05 20:00:00,72.12,0.2,-0.2673469387755102,True,False,True,0.05,False,MILD
061,63,2026-04-05 21:00:00,72.12,0.2,-0.26265306122448984,True,False,True,0.05,False,MILD
061,64,2026-04-05 22:00:00,72.12,0.2,-0.2614285714285714,True,False,True,0.05,False,MILD
061,65,2026-04-05 23:00:00,72.12,0.2,-0.24816326530612245,True,False,True,0.05,False,MILD
061,66,2026-04-06 00:00:00,13.78,0.1,-0.23551020408163267,True,False,True,0.05,False,MILD
061,67,2026-04-06 01:00:00,13.78,0.1,-0.23938775510204083,True,False,True,0.05,False,MILD
061,68,2026-04-06 02:00:00,33.73,0.1,-0.23285714285714287,True,False,True,0.05,False,MILD
061,69,2026-04-06 03:00:00,33.73,0.1,-0.21999999999999997,True,False,True,0.05,False,MILD
061,70,2026-04-06 04:00:00,33.73,0.1,-0.22632653061224492,True,False,True,0.05,False,MILD
062,1,2026-03-03 19:00:00,3.88,0.7,-1.2928571428571427,True,True,True,0.0,False,MILD
062,2,2026-03-03 20:00:00,50.81,2.6,-1.2753846153846153,True,False,True,0.0,False,MILD
062,3,2026-03-03 21:00:00,50.81,2.6,-1.2773684210526313,True,False,True,0.0,False,MILD
062,4,2026-03-03 22:00:00,50.81,2.6,-1.2768,True,False,True,0.0,False,MILD
062,5,2026-03-03 23:00:00,50.81,2.6,-1.2874193548387098,True,False,True,0.0,False,MILD
062,6,2026-03-04 00:00:00,73.48,2.6,-1.280810810810811,True,False,True,0.0,False,MILD
062,7,2026-03-04 01:00:00,73.48,2.6,-1.2779069767441862,True,False,True,0.0,False,MILD
062,8,2026-03-04 02:00:00,73.48,2.6,-1.2746938775510204,True,False,True,0.0,False,MILD
062,9,2026-03-04 03:00:00,73.48,2.6,-1.2657142857142858,True,False,True,0.0,False,MILD
062,10,2026-03-04 04:00:00,73.48,2.6,-1.266122448979592,True,False,True,0.0,False,MILD
062,11,2026-03-04 05:00:00,73.48,2.4,-1.2687755102040814,True,False,True,0.0,False,MILD
062,12,2026-03-04 06:00:00,73.48,2.4,-1.262857142857143,True,False,True,0.05,False,MILD
062,13,2026-03-04 07:00:00,73.48,2.4,-1.2514285714285713,True,False,True,0.05,False,MILD
062,14,2026-03-04 08:00:00,54.29,2.4,-1.2530612244897958,True,False,True,0.05,False,MILD
062,15,2026-03-04 09:00:00,8.61,2.4,-1.2581632653061223,True,True,False,0.05,False,MILD
062,16,2026-03-04 10:00:00,8.61,2.4,-1.262857142857143,True,True,False,0.05,False,MILD
062,17,2026-03-04 11:00:00,5.38,2.4,-1.2622448979591836,True,True,False,0.05,False,MILD
062,18,2026-03-04 12:00:00,507.97,0.8,-1.2510204081632654,True,False,True,0.05,False,MILD
062,19,2026-03-04 13:00:00,507.97,0.8,-1.2381632653061225,True,False,True,0.05,False,MILD
062,20,2026-03-04 14:00:00,507.97,0.8,-1.2283673469387757,True,False,True,0.05,False,MILD
062,21,2026-03-04 15:00:00,507.97,0.8,-1.22,True,False,True,0.05,False,MILD
062,22,2026-03-04 16:00:00,507.97,0.6,-1.209183673469388,True,False,True,0.05,False,MILD
062,23,2026-03-04 17:00:00,507.97,0.6,-1.1895918367346938,True,False,True,0.05,False,MILD
062,24,2026-03-04 18:00:00,507.97,0.6,-1.1728571428571428,True,False,True,0.05,False,MILD
062,25,2026-03-04 19:00:00,507.97,0.7,-1.1716326530612244,True,False,True,0.05,False,MILD
062,26,2026-03-04 20:00:00,100.33,0.7,-1.1681632653061222,True,False,True,0.05,False,MILD
062,27,2026-03-04 21:00:00,100.33,0.7,-1.1706122448979592,True,False,True,0.05,False,MILD
062,28,2026-03-04 22:00:00,488.58,0.8,-1.1712244897959183,True,False,True,0.05,False,MILD
062,29,2026-03-04 23:00:00,488.58,0.8,-1.1642857142857141,True,False,True,0.05,False,MILD
062,30,2026-03-05 00:00:00,488.58,0.8,-1.1620408163265306,True,False,True,0.05,False,MILD
062,31,2026-03-05 01:00:00,488.58,0.8,-1.1744897959183673,True,False,True,0.05,False,MILD
062,32,2026-03-05 02:00:00,488.58,0.8,-1.1895918367346938,True,False,True,0.05,False,MILD
062,33,2026-03-05 03:00:00,488.58,0.8,-1.1918367346938776,True,False,True,0.05,False,MILD
062,34,2026-03-05 04:00:00,488.58,0.8,-1.1926530612244897,True,False,True,0.05,False,MILD
062,35,2026-03-05 05:00:00,488.58,0.8,-1.196734693877551,True,False,True,0.05,False,MILD
062,36,2026-03-05 06:00:00,19.27,0.7,-1.2028571428571428,True,False,True,0.05,False,MILD
062,37,2026-03-05 07:00:00,19.27,0.7,-1.2110204081632654,True,False,True,0.05,False,MILD
062,38,2026-03-05 08:00:00,19.27,0.7,-1.2181632653061225,True,False,True,0.05,False,MILD
062,39,2026-03-05 09:00:00,19.27,0.6,-1.2116326530612245,True,False,True,0.05,False,MILD
062,40,2026-03-05 10:00:00,19.27,0.6,-1.2077551020408164,True,False,True,0.05,False,MILD
062,41,2026-03-05 11:00:00,19.27,0.6,-1.210408163265306,True,False,True,0.05,False,MILD
062,42,2026-03-05 12:00:00,19.27,0.6,-1.2344897959183674,True,False,True,0.05,False,MILD
062,43,2026-03-05 13:00:00,320.1,0.6,-1.2451020408163265,True,False,True,0.05,False,MILD
062,44,2026-03-05 14:00:00,320.1,0.2,-1.253265306122449,True,False,True,0.05,False,MILD
062,45,2026-03-05 15:00:00,320.1,0.2,-1.263877551020408,True,False,True,0.05,False,MILD
062,46,2026-03-05 16:00:00,320.1,0.2,-1.2691836734693878,True,False,True,0.05,False,MILD
062,47,2026-03-05 17:00:00,320.1,0.2,-1.2953061224489795,True,False,True,0.05,False,MILD
062,48,2026-03-05 18:00:00,320.1,0.2,-1.3051020408163265,True,False,True,0.05,False,MILD
062,49,2026-03-05 19:00:00,320.1,0.2,-1.3073469387755103,True,False,True,0.05,False,MILD
062,50,2026-03-05 20:00:00,320.1,0.2,-1.296938775510204,True,False,True,0.05,False,MILD
062,51,2026-03-05 21:00:00,258.16,0.2,-1.2924489795918368,True,False,True,0.05,False,MILD
062,52,2026-03-05 22:00:00,258.16,0.2,-1.2910204081632652,True,False,True,0.05,False,MILD
062,53,2026-03-05 23:00:00,258.16,0.2,-1.2908163265306123,True,False,True,0.05,False,MILD
062,54,2026-03-06 00:00:00,1.39,0.2,-1.2944897959183674,True,True,False,0.05,False,MILD
062,55,2026-03-06 01:00:00,1.21,0.2,-1.269591836734694,True,True,False,0.05,False,MILD
062,56,2026-03-06 02:00:00,1.21,0.2,-1.246938775510204,True,True,False,0.05,False,MILD
062,57,2026-03-06 03:00:00,523.54,0.2,-1.2253061224489796,True,False,True,0.05,False,MILD
062,58,2026-03-06 04:00:00,523.54,0.2,-1.2128571428571429,True,False,True,0.05,False,MILD
062,59,2026-03-06 05:00:00,523.54,0.2,-1.2089795918367345,True,False,True,0.05,False,MILD
062,60,2026-03-06 06:00:00,523.54,0.2,-1.1953061224489796,True,False,True,0.05,False,MILD
062,61,2026-03-06 07:00:00,523.54,0.2,-1.1757142857142857,True,False,True,0.05,False,MILD
062,62,2026-03-06 08:00:00,523.54,0.2,-1.163061224489796,True,False,True,0.05,False,MILD
062,63,2026-03-06 09:00:00,523.54,0.2,-1.1675510204081634,True,False,True,0.05,False,MILD
062,64,2026-03-06 10:00:00,523.54,0.2,-1.1773469387755102,True,False,True,0.05,False,MILD
062,65,2026-03-06 11:00:00,38.68,0.2,-1.1836734693877553,True,False,True,0.05,False,MILD
062,66,2026-03-06 12:00:00,38.68,0.2,-1.1726530612244896,True,False,True,0.05,False,MILD
062,67,2026-03-06 13:00:00,38.68,0.2,-1.163061224489796,True,False,True,0.05,False,MILD
062,68,2026-03-06 14:00:00,1.92,0.2,-1.1540816326530614,True,True,False,0.05,False,MILD
062,69,2026-03-06 15:00:00,1.41,0.2,-1.1389795918367347,True,True,False,0.05,False,MILD
062,70,2026-03-06 16:00:00,1.32,0.2,-1.127142857142857,True,True,False,0.05,False,MILD
062,71,2026-03-06 17:00:00,338.83,0.2,-1.1136734693877552,True,False,True,0.05,False,MILD
062,72,2026-03-06 18:00:00,338.83,0.2,-1.100204081632653,True,False,True,0.05,False,MILD
062,73,2026-03-06 19:00:00,338.83,0.2,-1.086326530612245,True,False,True,0.05,False,MILD
062,74,2026-03-06 20:00:00,338.83,0.2,-1.0753061224489795,True,False,True,0.05,False,MILD
062,75,2026-03-06 21:00:00,338.83,0.2,-1.0685714285714285,True,False,True,0.05,False,MILD
062,76,2026-03-06 22:00:00,338.83,0.2,-1.0640816326530613,True,False,True,0.05,False,MILD
062,77,2026-03-06 23:00:00,338.83,0.2,-1.056326530612245,True,False,True,0.05,False,MILD
062,78,2026-03-07 00:00:00,338.83,0.2,-1.0446938775510204,True,False,True,0.05,False,MILD
062,79,2026-03-07 01:00:00,102.65,0.2,-1.029591836734694,True,False,True,0.05,False,MILD
062,80,2026-03-07 02:00:00,102.65,0.2,-0.9995918367346938,True,False,True,0.05,False,MILD
062,81,2026-03-07 03:00:00,102.65,0.1,-0.9873469387755103,True,False,True,0.05,False,MILD
062,82,2026-03-07 04:00:00,102.65,0.1,-0.9746938775510205,True,False,True,0.05,False,MILD
062,83,2026-03-07 05:00:00,102.65,0.1,-0.9563265306122449,True,False,True,0.05,False,MILD
062,84,2026-03-07 06:00:00,102.65,0.1,-0.9522448979591837,True,False,True,0.05,False,MILD
062,85,2026-03-07 07:00:00,102.65,0.1,-0.9571428571428571,True,False,True,0.05,False,MILD
062,86,2026-03-07 08:00:00,1.37,0.1,-0.966734693877551,True,True,True,0.05,False,MILD
062,87,2026-03-07 09:00:00,1.37,0.1,-0.966530612244898,True,True,True,0.05,False,MILD
062,88,2026-03-07 10:00:00,1.25,0.2,-0.9759183673469388,True,True,True,0.05,False,MILD
062,89,2026-03-07 11:00:00,1.25,0.2,-0.9830612244897958,True,True,True,0.05,False,MILD
062,90,2026-03-07 12:00:00,1.21,0.2,-0.989795918367347,True,True,True,0.05,False,MILD
062,91,2026-03-07 13:00:00,1.21,0.2,-0.9983673469387754,True,True,True,0.05,False,MILD
062,92,2026-03-07 14:00:00,1.21,0.2,-0.9814285714285715,True,True,True,0.05,False,MILD
062,93,2026-03-07 15:00:00,1.21,0.2,-0.9704081632653062,True,True,True,0.05,False,MILD
062,94,2026-03-07 16:00:00,1.21,0.2,-0.9593877551020408,True,True,True,0.05,False,MILD
062,95,2026-03-07 17:00:00,1.26,0.2,-0.9689795918367348,True,True,True,0.05,False,MILD
062,96,2026-03-07 18:00:00,1.26,0.2,-0.9720408163265306,True,True,True,0.05,False,MILD
062,97,2026-03-07 19:00:00,1.26,0.2,-0.9661224489795918,True,True,True,0.05,False,MILD
062,98,2026-03-07 20:00:00,1.26,0.2,-0.9548979591836735,True,True,True,0.05,False,MILD
062,99,2026-03-07 21:00:00,1.26,0.2,-0.9475510204081634,True,True,True,0.05,False,MILD
062,100,2026-03-07 22:00:00,1.26,0.2,-0.9491836734693878,True,True,True,0.05,True,MILD
062,101,2026-03-07 23:00:00,164.95,0.2,-0.9424489795918367,True,False,True,0.05,False,MILD
062,102,2026-03-08 00:00:00,164.95,0.2,-0.9312244897959185,True,False,True,0.05,False,MILD
062,103,2026-03-08 01:00:00,164.95,0.2,-0.9140816326530613,True,False,True,0.05,False,MILD
062,104,2026-03-08 02:00:00,164.95,0.2,-0.9026530612244897,True,False,True,0.05,False,MILD
062,105,2026-03-08 03:00:00,164.95,0.2,-0.9071428571428573,True,False,True,0.05,False,MILD
063,1,2026-02-06 07:00:00,2.6,0.8,-0.4557142857142858,True,True,True,0.0,False,MODERATE
063,2,2026-02-06 08:00:00,5.58,2.0,-0.4453846153846154,True,True,True,0.0,False,MODERATE
063,3,2026-02-06 09:00:00,7.61,2.1,-0.4463157894736842,True,True,True,0.0,False,MODERATE
063,4,2026-02-06 10:00:00,7.61,3.0,-0.4424,True,True,False,0.0,False,MODERATE
063,5,2026-02-06 11:00:00,7.61,3.0,-0.4406451612903226,True,True,False,0.0,False,MODERATE
063,6,2026-02-06 12:00:00,7.61,3.0,-0.43729729729729727,True,True,False,0.0,False,MODERATE
063,7,2026-02-06 13:00:00,7.61,3.0,-0.44093023255813946,True,True,False,0.0,False,MODERATE
063,8,2026-02-06 14:00:00,7.61,3.0,-0.4379591836734694,True,True,False,0.0,False,MODERATE
063,9,2026-02-06 15:00:00,7.61,3.0,-0.4379591836734695,True,True,False,0.0,False,MODERATE
063,10,2026-02-06 16:00:00,128.39,3.0,-0.43938775510204076,True,False,True,0.0,False,MODERATE
063,11,2026-02-06 17:00:00,128.39,3.0,-0.4414285714285714,True,False,True,0.0,False,MODERATE
063,12,2026-02-06 18:00:00,128.39,2.0,-0.43163265306122445,True,False,True,0.05,False,MODERATE
063,13,2026-02-06 19:00:00,128.39,0.5,-0.4328571428571429,True,False,True,0.05,False,MODERATE
063,14,2026-02-06 20:00:00,128.39,0.5,-0.4295918367346938,True,False,True,0.05,False,MODERATE
063,15,2026-02-06 21:00:00,128.39,0.5,-0.4177551020408164,True,False,True,0.05,False,MODERATE
063,16,2026-02-06 22:00:00,128.39,0.7,-0.4091836734693878,True,False,True,0.05,False,MODERATE
063,17,2026-02-06 23:00:00,128.39,0.7,-0.3977551020408164,True,False,True,0.05,False,MODERATE
063,18,2026-02-07 00:00:00,686.49,0.7,-0.3981632653061225,True,False,True,0.05,False,MODERATE
063,19,2026-02-07 01:00:00,686.49,0.7,-0.3902040816326531,True,False,True,0.05,False,MODERATE
063,20,2026-02-07 02:00:00,686.49,0.7,-0.3953061224489796,True,False,True,0.05,False,MODERATE
063,21,2026-02-07 03:00:00,686.49,0.7,-0.3922448979591837,True,False,True,0.05,False,MODERATE
063,22,2026-02-07 04:00:00,686.49,0.7,-0.3940816326530613,True,False,True,0.05,False,MODERATE
063,23,2026-02-07 05:00:00,686.49,0.7,-0.39755102040816326,True,False,True,0.05,False,MODERATE
063,24,2026-02-07 06:00:00,686.49,0.7,-0.40775510204081633,True,False,True,0.05,False,MODERATE
063,25,2026-02-07 07:00:00,686.49,0.3,-0.4183673469387754,True,False,True,0.05,False,MODERATE
063,26,2026-02-07 08:00:00,212.4,0.2,-0.4216326530612245,True,False,True,0.05,False,MODERATE
063,27,2026-02-07 09:00:00,212.4,0.2,-0.43428571428571433,True,False,True,0.05,False,MODERATE
063,28,2026-02-07 10:00:00,212.4,0.2,-0.42755102040816323,True,False,True,0.05,False,MODERATE
063,29,2026-02-07 11:00:00,212.4,0.2,-0.43673469387755104,True,False,True,0.05,False,MODERATE
063,30,2026-02-07 12:00:00,212.4,0.2,-0.4469387755102041,True,False,True,0.05,False,MODERATE
063,31,2026-02-07 13:00:00,212.4,0.2,-0.45734693877551014,True,False,True,0.05,False,MODERATE
063,32,2026-02-07 14:00:00,1.67,0.2,-0.4724489795918367,True,True,False,0.05,False,MODERATE
063,33,2026-02-07 15:00:00,1.67,0.2,-0.4830612244897959,True,True,False,0.05,False,MODERATE
063,34,2026-02-07 16:00:00,1.67,0.2,-0.4981632653061224,True,True,False,0.05,False,MODERATE
063,35,2026-02-07 17:00:00,1.67,0.1,-0.5248979591836734,True,True,False,0.05,False,MODERATE
063,36,2026-02-07 18:00:00,1.67,0.1,-0.556530612244898,True,True,False,0.05,False,MODERATE
063,37,2026-02-07 19:00:00,1.67,0.1,-0.5755102040816327,True,True,False,0.05,False,MODERATE
063,38,2026-02-07 20:00:00,1.52,0.1,-0.5895918367346938,True,True,False,0.05,False,MODERATE
063,39,2026-02-07 21:00:00,1.42,0.2,-0.610204081632653,True,True,False,0.05,False,MODERATE
063,40,2026-02-07 22:00:00,1.45,0.2,-0.6161224489795918,True,True,False,0.05,False,MODERATE
063,41,2026-02-07 23:00:00,1.7,0.2,-0.6216326530612246,True,True,False,0.05,False,MODERATE
063,42,2026-02-08 00:00:00,229.82,0.2,-0.6191836734693877,True,False,True,0.05,False,MODERATE
063,43,2026-02-08 01:00:00,229.82,0.2,-0.616938775510204,True,False,True,0.05,False,MODERATE
063,44,2026-02-08 02:00:00,229.82,0.2,-0.6138775510204081,True,False,True,0.05,False,MODERATE
063,45,2026-02-08 03:00:00,229.82,0.2,-0.6175510204081633,True,False,True,0.05,False,MODERATE
063,46,2026-02-08 04:00:00,229.82,0.2,-0.6202040816326531,True,False,True,0.05,False,MODERATE
063,47,2026-02-08 05:00:00,726.12,0.2,-0.6148979591836734,True,False,True,0.05,False,MODERATE
063,48,2026-02-08 06:00:00,726.12,0.2,-0.6075510204081632,True,False,True,0.05,False,MODERATE
063,49,2026-02-08 07:00:00,726.12,0.2,-0.6161224489795919,True,False,True,0.05,False,MODERATE
063,50,2026-02-08 08:00:00,804.9,0.1,-0.6185714285714287,True,False,True,0.05,False,MODERATE
063,51,2026-02-08 09:00:00,804.9,0.1,-0.6226530612244897,True,False,True,0.05,False,MODERATE
063,52,2026-02-08 10:00:00,804.9,0.1,-0.6077551020408164,True,False,True,0.05,False,MODERATE
064,1,2026-05-15 14:00:00,8.68,2.7,-0.33,True,True,True,0.0,False,MILD
064,2,2026-05-15 15:00:00,8.68,2.7,-0.33999999999999997,True,True,True,0.0,False,MILD
064,3,2026-05-15 16:00:00,8.68,2.7,-0.3505263157894737,True,True,True,0.0,False,MILD
064,4,2026-05-15 17:00:00,30.45,2.7,-0.37479999999999997,True,False,True,0.0,False,MILD
064,5,2026-05-15 18:00:00,30.45,2.7,-0.38290322580645164,True,False,True,0.0,False,MILD
064,6,2026-05-15 19:00:00,30.45,2.7,-0.3848648648648649,True,False,True,0.0,False,MILD
064,7,2026-05-15 20:00:00,30.45,2.7,-0.3867441860465117,True,False,True,0.0,False,MILD
064,8,2026-05-15 21:00:00,30.45,2.7,-0.3946938775510204,True,False,True,0.0,False,MILD
064,9,2026-05-15 22:00:00,30.45,2.2,-0.4028571428571428,True,False,True,0.0,False,MILD
064,10,2026-05-15 23:00:00,30.45,1.0,-0.41040816326530616,True,False,True,0.0,False,MILD
064,11,2026-05-16 00:00:00,65.21,0.7,-0.42122448979591837,True,False,True,0.0,False,MILD
064,12,2026-05-16 01:00:00,75.89,0.7,-0.4251020408163266,True,False,True,0.05,False,MILD
064,13,2026-05-16 02:00:00,75.89,0.7,-0.4257142857142857,True,False,True,0.05,False,MILD
064,14,2026-05-16 03:00:00,75.89,0.7,-0.42265306122448987,True,False,True,0.05,False,MILD
064,15,2026-05-16 04:00:00,335.44,0.7,-0.43142857142857144,True,False,True,0.05,False,MILD
064,16,2026-05-16 05:00:00,335.44,0.7,-0.4344897959183674,True,False,True,0.05,False,MILD
064,17,2026-05-16 06:00:00,335.44,0.2,-0.44306122448979596,True,False,True,0.05,False,MILD
064,18,2026-05-16 07:00:00,335.44,0.2,-0.45346938775510204,True,False,True,0.05,False,MILD
064,19,2026-05-16 08:00:00,335.44,0.2,-0.44775510204081637,True,False,True,0.05,False,MILD
064,20,2026-05-16 09:00:00,335.44,0.2,-0.44326530612244897,True,False,True,0.05,False,MILD
064,21,2026-05-16 10:00:00,335.44,0.2,-0.44551020408163267,True,False,True,0.05,False,MILD
064,22,2026-05-16 11:00:00,335.44,0.2,-0.44755102040816325,True,False,True,0.05,False,MILD
064,23,2026-05-16 12:00:00,17.08,0.3,-0.45428571428571424,True,False,True,0.05,False,MILD
064,24,2026-05-16 13:00:00,1.92,0.3,-0.4530612244897959,True,True,True,0.05,True,MILD
065,1,2026-04-17 01:00:00,2.62,1.2,-0.49142857142857144,True,True,True,0.0,False,MILD
065,2,2026-04-17 02:00:00,6.28,1.6,-0.4453846153846153,True,True,True,0.0,False,MILD
065,3,2026-04-17 03:00:00,22.45,2.4,-0.44947368421052636,True,False,True,0.0,False,MILD
065,4,2026-04-17 04:00:00,22.45,2.4,-0.4468000000000001,True,False,True,0.0,False,MILD
065,5,2026-04-17 05:00:00,22.45,2.4,-0.4377419354838711,True,False,True,0.0,False,MILD
065,6,2026-04-17 06:00:00,22.45,2.4,-0.4389189189189189,True,False,True,0.0,False,MILD
065,7,2026-04-17 07:00:00,22.45,2.4,-0.43162790697674425,True,False,True,0.0,False,MILD
065,8,2026-04-17 08:00:00,22.45,2.5,-0.4308163265306123,True,False,True,0.0,False,MILD
065,9,2026-04-17 09:00:00,22.45,2.5,-0.41081632653061223,True,False,True,0.0,False,MILD
065,10,2026-04-17 10:00:00,22.45,2.5,-0.40571428571428575,True,False,True,0.0,False,MILD
065,11,2026-04-17 11:00:00,15.55,2.5,-0.39448979591836736,True,False,True,0.0,False,MILD
065,12,2026-04-17 12:00:00,4.88,2.5,-0.38204081632653064,True,True,False,0.05,False,MILD
065,13,2026-04-17 13:00:00,344.51,2.5,-0.3708163265306123,True,False,True,0.05,False,MILD
065,14,2026-04-17 14:00:00,344.51,2.5,-0.3704081632653062,True,False,True,0.05,False,MILD
065,15,2026-04-17 15:00:00,344.51,2.5,-0.3626530612244898,True,False,True,0.05,False,MILD
065,16,2026-04-17 16:00:00,344.51,2.4,-0.35367346938775507,True,False,True,0.05,False,MILD
065,17,2026-04-17 17:00:00,344.51,0.6,-0.36346938775510207,True,False,True,0.05,False,MILD
065,18,2026-04-17 18:00:00,344.51,0.7,-0.3793877551020408,True,False,True,0.05,False,MILD
065,19,2026-04-17 19:00:00,344.51,0.7,-0.39081632653061227,True,False,True,0.05,False,MILD
065,20,2026-04-17 20:00:00,344.51,0.7,-0.3936734693877551,True,False,True,0.05,False,MILD
065,21,2026-04-17 21:00:00,201.7,0.7,-0.40265306122448974,True,False,True,0.05,False,MILD
065,22,2026-04-17 22:00:00,201.7,0.7,-0.4026530612244898,True,False,True,0.05,False,MILD
065,23,2026-04-17 23:00:00,201.7,0.7,-0.4036734693877551,True,False,True,0.05,False,MILD
065,24,2026-04-18 00:00:00,201.7,0.7,-0.39795918367346944,True,False,True,0.05,False,MILD
065,25,2026-04-18 01:00:00,201.7,0.7,-0.38795918367346943,True,False,True,0.05,False,MILD
065,26,2026-04-18 02:00:00,201.7,0.7,-0.373265306122449,True,False,True,0.05,False,MILD
065,27,2026-04-18 03:00:00,201.7,0.5,-0.3638775510204082,True,False,True,0.05,False,MILD
065,28,2026-04-18 04:00:00,201.7,0.5,-0.3585714285714286,True,False,True,0.05,False,MILD
065,29,2026-04-18 05:00:00,3.3,0.5,-0.34938775510204084,True,True,False,0.05,False,MILD
065,30,2026-04-18 06:00:00,198.77,0.5,-0.34224489795918367,True,False,True,0.05,False,MILD
065,31,2026-04-18 07:00:00,198.77,0.5,-0.3559183673469388,True,False,True,0.05,False,MILD
065,32,2026-04-18 08:00:00,198.77,0.5,-0.36795918367346947,True,False,True,0.05,False,MILD
065,33,2026-04-18 09:00:00,198.77,0.5,-0.3685714285714286,True,False,True,0.05,False,MILD
065,34,2026-04-18 10:00:00,198.77,0.5,-0.37142857142857144,True,False,True,0.05,False,MILD
065,35,2026-04-18 11:00:00,198.77,0.5,-0.37183673469387746,True,False,True,0.05,False,MILD
065,36,2026-04-18 12:00:00,198.77,0.4,-0.366734693877551,True,False,True,0.05,False,MILD
065,37,2026-04-18 13:00:00,198.77,0.4,-0.35734693877551016,True,False,True,0.05,False,MILD
065,38,2026-04-18 14:00:00,2.6,0.4,-0.34489795918367344,True,True,False,0.05,False,MILD
065,39,2026-04-18 15:00:00,2.07,0.4,-0.32897959183673464,True,True,False,0.05,False,MILD
065,40,2026-04-18 16:00:00,2.07,0.4,-0.3024489795918367,True,True,False,0.05,False,MILD
065,41,2026-04-18 17:00:00,1.46,0.3,-0.2985714285714286,True,True,False,0.05,False,MILD
065,42,2026-04-18 18:00:00,117.87,0.2,-0.28489795918367344,True,False,True,0.05,False,MILD
065,43,2026-04-18 19:00:00,117.87,0.2,-0.27918367346938777,True,False,True,0.05,False,MILD
065,44,2026-04-18 20:00:00,117.87,0.2,-0.27387755102040817,True,False,True,0.05,False,MILD
065,45,2026-04-18 21:00:00,117.87,0.3,-0.2853061224489796,True,False,True,0.05,False,MILD
065,46,2026-04-18 22:00:00,117.87,0.3,-0.28591836734693876,True,False,True,0.05,False,MILD
065,47,2026-04-18 23:00:00,117.87,0.3,-0.29775510204081634,True,False,True,0.05,False,MILD
065,48,2026-04-19 00:00:00,117.87,0.3,-0.3063265306122449,True,False,True,0.05,False,MILD
065,49,2026-04-19 01:00:00,117.87,0.3,-0.30020408163265305,True,False,True,0.05,False,MILD
065,50,2026-04-19 02:00:00,117.87,0.3,-0.3071428571428571,True,False,True,0.05,False,MILD
065,51,2026-04-19 03:00:00,37.18,0.3,-0.32163265306122446,True,False,True,0.05,False,MILD
065,52,2026-04-19 04:00:00,37.18,0.3,-0.32653061224489793,True,False,True,0.05,False,MILD
065,53,2026-04-19 05:00:00,37.18,0.2,-0.34632653061224494,True,False,True,0.05,False,MILD
065,54,2026-04-19 06:00:00,37.18,0.2,-0.35836734693877553,True,False,True,0.05,False,MILD
065,55,2026-04-19 07:00:00,37.18,0.2,-0.35653061224489796,True,False,True,0.05,False,MILD
065,56,2026-04-19 08:00:00,37.18,0.2,-0.3659183673469388,True,False,True,0.05,False,MILD
065,57,2026-04-19 09:00:00,37.18,0.2,-0.38081632653061226,True,False,True,0.05,False,MILD
065,58,2026-04-19 10:00:00,1.73,0.2,-0.4106122448979592,True,True,False,0.05,False,MILD
065,59,2026-04-19 11:00:00,1.73,0.2,-0.4097959183673469,True,True,False,0.05,False,MILD
065,60,2026-04-19 12:00:00,1.73,0.2,-0.4104081632653061,True,True,False,0.05,False,MILD
065,61,2026-04-19 13:00:00,11.26,0.2,-0.39693877551020407,True,False,True,0.05,False,MILD
065,62,2026-04-19 14:00:00,208.78,0.2,-0.38551020408163267,True,False,True,0.05,False,MILD
065,63,2026-04-19 15:00:00,208.78,0.2,-0.39265306122448984,True,False,True,0.05,False,MILD
065,64,2026-04-19 16:00:00,208.78,0.2,-0.386326530612245,True,False,True,0.05,False,MILD
065,65,2026-04-19 17:00:00,208.78,0.2,-0.37612244897959185,True,False,True,0.05,False,MILD
065,66,2026-04-19 18:00:00,208.78,0.2,-0.3559183673469388,True,False,True,0.05,False,MILD
065,67,2026-04-19 19:00:00,208.78,0.3,-0.35020408163265304,True,False,True,0.05,False,MILD
065,68,2026-04-19 20:00:00,361.08,0.3,-0.3585714285714286,True,False,True,0.05,False,MILD
065,69,2026-04-19 21:00:00,361.08,0.3,-0.366734693877551,True,False,True,0.05,False,MILD
065,70,2026-04-19 22:00:00,361.08,0.3,-0.3757142857142857,True,False,True,0.05,False,MILD
065,71,2026-04-19 23:00:00,361.08,0.3,-0.37000000000000005,True,False,True,0.05,False,MILD
065,72,2026-04-20 00:00:00,361.08,0.3,-0.36755102040816334,True,False,True,0.05,False,MILD
065,73,2026-04-20 01:00:00,361.08,0.3,-0.37469387755102046,True,False,True,0.05,False,MILD
065,74,2026-04-20 02:00:00,361.08,0.3,-0.3687755102040816,True,False,True,0.05,False,MILD
065,75,2026-04-20 03:00:00,361.08,0.2,-0.3757142857142858,True,False,True,0.05,False,MILD
065,76,2026-04-20 04:00:00,78.08,0.2,-0.379795918367347,True,False,True,0.05,False,MILD
065,77,2026-04-20 05:00:00,78.08,0.2,-0.3753061224489796,True,False,True,0.05,False,MILD
065,78,2026-04-20 06:00:00,78.08,0.2,-0.3597959183673469,True,False,True,0.05,False,MILD
065,79,2026-04-20 07:00:00,78.08,0.2,-0.3544897959183674,True,False,True,0.05,False,MILD
065,80,2026-04-20 08:00:00,78.08,0.2,-0.35816326530612247,True,False,True,0.05,False,MILD
065,81,2026-04-20 09:00:00,88.37,0.2,-0.35714285714285715,True,False,True,0.05,False,MILD
065,82,2026-04-20 10:00:00,88.37,0.2,-0.3651020408163265,True,False,True,0.05,False,MILD
065,83,2026-04-20 11:00:00,256.39,0.2,-0.3593877551020408,True,False,True,0.05,False,MILD
065,84,2026-04-20 12:00:00,256.39,0.2,-0.36612244897959184,True,False,True,0.05,False,MILD
065,85,2026-04-20 13:00:00,256.39,0.2,-0.36571428571428577,True,False,True,0.05,False,MILD
065,86,2026-04-20 14:00:00,256.39,0.2,-0.37346938775510197,True,False,True,0.05,False,MILD
065,87,2026-04-20 15:00:00,256.39,0.2,-0.38285714285714284,True,False,True,0.05,False,MILD
065,88,2026-04-20 16:00:00,256.39,0.2,-0.38551020408163267,True,False,True,0.05,False,MILD
065,89,2026-04-20 17:00:00,256.39,0.2,-0.3822448979591836,True,False,True,0.05,False,MILD
065,90,2026-04-20 18:00:00,256.39,0.2,-0.3716326530612245,True,False,True,0.05,False,MILD
065,91,2026-04-20 19:00:00,1.58,0.2,-0.37,True,True,True,0.05,False,MILD
065,92,2026-04-20 20:00:00,86.88,0.2,-0.36857142857142855,True,False,True,0.05,False,MILD
065,93,2026-04-20 21:00:00,86.88,0.2,-0.36183673469387756,True,False,True,0.05,False,MILD
065,94,2026-04-20 22:00:00,86.88,0.2,-0.36755102040816323,True,False,True,0.05,False,MILD
065,95,2026-04-20 23:00:00,144.54,0.2,-0.37244897959183676,True,False,True,0.05,False,MILD
066,1,2026-03-20 04:00:00,4.97,2.1,0.26714285714285707,False,False,True,0.0,False,MILD
066,2,2026-03-20 05:00:00,4.97,2.1,0.2784615384615385,False,False,True,0.0,False,MILD
066,3,2026-03-20 06:00:00,4.97,2.3,0.258421052631579,False,False,True,0.0,False,MILD
066,4,2026-03-20 07:00:00,7.84,2.3,0.2788,False,False,True,0.0,False,MILD
066,5,2026-03-20 08:00:00,7.84,2.3,0.2793548387096774,False,False,True,0.0,False,MILD
066,6,2026-03-20 09:00:00,7.84,2.3,0.2921621621621622,False,False,True,0.0,False,MILD
066,7,2026-03-20 10:00:00,7.84,2.3,0.2890697674418605,False,False,True,0.0,False,MILD
066,8,2026-03-20 11:00:00,7.84,2.3,0.28551020408163263,False,False,True,0.0,False,MILD
066,9,2026-03-20 12:00:00,44.55,2.3,0.2944897959183674,False,False,True,0.0,False,MILD
066,10,2026-03-20 13:00:00,44.55,2.3,0.2914285714285714,False,False,True,0.0,False,MILD
066,11,2026-03-20 14:00:00,44.55,2.1,0.2926530612244898,False,False,True,0.0,False,MILD
066,12,2026-03-20 15:00:00,44.55,2.1,0.2777551020408163,False,False,True,0.05,False,MILD
066,13,2026-03-20 16:00:00,44.55,2.1,0.2693877551020408,False,False,True,0.05,False,MILD
066,14,2026-03-20 17:00:00,44.55,1.7,0.25530612244897954,False,False,True,0.05,False,MILD
066,15,2026-03-20 18:00:00,44.55,0.6,0.24836734693877546,False,False,True,0.05,False,MILD
066,16,2026-03-20 19:00:00,44.55,0.6,0.25265306122448977,False,False,True,0.05,False,MILD
066,17,2026-03-20 20:00:00,185.76,0.6,0.2463265306122449,False,False,True,0.05,False,MILD
066,18,2026-03-20 21:00:00,185.76,0.6,0.2406122448979592,False,False,True,0.05,False,MILD
066,19,2026-03-20 22:00:00,185.76,0.6,0.23693877551020406,False,False,True,0.05,False,MILD
066,20,2026-03-20 23:00:00,185.76,0.6,0.24367346938775514,False,False,True,0.05,False,MILD
066,21,2026-03-21 00:00:00,185.76,0.6,0.24367346938775514,False,False,True,0.05,False,MILD
066,22,2026-03-21 01:00:00,185.76,0.6,0.2542857142857143,False,False,True,0.05,False,MILD
066,23,2026-03-21 02:00:00,185.76,0.6,0.24448979591836736,False,False,True,0.05,False,MILD
066,24,2026-03-21 03:00:00,185.76,0.6,0.23020408163265305,False,False,True,0.05,False,MILD
066,25,2026-03-21 04:00:00,59.53,0.6,0.21714285714285717,False,False,True,0.05,False,MILD
066,26,2026-03-21 05:00:00,59.53,0.6,0.20163265306122446,False,False,True,0.05,False,MILD
066,27,2026-03-21 06:00:00,59.53,0.5,0.18510204081632653,False,False,True,0.05,False,MILD
066,28,2026-03-21 07:00:00,57.7,0.5,0.17551020408163265,False,False,True,0.05,False,MILD
066,29,2026-03-21 08:00:00,57.7,0.5,0.16938775510204082,False,False,True,0.05,False,MILD
066,30,2026-03-21 09:00:00,49.42,0.4,0.1679591836734694,False,False,True,0.05,False,MILD
066,31,2026-03-21 10:00:00,30.41,0.3,0.16979591836734695,False,False,True,0.05,False,MILD
066,32,2026-03-21 11:00:00,30.41,0.2,0.18244897959183676,False,False,True,0.05,False,MILD
066,33,2026-03-21 12:00:00,30.41,0.2,0.18571428571428572,False,False,True,0.05,False,MILD
066,34,2026-03-21 13:00:00,30.41,0.2,0.1963265306122449,False,False,True,0.05,False,MILD
066,35,2026-03-21 14:00:00,1.61,0.2,0.22428571428571425,False,False,True,0.05,False,MILD
066,36,2026-03-21 15:00:00,1.61,0.2,0.2387755102040816,False,False,True,0.05,False,MILD
066,37,2026-03-21 16:00:00,1.61,0.2,0.2606122448979592,False,False,True,0.05,False,MILD
066,38,2026-03-21 17:00:00,1.61,0.2,0.26224489795918365,False,False,True,0.05,False,MILD
066,39,2026-03-21 18:00:00,1.61,0.2,0.27224489795918366,False,False,True,0.05,False,MILD
066,40,2026-03-21 19:00:00,1.61,0.2,0.27346938775510204,False,False,True,0.05,False,MILD
066,41,2026-03-21 20:00:00,1.61,0.2,0.27040816326530615,False,False,True,0.05,False,MILD
066,42,2026-03-21 21:00:00,1.06,0.2,0.2683673469387755,False,False,True,0.05,False,MILD
066,43,2026-03-21 22:00:00,1.27,0.2,0.25591836734693874,False,False,True,0.05,False,MILD
066,44,2026-03-21 23:00:00,1.42,0.2,0.24489795918367346,False,False,True,0.05,False,MILD
066,45,2026-03-22 00:00:00,1.42,0.2,0.23285714285714287,False,False,True,0.05,False,MILD
066,46,2026-03-22 01:00:00,253.18,0.2,0.21857142857142858,False,False,True,0.05,False,MILD
066,47,2026-03-22 02:00:00,253.18,0.2,0.2,False,False,True,0.05,False,MILD
066,48,2026-03-22 03:00:00,253.18,0.2,0.19,False,False,True,0.05,False,MILD
066,49,2026-03-22 04:00:00,253.18,0.2,0.1779591836734694,False,False,True,0.05,False,MILD
066,50,2026-03-22 05:00:00,253.18,0.2,0.15346938775510202,False,False,True,0.05,False,MILD
066,51,2026-03-22 06:00:00,253.18,0.2,0.13285714285714284,False,False,True,0.05,False,MILD
066,52,2026-03-22 07:00:00,253.18,0.2,0.11102040816326532,False,False,True,0.05,False,MILD
066,53,2026-03-22 08:00:00,253.18,0.1,0.09224489795918368,False,False,True,0.05,False,MILD
066,54,2026-03-22 09:00:00,444.38,0.3,0.07673469387755102,False,False,True,0.05,False,MILD
066,55,2026-03-22 10:00:00,444.38,0.3,0.057959183673469396,False,False,True,0.05,False,MILD
066,56,2026-03-22 11:00:00,444.38,0.3,0.03306122448979592,False,False,True,0.05,False,MILD
066,57,2026-03-22 12:00:00,444.38,0.3,0.012653061224489798,False,False,True,0.05,False,MILD
066,58,2026-03-22 13:00:00,444.38,0.3,0.011020408163265306,False,False,True,0.05,False,MILD
066,59,2026-03-22 14:00:00,444.38,0.3,0.016938775510204084,False,False,True,0.05,False,MILD
066,60,2026-03-22 15:00:00,444.38,0.3,0.017755102040816324,False,False,True,0.05,False,MILD
066,61,2026-03-22 16:00:00,444.38,0.3,0.026734693877551022,False,False,True,0.05,False,MILD
066,62,2026-03-22 17:00:00,242.12,0.2,0.02489795918367347,False,False,True,0.05,False,MILD
066,63,2026-03-22 18:00:00,1.35,0.2,0.02489795918367347,False,False,True,0.05,False,MILD
066,64,2026-03-22 19:00:00,1.7,0.2,0.02714285714285714,False,False,True,0.05,False,MILD
066,65,2026-03-22 20:00:00,1.7,0.2,0.030408163265306123,False,False,True,0.05,False,MILD
066,66,2026-03-22 21:00:00,1.7,0.2,0.021836734693877553,False,False,True,0.05,False,MILD
066,67,2026-03-22 22:00:00,25.92,0.2,0.011020408163265305,False,False,True,0.05,False,MILD
066,68,2026-03-22 23:00:00,25.92,0.2,0.00673469387755102,False,False,True,0.05,False,MILD
066,69,2026-03-23 00:00:00,25.92,0.2,-0.01020408163265306,True,False,True,0.05,False,MILD
066,70,2026-03-23 01:00:00,25.92,0.2,-0.03183673469387755,True,False,True,0.05,False,MILD
066,71,2026-03-23 02:00:00,25.92,0.2,-0.04591836734693878,True,False,True,0.05,False,MILD
066,72,2026-03-23 03:00:00,25.92,0.2,-0.04469387755102042,True,False,True,0.05,False,MILD
066,73,2026-03-23 04:00:00,25.92,0.2,-0.054081632653061235,True,False,True,0.05,False,MILD
066,74,2026-03-23 05:00:00,25.92,0.2,-0.05591836734693879,True,False,True,0.05,False,MILD
066,75,2026-03-23 06:00:00,1.88,0.2,-0.05306122448979592,True,True,True,0.05,False,MILD
066,76,2026-03-23 07:00:00,409.65,0.2,-0.048571428571428585,True,False,True,0.05,False,MILD
066,77,2026-03-23 08:00:00,409.65,0.2,-0.04163265306122449,True,False,True,0.05,False,MILD
067,1,2026-04-10 05:00:00,567.24,2.2,-0.6057142857142858,True,False,True,0.0,False,MILD
067,2,2026-04-10 06:00:00,567.24,2.2,-0.63,True,False,True,0.0,False,MILD
067,3,2026-04-10 07:00:00,567.24,2.2,-0.63,True,False,True,0.0,False,MILD
067,4,2026-04-10 08:00:00,567.24,2.4,-0.6376,True,False,True,0.0,False,MILD
067,5,2026-04-10 09:00:00,567.24,2.4,-0.6496774193548386,True,False,True,0.0,False,MILD
067,6,2026-04-10 10:00:00,567.24,2.4,-0.6672972972972974,True,False,True,0.0,False,MILD
067,7,2026-04-10 11:00:00,567.24,2.4,-0.6758139534883721,True,False,True,0.0,False,MILD
067,8,2026-04-10 12:00:00,567.24,2.4,-0.6877551020408164,True,False,True,0.0,False,MILD
067,9,2026-04-10 13:00:00,34.96,2.4,-0.7112244897959183,True,False,True,0.0,False,MILD
067,10,2026-04-10 14:00:00,34.96,2.4,-0.7222448979591836,True,False,True,0.0,False,MILD
067,11,2026-04-10 15:00:00,9.45,2.4,-0.7420408163265306,True,True,False,0.0,False,MILD
067,12,2026-04-10 16:00:00,9.45,2.0,-0.7481632653061225,True,True,False,0.05,False,MILD
067,13,2026-04-10 17:00:00,6.89,1.8,-0.7551020408163264,True,True,False,0.05,False,MILD
067,14,2026-04-10 18:00:00,2.9,0.8,-0.7524489795918367,True,True,False,0.05,False,MILD
067,15,2026-04-10 19:00:00,3.1,0.8,-0.7463265306122447,True,True,False,0.05,False,MILD
067,16,2026-04-10 20:00:00,3.1,0.8,-0.7316326530612244,True,True,False,0.05,False,MILD
067,17,2026-04-10 21:00:00,3.1,0.8,-0.7163265306122448,True,True,False,0.05,False,MILD
067,18,2026-04-10 22:00:00,3.1,0.8,-0.7055102040816327,True,True,False,0.05,False,MILD
067,19,2026-04-10 23:00:00,3.1,0.8,-0.6944897959183673,True,True,False,0.05,False,MILD
067,20,2026-04-11 00:00:00,3.1,0.8,-0.686530612244898,True,True,False,0.05,False,MILD
067,21,2026-04-11 01:00:00,3.37,0.7,-0.6761224489795918,True,True,False,0.05,False,MILD
067,22,2026-04-11 02:00:00,54.79,0.7,-0.6608163265306123,True,False,True,0.05,False,MILD
067,23,2026-04-11 03:00:00,54.79,0.7,-0.6520408163265307,True,False,True,0.05,False,MILD
067,24,2026-04-11 04:00:00,54.79,0.7,-0.6595918367346939,True,False,True,0.05,False,MILD
067,25,2026-04-11 05:00:00,54.79,0.7,-0.6642857142857143,True,False,True,0.05,False,MILD
067,26,2026-04-11 06:00:00,54.79,0.7,-0.6783673469387754,True,False,True,0.05,False,MILD
067,27,2026-04-11 07:00:00,54.79,0.7,-0.6718367346938776,True,False,True,0.05,False,MILD
067,28,2026-04-11 08:00:00,54.79,0.7,-0.6681632653061225,True,False,True,0.05,False,MILD
067,29,2026-04-11 09:00:00,54.79,0.6,-0.6638775510204082,True,False,True,0.05,False,MILD
067,30,2026-04-11 10:00:00,1.42,0.4,-0.6653061224489796,True,True,False,0.05,False,MILD
067,31,2026-04-11 11:00:00,1.36,0.2,-0.6740816326530612,True,True,False,0.05,False,MILD
067,32,2026-04-11 12:00:00,1.36,0.2,-0.6740816326530611,True,True,False,0.05,False,MILD
067,33,2026-04-11 13:00:00,1.36,0.2,-0.6777551020408163,True,True,False,0.05,False,MILD
067,34,2026-04-11 14:00:00,1.38,0.2,-0.6706122448979591,True,True,False,0.05,False,MILD
067,35,2026-04-11 15:00:00,1.52,0.2,-0.6732653061224488,True,True,False,0.05,False,MILD
067,36,2026-04-11 16:00:00,1.73,0.2,-0.6857142857142856,True,True,False,0.05,False,MILD
067,37,2026-04-11 17:00:00,21.84,0.2,-0.6926530612244899,True,False,True,0.05,False,MILD
067,38,2026-04-11 18:00:00,21.84,0.2,-0.6997959183673469,True,False,True,0.05,False,MILD
067,39,2026-04-11 19:00:00,81.78,0.2,-0.6853061224489796,True,False,True,0.05,False,MILD
067,40,2026-04-11 20:00:00,81.78,0.2,-0.6746938775510203,True,False,True,0.05,False,MILD
067,41,2026-04-11 21:00:00,81.78,0.2,-0.6610204081632653,True,False,True,0.05,False,MILD
067,42,2026-04-11 22:00:00,81.78,0.2,-0.656530612244898,True,False,True,0.05,False,MILD
067,43,2026-04-11 23:00:00,81.78,0.2,-0.6481632653061224,True,False,True,0.05,False,MILD
067,44,2026-04-12 00:00:00,81.78,0.2,-0.6485714285714286,True,False,True,0.05,False,MILD
067,45,2026-04-12 01:00:00,81.78,0.2,-0.6434693877551021,True,False,True,0.05,False,MILD
067,46,2026-04-12 02:00:00,81.78,0.2,-0.64,True,False,True,0.05,False,MILD
067,47,2026-04-12 03:00:00,39.84,0.2,-0.6314285714285715,True,False,True,0.05,False,MILD
067,48,2026-04-12 04:00:00,39.84,0.2,-0.6402040816326532,True,False,True,0.05,False,MILD
067,49,2026-04-12 05:00:00,39.84,0.2,-0.633673469387755,True,False,True,0.05,False,MILD
067,50,2026-04-12 06:00:00,30.51,0.2,-0.6273469387755102,True,False,True,0.05,False,MILD
067,51,2026-04-12 07:00:00,30.51,0.2,-0.6216326530612245,True,False,True,0.05,False,MILD
067,52,2026-04-12 08:00:00,27.18,0.2,-0.6085714285714285,True,False,True,0.05,False,MILD
067,53,2026-04-12 09:00:00,27.18,0.2,-0.5987755102040816,True,False,True,0.05,False,MILD
067,54,2026-04-12 10:00:00,27.18,0.2,-0.5904081632653061,True,False,True,0.05,False,MILD
067,55,2026-04-12 11:00:00,80.67,0.2,-0.5930612244897959,True,False,True,0.05,False,MILD
067,56,2026-04-12 12:00:00,80.67,0.2,-0.5969387755102041,True,False,True,0.05,False,MILD
067,57,2026-04-12 13:00:00,80.67,0.2,-0.5936734693877551,True,False,True,0.05,False,MILD
067,58,2026-04-12 14:00:00,80.67,0.2,-0.5910204081632653,True,False,True,0.05,False,MILD
067,59,2026-04-12 15:00:00,80.67,0.2,-0.5769387755102041,True,False,True,0.05,False,MILD
067,60,2026-04-12 16:00:00,80.67,0.2,-0.5757142857142856,True,False,True,0.05,False,MILD
067,61,2026-04-12 17:00:00,80.67,0.2,-0.5751020408163265,True,False,True,0.05,False,MILD
067,62,2026-04-12 18:00:00,80.67,0.2,-0.5628571428571428,True,False,True,0.05,False,MILD
068,1,2026-01-01 19:00:00,6.43,1.4,-1.1642857142857144,True,True,True,0.0,False,MILD
068,2,2026-01-01 20:00:00,6.43,1.8,-1.1315384615384618,True,True,True,0.0,False,MILD
068,3,2026-01-01 21:00:00,7.24,1.8,-1.1368421052631579,True,True,True,0.0,False,MILD
068,4,2026-01-01 22:00:00,106.77,1.8,-1.1320000000000001,True,False,True,0.0,False,MILD
068,5,2026-01-01 23:00:00,106.77,1.8,-1.1274193548387095,True,False,True,0.0,False,MILD
068,6,2026-01-02 00:00:00,106.77,1.8,-1.1316216216216217,True,False,True,0.0,False,MILD
068,7,2026-01-02 01:00:00,214.72,1.8,-1.1293023255813954,True,False,True,0.0,False,MILD
068,8,2026-01-02 02:00:00,214.72,2.0,-1.1314285714285715,True,False,True,0.0,False,MILD
068,9,2026-01-02 03:00:00,214.72,2.0,-1.126938775510204,True,False,True,0.0,False,MILD
068,10,2026-01-02 04:00:00,214.72,2.3,-1.124285714285714,True,False,True,0.0,False,MILD
068,11,2026-01-02 05:00:00,214.72,2.3,-1.1216326530612244,True,False,True,0.0,False,MILD
068,12,2026-01-02 06:00:00,214.72,2.3,-1.123265306122449,True,False,True,0.0,False,MILD
068,13,2026-01-02 07:00:00,214.72,2.3,-1.120408163265306,True,False,True,0.0,False,MILD
068,14,2026-01-02 08:00:00,214.72,2.3,-1.1124489795918369,True,False,True,0.0,False,MILD
068,15,2026-01-02 09:00:00,68.17,2.3,-1.1016326530612244,True,False,True,0.0,False,MILD
068,16,2026-01-02 10:00:00,68.17,2.3,-1.0944897959183675,True,False,True,0.0,False,MILD
068,17,2026-01-02 11:00:00,3.87,2.3,-1.0889795918367349,True,True,False,0.0,False,MILD
068,18,2026-01-02 12:00:00,3.87,1.6,-1.0891836734693876,True,True,False,0.0,False,MILD
068,19,2026-01-02 13:00:00,3.31,0.7,-1.0889795918367347,True,True,False,0.0,False,MILD
068,20,2026-01-02 14:00:00,3.41,0.7,-1.089591836734694,True,True,False,0.0,False,MILD
068,21,2026-01-02 15:00:00,3.41,0.7,-1.0959183673469388,True,True,False,0.0,False,MILD
068,22,2026-01-02 16:00:00,3.5,0.7,-1.105510204081633,True,True,False,0.0,False,MILD
068,23,2026-01-02 17:00:00,197.76,0.7,-1.123265306122449,True,False,True,0.0,False,MILD
068,24,2026-01-02 18:00:00,197.76,0.7,-1.1383673469387756,True,False,True,0.0,False,MILD
068,25,2026-01-02 19:00:00,197.76,0.7,-1.1491836734693879,True,False,True,0.0,False,MILD
068,26,2026-01-02 20:00:00,197.76,0.7,-1.1648979591836737,True,False,True,0.0,False,MILD
068,27,2026-01-02 21:00:00,197.76,0.7,-1.173265306122449,True,False,True,0.0,False,MILD
068,28,2026-01-02 22:00:00,197.76,0.6,-1.169591836734694,True,False,True,0.0,False,MILD
068,29,2026-01-02 23:00:00,197.76,0.6,-1.1651020408163264,True,False,True,0.0,False,MILD
068,30,2026-01-03 00:00:00,197.76,0.6,-1.1614285714285715,True,False,True,0.0,False,MILD
068,31,2026-01-03 01:00:00,791.01,0.6,-1.1551020408163266,True,False,True,0.0,False,MILD
068,32,2026-01-03 02:00:00,791.01,0.6,-1.1279591836734695,True,False,True,0.0,False,MILD
068,33,2026-01-03 03:00:00,791.01,0.6,-1.123469387755102,True,False,True,0.0,False,MILD
068,34,2026-01-03 04:00:00,791.01,0.8,-1.1114285714285717,True,False,True,0.0,False,MILD
068,35,2026-01-03 05:00:00,791.01,0.8,-1.0981632653061224,True,False,True,0.0,False,MILD
068,36,2026-01-03 06:00:00,791.01,0.8,-1.0961224489795918,True,False,True,0.0,False,MILD
068,37,2026-01-03 07:00:00,791.01,0.8,-1.1071428571428572,True,False,True,0.0,False,MILD
068,38,2026-01-03 08:00:00,791.01,0.8,-1.1020408163265305,True,False,True,0.0,False,MILD
068,39,2026-01-03 09:00:00,369.12,0.8,-1.0910204081632653,True,False,True,0.0,False,MILD
068,40,2026-01-03 10:00:00,369.12,0.8,-1.0961224489795918,True,False,True,0.0,False,MILD
068,41,2026-01-03 11:00:00,736.9,0.8,-1.0787755102040817,True,False,True,0.0,False,MILD
068,42,2026-01-03 12:00:00,736.9,0.6,-1.0661224489795917,True,False,True,0.0,False,MILD
068,43,2026-01-03 13:00:00,736.9,0.6,-1.063673469387755,True,False,True,0.0,False,MILD
068,44,2026-01-03 14:00:00,736.9,0.6,-1.059591836734694,True,False,True,0.0,False,MILD
068,45,2026-01-03 15:00:00,736.9,0.6,-1.0479591836734694,True,False,True,0.0,False,MILD
068,46,2026-01-03 16:00:00,736.9,0.6,-1.036326530612245,True,False,True,0.0,False,MILD
068,47,2026-01-03 17:00:00,736.9,0.6,-1.0330612244897959,True,False,True,0.0,False,MILD
068,48,2026-01-03 18:00:00,736.9,0.6,-1.0271428571428571,True,False,True,0.0,False,MILD
068,49,2026-01-03 19:00:00,305.51,0.1,-1.0369387755102042,True,False,True,0.0,False,MILD
068,50,2026-01-03 20:00:00,305.51,0.1,-1.0520408163265305,True,False,True,0.0,False,MILD
068,51,2026-01-03 21:00:00,305.51,0.2,-1.0665306122448979,True,False,True,0.0,False,MILD
068,52,2026-01-03 22:00:00,305.51,0.2,-1.076734693877551,True,False,True,0.0,False,MILD
068,53,2026-01-03 23:00:00,305.51,0.2,-1.0942857142857143,True,False,True,0.0,False,MILD
068,54,2026-01-04 00:00:00,52.9,0.3,-1.1132653061224491,True,False,True,0.0,False,MILD
068,55,2026-01-04 01:00:00,52.9,0.3,-1.1199999999999999,True,False,True,0.0,False,MILD
068,56,2026-01-04 02:00:00,52.9,0.3,-1.1287755102040815,True,False,True,0.0,False,MILD
068,57,2026-01-04 03:00:00,52.9,0.3,-1.1359183673469389,True,False,True,0.0,False,MILD
068,58,2026-01-04 04:00:00,52.9,0.3,-1.1373469387755102,True,False,True,0.0,False,MILD
068,59,2026-01-04 05:00:00,52.9,0.3,-1.1344897959183675,True,False,True,0.0,False,MILD
068,60,2026-01-04 06:00:00,52.9,0.3,-1.1322448979591837,True,False,True,0.0,False,MILD
068,61,2026-01-04 07:00:00,52.9,0.3,-1.1261224489795918,True,False,True,0.0,False,MILD
068,62,2026-01-04 08:00:00,1.42,0.3,-1.1114285714285712,True,True,True,0.0,False,MILD
068,63,2026-01-04 09:00:00,1.42,0.3,-1.1153061224489795,True,True,True,0.0,False,MILD
068,64,2026-01-04 10:00:00,1.42,0.2,-1.114285714285714,True,True,True,0.0,False,MILD
068,65,2026-01-04 11:00:00,1.57,0.2,-1.1083673469387754,True,True,True,0.0,False,MILD
068,66,2026-01-04 12:00:00,164.43,0.2,-1.1185714285714285,True,False,True,0.0,False,MILD
068,67,2026-01-04 13:00:00,164.43,0.2,-1.126734693877551,True,False,True,0.0,False,MILD
068,68,2026-01-04 14:00:00,164.43,0.2,-1.133673469387755,True,False,True,0.0,False,MILD
068,69,2026-01-04 15:00:00,164.43,0.2,-1.1471428571428572,True,False,True,0.0,False,MILD
068,70,2026-01-04 16:00:00,164.43,0.2,-1.1628571428571428,True,False,True,0.0,False,MILD
068,71,2026-01-04 17:00:00,164.43,0.2,-1.1693877551020408,True,False,True,0.0,False,MILD
068,72,2026-01-04 18:00:00,164.43,0.2,-1.1816326530612242,True,False,True,0.0,False,MILD
068,73,2026-01-04 19:00:00,231.58,0.2,-1.205918367346939,True,False,True,0.0,False,MILD
068,74,2026-01-04 20:00:00,231.58,0.2,-1.2051020408163264,True,False,True,0.0,False,MILD
068,75,2026-01-04 21:00:00,231.58,0.2,-1.2142857142857142,True,False,True,0.0,False,MILD
068,76,2026-01-04 22:00:00,231.58,0.2,-1.216734693877551,True,False,True,0.0,False,MILD
068,77,2026-01-04 23:00:00,231.58,0.2,-1.210816326530612,True,False,True,0.0,False,MILD
068,78,2026-01-05 00:00:00,231.58,0.2,-1.2024489795918367,True,False,True,0.0,False,MILD
068,79,2026-01-05 01:00:00,231.58,0.2,-1.21,True,False,True,0.0,False,MILD
068,80,2026-01-05 02:00:00,231.58,0.2,-1.227142857142857,True,False,True,0.0,False,MILD
068,81,2026-01-05 03:00:00,1.76,0.2,-1.222448979591837,True,True,True,0.0,False,MILD
068,82,2026-01-05 04:00:00,228.59,0.2,-1.2316326530612245,True,False,True,0.0,False,MILD
068,83,2026-01-05 05:00:00,228.59,0.2,-1.2387755102040816,True,False,True,0.0,False,MILD
068,84,2026-01-05 06:00:00,228.59,0.2,-1.2389795918367348,True,False,True,0.0,False,MILD
068,85,2026-01-05 07:00:00,494.04,0.2,-1.2436734693877551,True,False,True,0.0,False,MILD
068,86,2026-01-05 08:00:00,494.04,0.2,-1.26,True,False,True,0.0,False,MILD
068,87,2026-01-05 09:00:00,494.04,0.2,-1.2548979591836735,True,False,True,0.0,False,MILD
068,88,2026-01-05 10:00:00,494.04,0.2,-1.2506122448979593,True,False,True,0.0,False,MILD
068,89,2026-01-05 11:00:00,494.04,0.2,-1.2542857142857142,True,False,True,0.0,False,MILD
068,90,2026-01-05 12:00:00,494.04,0.2,-1.2477551020408164,True,False,True,0.0,False,MILD
068,91,2026-01-05 13:00:00,494.04,0.2,-1.2424489795918365,True,False,True,0.0,False,MILD
068,92,2026-01-05 14:00:00,494.04,0.2,-1.2340816326530613,True,False,True,0.0,False,MILD
068,93,2026-01-05 15:00:00,290.75,0.2,-1.2471428571428569,True,False,True,0.0,False,MILD
068,94,2026-01-05 16:00:00,290.75,0.2,-1.23265306122449,True,False,True,0.0,False,MILD
068,95,2026-01-05 17:00:00,290.75,0.2,-1.2277551020408162,True,False,True,0.0,False,MILD
068,96,2026-01-05 18:00:00,290.75,0.2,-1.2197959183673468,True,False,True,0.0,False,MILD
068,97,2026-01-05 19:00:00,290.75,0.2,-1.213265306122449,True,False,True,0.0,False,MILD
068,98,2026-01-05 20:00:00,290.75,0.2,-1.210816326530612,True,False,True,0.0,False,MILD
068,99,2026-01-05 21:00:00,308.11,0.2,-1.2148979591836735,True,False,True,0.0,False,MILD
068,100,2026-01-05 22:00:00,308.11,0.2,-1.2157142857142857,True,False,True,0.0,False,MILD
068,101,2026-01-05 23:00:00,308.11,0.2,-1.2114285714285715,True,False,True,0.0,False,MILD
068,102,2026-01-06 00:00:00,308.11,0.2,-1.2183673469387757,True,False,True,0.0,False,MILD
068,103,2026-01-06 01:00:00,308.11,0.2,-1.2381632653061223,True,False,True,0.0,False,MILD
068,104,2026-01-06 02:00:00,308.11,0.2,-1.2412244897959184,True,False,True,0.0,False,MILD
068,105,2026-01-06 03:00:00,308.11,0.2,-1.2479591836734694,True,False,True,0.0,False,MILD
068,106,2026-01-06 04:00:00,308.11,0.2,-1.2551020408163267,True,False,True,0.0,False,MILD
068,107,2026-01-06 05:00:00,1.69,0.2,-1.2546938775510204,True,True,True,0.0,False,MILD
068,108,2026-01-06 06:00:00,175.75,0.2,-1.2489795918367348,True,False,True,0.0,False,MILD
068,109,2026-01-06 07:00:00,175.75,0.2,-1.2446938775510203,True,False,True,0.0,False,MILD
068,110,2026-01-06 08:00:00,175.75,0.2,-1.2351020408163265,True,False,True,0.0,False,MILD
068,111,2026-01-06 09:00:00,175.75,0.2,-1.21734693877551,True,False,True,0.0,False,MILD
068,112,2026-01-06 10:00:00,175.75,0.3,-1.2063265306122448,True,False,True,0.0,False,MILD
068,113,2026-01-06 11:00:00,175.75,0.3,-1.176938775510204,True,False,True,0.0,False,MILD
068,114,2026-01-06 12:00:00,175.75,0.3,-1.1491836734693879,True,False,True,0.0,False,MILD
068,115,2026-01-06 13:00:00,175.75,0.3,-1.137142857142857,True,False,True,0.0,False,MILD
068,116,2026-01-06 14:00:00,175.75,0.3,-1.1191836734693879,True,False,True,0.0,False,MILD
068,117,2026-01-06 15:00:00,63.9,0.3,-1.11,True,False,True,0.0,False,MILD
068,118,2026-01-06 16:00:00,63.9,0.3,-1.1026530612244896,True,False,True,0.0,False,MILD
068,119,2026-01-06 17:00:00,63.9,0.3,-1.0924489795918368,True,False,True,0.0,False,MILD
068,120,2026-01-06 18:00:00,63.9,0.3,-1.083265306122449,True,False,True,0.0,False,MILD
068,121,2026-01-06 19:00:00,63.9,0.3,-1.109795918367347,True,False,True,0.0,False,MILD
068,122,2026-01-06 20:00:00,63.9,0.3,-1.125918367346939,True,False,True,0.0,False,MILD
069,1,2026-05-11 04:00:00,6.51,1.4,0.24857142857142858,False,False,True,0.0,False,MILD
069,2,2026-05-11 05:00:00,6.51,2.0,0.20307692307692313,False,False,True,0.0,False,MILD
069,3,2026-05-11 06:00:00,6.51,2.0,0.18842105263157893,False,False,True,0.0,False,MILD
069,4,2026-05-11 07:00:00,6.51,2.0,0.1616,False,False,True,0.0,False,MILD
069,5,2026-05-11 08:00:00,6.51,2.0,0.15354838709677418,False,False,True,0.0,False,MILD
069,6,2026-05-11 09:00:00,6.51,2.0,0.14918918918918916,False,False,True,0.0,False,MILD
069,7,2026-05-11 10:00:00,6.51,2.0,0.15418604651162793,False,False,True,0.0,False,MILD
069,8,2026-05-11 11:00:00,6.51,2.0,0.15448979591836734,False,False,True,0.0,False,MILD
069,9,2026-05-11 12:00:00,4.24,2.0,0.13571428571428573,False,False,True,0.0,False,MILD
069,10,2026-05-11 13:00:00,4.07,1.9,0.13489795918367348,False,False,True,0.0,False,MILD
069,11,2026-05-11 14:00:00,4.07,0.9,0.12979591836734694,False,False,True,0.0,False,MILD
069,12,2026-05-11 15:00:00,3.25,0.9,0.12428571428571428,False,False,True,0.05,False,MILD
069,13,2026-05-11 16:00:00,2.3,0.6,0.1183673469387755,False,False,True,0.05,False,MILD
069,14,2026-05-11 17:00:00,2.25,0.6,0.11918367346938774,False,False,True,0.05,False,MILD
069,15,2026-05-11 18:00:00,2.25,0.6,0.11000000000000001,False,False,True,0.05,False,MILD
069,16,2026-05-11 19:00:00,2.25,0.5,0.09816326530612246,False,False,True,0.05,False,MILD
069,17,2026-05-11 20:00:00,3.31,0.6,0.08673469387755102,False,False,True,0.05,False,MILD
069,18,2026-05-11 21:00:00,3.31,0.6,0.07448979591836735,False,False,True,0.05,False,MILD
069,19,2026-05-11 22:00:00,3.31,0.6,0.05061224489795918,False,False,True,0.05,False,MILD
069,20,2026-05-11 23:00:00,3.31,0.6,0.03224489795918367,False,False,True,0.05,False,MILD
069,21,2026-05-12 00:00:00,7.12,0.6,0.01530612244897959,False,False,True,0.05,False,MILD
069,22,2026-05-12 01:00:00,7.12,0.6,-0.0020408163265306146,True,True,False,0.05,False,MILD
069,23,2026-05-12 02:00:00,7.12,0.6,-0.02530612244897959,True,True,False,0.05,False,MILD
069,24,2026-05-12 03:00:00,7.12,0.6,-0.05326530612244898,True,True,False,0.05,False,MILD
069,25,2026-05-12 04:00:00,7.12,0.3,-0.06857142857142857,True,True,False,0.05,False,MILD
069,26,2026-05-12 05:00:00,7.12,0.3,-0.07918367346938776,True,True,False,0.05,False,MILD
069,27,2026-05-12 06:00:00,7.12,0.2,-0.08081632653061224,True,True,False,0.05,False,MILD
069,28,2026-05-12 07:00:00,7.12,0.2,-0.07877551020408163,True,True,False,0.05,False,MILD
069,29,2026-05-12 08:00:00,1.4,0.2,-0.08122448979591837,True,True,False,0.05,False,MILD
069,30,2026-05-12 09:00:00,2.09,0.2,-0.08448979591836735,True,True,False,0.05,False,MILD
069,31,2026-05-12 10:00:00,214.19,0.2,-0.08346938775510204,True,False,True,0.05,False,MILD
069,32,2026-05-12 11:00:00,214.19,0.2,-0.07102040816326531,True,False,True,0.05,False,MILD
069,33,2026-05-12 12:00:00,214.19,0.2,-0.0616326530612245,True,False,True,0.05,False,MILD
069,34,2026-05-12 13:00:00,214.19,0.2,-0.06775510204081632,True,False,True,0.05,False,MILD
069,35,2026-05-12 14:00:00,214.19,0.2,-0.07142857142857142,True,False,True,0.05,False,MILD
069,36,2026-05-12 15:00:00,214.19,0.2,-0.0726530612244898,True,False,True,0.05,False,MILD
069,37,2026-05-12 16:00:00,214.19,0.3,-0.07693877551020407,True,False,True,0.05,False,MILD
069,38,2026-05-12 17:00:00,214.19,0.3,-0.07836734693877552,True,False,True,0.05,False,MILD
069,39,2026-05-12 18:00:00,214.19,0.3,-0.07183673469387757,True,False,True,0.05,False,MILD
069,40,2026-05-12 19:00:00,1.47,0.3,-0.0846938775510204,True,True,False,0.05,False,MILD
069,41,2026-05-12 20:00:00,1.47,0.3,-0.08591836734693878,True,True,False,0.05,False,MILD
069,42,2026-05-12 21:00:00,1.27,0.3,-0.09102040816326533,True,True,False,0.05,False,MILD
069,43,2026-05-12 22:00:00,1.27,0.3,-0.0783673469387755,True,True,False,0.05,False,MILD
069,44,2026-05-12 23:00:00,26.02,0.3,-0.057959183673469396,True,False,True,0.05,False,MILD
069,45,2026-05-13 00:00:00,26.02,0.2,-0.04510204081632653,True,False,True,0.05,False,MILD
069,46,2026-05-13 01:00:00,26.02,0.2,-0.04102040816326531,True,False,True,0.05,False,MILD
069,47,2026-05-13 02:00:00,26.02,0.2,-0.03163265306122449,True,False,True,0.05,False,MILD
069,48,2026-05-13 03:00:00,26.02,0.2,-0.024081632653061222,True,False,True,0.05,False,MILD
069,49,2026-05-13 04:00:00,26.02,0.2,-0.012448979591836735,True,False,True,0.05,False,MILD
069,50,2026-05-13 05:00:00,42.1,0.2,-0.0028571428571428563,True,False,True,0.05,False,MILD
069,51,2026-05-13 06:00:00,42.1,0.2,-0.002448979591836733,True,False,True,0.05,False,MILD
069,52,2026-05-13 07:00:00,42.1,0.2,-0.018571428571428576,True,False,True,0.05,False,MILD
069,53,2026-05-13 08:00:00,42.1,0.2,-0.01571428571428571,True,False,True,0.05,False,MILD
070,1,2026-02-03 17:00:00,3.97,2.0,-0.46,True,True,True,0.0,False,MILD
070,2,2026-02-03 18:00:00,4.82,2.0,-0.46769230769230774,True,True,True,0.0,False,MILD
070,3,2026-02-03 19:00:00,168.29,2.0,-0.4747368421052631,True,False,True,0.0,False,MILD
070,4,2026-02-03 20:00:00,211.82,2.0,-0.48479999999999995,True,False,True,0.0,False,MILD
070,5,2026-02-03 21:00:00,211.82,2.0,-0.4803225806451613,True,False,True,0.0,False,MILD
070,6,2026-02-03 22:00:00,211.82,2.0,-0.46135135135135136,True,False,True,0.0,False,MILD
070,7,2026-02-03 23:00:00,211.82,2.0,-0.45395348837209304,True,False,True,0.0,False,MILD
070,8,2026-02-04 00:00:00,211.82,2.0,-0.4489795918367347,True,False,True,0.0,False,MILD
070,9,2026-02-04 01:00:00,211.82,2.0,-0.43591836734693884,True,False,True,0.0,False,MILD
070,10,2026-02-04 02:00:00,211.82,1.7,-0.4336734693877551,True,False,True,0.0,False,MILD
070,11,2026-02-04 03:00:00,211.82,1.4,-0.4255102040816327,True,False,True,0.0,False,MILD
070,12,2026-02-04 04:00:00,77.22,1.3,-0.406734693877551,True,False,True,0.05,False,MILD
070,13,2026-02-04 05:00:00,50.35,0.9,-0.3942857142857143,True,False,True,0.05,False,MILD
070,14,2026-02-04 06:00:00,2.97,0.9,-0.383265306122449,True,True,False,0.05,False,MILD
070,15,2026-02-04 07:00:00,2.88,0.9,-0.38,True,True,False,0.05,False,MILD
070,16,2026-02-04 08:00:00,179.03,0.9,-0.37306122448979595,True,False,True,0.05,False,MILD
070,17,2026-02-04 09:00:00,179.03,0.9,-0.3659183673469388,True,False,True,0.05,False,MILD
070,18,2026-02-04 10:00:00,179.03,0.9,-0.35714285714285715,True,False,True,0.05,False,MILD
070,19,2026-02-04 11:00:00,179.03,0.9,-0.34714285714285725,True,False,True,0.05,False,MILD
070,20,2026-02-04 12:00:00,179.03,0.9,-0.3355102040816326,True,False,True,0.05,False,MILD
070,21,2026-02-04 13:00:00,179.03,0.7,-0.33285714285714285,True,False,True,0.05,False,MILD
070,22,2026-02-04 14:00:00,179.03,0.3,-0.3304081632653061,True,False,True,0.05,False,MILD
070,23,2026-02-04 15:00:00,179.03,0.2,-0.33510204081632655,True,False,True,0.05,False,MILD
070,24,2026-02-04 16:00:00,179.03,0.2,-0.3357142857142857,True,False,True,0.05,False,MILD
070,25,2026-02-04 17:00:00,113.38,0.2,-0.34265306122448985,True,False,True,0.05,False,MILD
070,26,2026-02-04 18:00:00,113.38,0.2,-0.3548979591836734,True,False,True,0.05,False,MILD
070,27,2026-02-04 19:00:00,97.8,0.2,-0.36204081632653057,True,False,True,0.05,False,MILD
070,28,2026-02-04 20:00:00,386.18,0.2,-0.35795918367346935,True,False,True,0.05,False,MILD
070,29,2026-02-04 21:00:00,386.18,0.2,-0.3622448979591837,True,False,True,0.05,False,MILD
070,30,2026-02-04 22:00:00,386.18,0.2,-0.36469387755102045,True,False,True,0.05,False,MILD
070,31,2026-02-04 23:00:00,386.18,0.2,-0.36346938775510207,True,False,True,0.05,False,MILD
070,32,2026-02-05 00:00:00,386.18,0.2,-0.3585714285714286,True,False,True,0.05,False,MILD
070,33,2026-02-05 01:00:00,386.18,0.2,-0.35816326530612247,True,False,True,0.05,False,MILD
070,34,2026-02-05 02:00:00,386.18,0.1,-0.34510204081632656,True,False,True,0.05,False,MILD
070,35,2026-02-05 03:00:00,386.18,0.1,-0.33040816326530614,True,False,True,0.05,False,MILD
070,36,2026-02-05 04:00:00,46.53,0.2,-0.34244897959183673,True,False,True,0.05,False,MILD
070,37,2026-02-05 05:00:00,46.53,0.2,-0.3555102040816327,True,False,True,0.05,False,MILD
070,38,2026-02-05 06:00:00,46.53,0.2,-0.366734693877551,True,False,True,0.05,False,MILD
070,39,2026-02-05 07:00:00,46.53,0.2,-0.38142857142857145,True,False,True,0.05,False,MILD
070,40,2026-02-05 08:00:00,46.53,0.2,-0.3914285714285714,True,False,True,0.05,False,MILD
071,1,2026-03-09 02:00:00,322.55,2.3,-0.5657142857142857,True,False,True,0.0,False,MODERATE
071,2,2026-03-09 03:00:00,322.55,2.3,-0.5784615384615385,True,False,True,0.0,False,MODERATE
071,3,2026-03-09 04:00:00,322.55,2.4,-0.5636842105263158,True,False,True,0.0,False,MODERATE
071,4,2026-03-09 05:00:00,322.55,2.4,-0.562,True,False,True,0.0,False,MODERATE
071,5,2026-03-09 06:00:00,513.48,2.4,-0.5461290322580646,True,False,True,0.0,False,MODERATE
071,6,2026-03-09 07:00:00,513.48,2.4,-0.5483783783783783,True,False,True,0.0,False,MODERATE
071,7,2026-03-09 08:00:00,513.48,2.4,-0.5432558139534884,True,False,True,0.0,False,MODERATE
071,8,2026-03-09 09:00:00,513.48,2.4,-0.5453061224489797,True,False,True,0.0,False,MODERATE
071,9,2026-03-09 10:00:00,513.48,2.4,-0.5461224489795918,True,False,True,0.0,False,MODERATE
071,10,2026-03-09 11:00:00,513.48,2.4,-0.5485714285714286,True,False,True,0.0,False,MODERATE
071,11,2026-03-09 12:00:00,513.48,0.5,-0.5414285714285714,True,False,True,0.0,False,MODERATE
071,12,2026-03-09 13:00:00,513.48,0.5,-0.5416326530612244,True,False,True,0.05,False,MODERATE
071,13,2026-03-09 14:00:00,197.68,0.5,-0.5497959183673469,True,False,True,0.05,False,MODERATE
071,14,2026-03-09 15:00:00,197.68,0.5,-0.5557142857142856,True,False,True,0.05,False,MODERATE
071,15,2026-03-09 16:00:00,197.68,0.5,-0.566734693877551,True,False,True,0.05,False,MODERATE
071,16,2026-03-09 17:00:00,197.68,0.4,-0.5638775510204082,True,False,True,0.05,False,MODERATE
071,17,2026-03-09 18:00:00,197.68,0.3,-0.5620408163265306,True,False,True,0.05,False,MODERATE
071,18,2026-03-09 19:00:00,197.68,0.3,-0.5693877551020408,True,False,True,0.05,False,MODERATE
071,19,2026-03-09 20:00:00,197.68,0.3,-0.5816326530612246,True,False,True,0.05,False,MODERATE
071,20,2026-03-09 21:00:00,197.68,0.3,-0.586938775510204,True,False,True,0.05,False,MODERATE
071,21,2026-03-09 22:00:00,195.74,0.3,-0.5926530612244898,True,False,True,0.05,False,MODERATE
071,22,2026-03-09 23:00:00,195.74,0.3,-0.5881632653061225,True,False,True,0.05,False,MODERATE
071,23,2026-03-10 00:00:00,195.74,0.3,-0.5830612244897959,True,False,True,0.05,False,MODERATE
071,24,2026-03-10 01:00:00,195.74,0.2,-0.5969387755102041,True,False,True,0.05,False,MODERATE
072,1,2026-05-07 05:00:00,4.7,1.2,-1.512857142857143,True,True,True,0.0,False,MILD
072,2,2026-05-07 06:00:00,9.32,1.7,-1.5261538461538464,True,True,True,0.0,False,MILD
072,3,2026-05-07 07:00:00,9.32,1.9,-1.5173684210526315,True,True,True,0.0,False,MILD
072,4,2026-05-07 08:00:00,9.32,1.9,-1.534,True,True,False,0.0,False,MILD
072,5,2026-05-07 09:00:00,9.32,1.9,-1.5377419354838713,True,True,False,0.0,False,MILD
072,6,2026-05-07 10:00:00,9.32,1.9,-1.545945945945946,True,True,False,0.0,False,MILD
072,7,2026-05-07 11:00:00,9.32,1.9,-1.5458139534883721,True,True,False,0.0,False,MILD
072,8,2026-05-07 12:00:00,9.32,1.9,-1.5522448979591836,True,True,False,0.0,False,MILD
072,9,2026-05-07 13:00:00,141.73,1.9,-1.5551020408163265,True,False,True,0.0,False,MILD
072,10,2026-05-07 14:00:00,431.11,1.9,-1.553265306122449,True,False,True,0.0,False,MILD
072,11,2026-05-07 15:00:00,431.11,1.5,-1.5557142857142858,True,False,True,0.0,False,MILD
072,12,2026-05-07 16:00:00,431.11,1.1,-1.5455102040816326,True,False,True,0.05,False,MILD
072,13,2026-05-07 17:00:00,431.11,0.7,-1.5404081632653064,True,False,True,0.05,False,MILD
072,14,2026-05-07 18:00:00,431.11,0.7,-1.5348979591836733,True,False,True,0.05,False,MILD
072,15,2026-05-07 19:00:00,431.11,0.6,-1.5281632653061223,True,False,True,0.05,False,MILD
072,16,2026-05-07 20:00:00,431.11,0.6,-1.5163265306122449,True,False,True,0.05,False,MILD
072,17,2026-05-07 21:00:00,431.11,0.6,-1.503673469387755,True,False,True,0.05,False,MILD
072,18,2026-05-07 22:00:00,3.11,0.6,-1.5020408163265309,True,True,False,0.05,False,MILD
072,19,2026-05-07 23:00:00,3.11,0.6,-1.4893877551020407,True,True,False,0.05,False,MILD
072,20,2026-05-08 00:00:00,3.11,0.6,-1.4722448979591838,True,True,False,0.05,False,MILD
072,21,2026-05-08 01:00:00,151.7,0.6,-1.4681632653061227,True,False,True,0.05,False,MILD
072,22,2026-05-08 02:00:00,151.7,0.6,-1.4614285714285715,True,False,True,0.05,False,MILD
072,23,2026-05-08 03:00:00,151.7,0.6,-1.456530612244898,True,False,True,0.05,False,MILD
072,24,2026-05-08 04:00:00,151.7,0.3,-1.459795918367347,True,False,True,0.05,False,MILD
072,25,2026-05-08 05:00:00,151.7,0.2,-1.4644897959183671,True,False,True,0.05,False,MILD
072,26,2026-05-08 06:00:00,151.7,0.2,-1.4610204081632652,True,False,True,0.05,False,MILD
072,27,2026-05-08 07:00:00,151.7,0.1,-1.4657142857142855,True,False,True,0.05,False,MILD
072,28,2026-05-08 08:00:00,151.7,0.1,-1.4759183673469387,True,False,True,0.05,False,MILD
072,29,2026-05-08 09:00:00,139.37,0.1,-1.4738775510204079,True,False,True,0.05,False,MILD
072,30,2026-05-08 10:00:00,139.37,0.2,-1.4734693877551022,True,False,True,0.05,False,MILD
072,31,2026-05-08 11:00:00,37.96,0.2,-1.48,True,False,True,0.05,False,MILD
072,32,2026-05-08 12:00:00,37.96,0.2,-1.4824489795918367,True,False,True,0.05,False,MILD
072,33,2026-05-08 13:00:00,37.96,0.2,-1.4942857142857142,True,False,True,0.05,False,MILD
072,34,2026-05-08 14:00:00,37.96,0.2,-1.5048979591836733,True,False,True,0.05,False,MILD
072,35,2026-05-08 15:00:00,37.96,0.2,-1.5167346938775508,True,False,True,0.05,False,MILD
072,36,2026-05-08 16:00:00,37.96,0.2,-1.5338775510204081,True,False,True,0.05,False,MILD
072,37,2026-05-08 17:00:00,1.25,0.2,-1.5459183673469388,True,True,False,0.05,False,MILD
072,38,2026-05-08 18:00:00,1.25,0.2,-1.5636734693877552,True,True,False,0.05,False,MILD
072,39,2026-05-08 19:00:00,48.32,0.2,-1.5771428571428572,True,False,True,0.05,False,MILD
072,40,2026-05-08 20:00:00,48.32,0.2,-1.5857142857142854,True,False,True,0.05,False,MILD
072,41,2026-05-08 21:00:00,292.57,0.2,-1.5885714285714287,True,False,True,0.05,False,MILD
072,42,2026-05-08 22:00:00,292.57,0.2,-1.593469387755102,True,False,True,0.05,False,MILD
072,43,2026-05-08 23:00:00,292.57,0.2,-1.6091836734693876,True,False,True,0.05,False,MILD
073,1,2026-01-12 01:00:00,4.51,2.1,-0.6028571428571429,True,True,True,0.0,False,MILD
073,2,2026-01-12 02:00:00,4.51,2.3,-0.6092307692307692,True,True,True,0.0,False,MILD
073,3,2026-01-12 03:00:00,4.51,2.3,-0.6347368421052633,True,True,True,0.0,False,MILD
073,4,2026-01-12 04:00:00,57.18,2.3,-0.6416,True,False,True,0.0,False,MILD
073,5,2026-01-12 05:00:00,57.18,2.3,-0.6529032258064517,True,False,True,0.0,False,MILD
073,6,2026-01-12 06:00:00,57.18,2.3,-0.6505405405405406,True,False,True,0.0,False,MILD
073,7,2026-01-12 07:00:00,57.18,2.3,-0.66,True,False,True,0.0,False,MILD
073,8,2026-01-12 08:00:00,57.18,2.3,-0.6622448979591836,True,False,True,0.0,False,MILD
073,9,2026-01-12 09:00:00,57.18,2.3,-0.6738775510204082,True,False,True,0.0,False,MILD
073,10,2026-01-12 10:00:00,490.39,2.3,-0.6757142857142857,True,False,True,0.0,False,MILD
073,11,2026-01-12 11:00:00,490.39,2.3,-0.6761224489795917,True,False,True,0.0,False,MILD
073,12,2026-01-12 12:00:00,490.39,2.3,-0.680612244897959,True,False,True,0.05,False,MILD
073,13,2026-01-12 13:00:00,490.39,2.1,-0.680612244897959,True,False,True,0.05,False,MILD
073,14,2026-01-12 14:00:00,490.39,2.1,-0.6855102040816328,True,False,True,0.05,False,MILD
073,15,2026-01-12 15:00:00,490.39,2.1,-0.6855102040816328,True,False,True,0.05,False,MILD
073,16,2026-01-12 16:00:00,490.39,2.1,-0.6810204081632654,True,False,True,0.05,False,MILD
073,17,2026-01-12 17:00:00,490.39,0.8,-0.6787755102040816,True,False,True,0.05,False,MILD
073,18,2026-01-12 18:00:00,127.96,0.8,-0.6826530612244897,True,False,True,0.05,False,MILD
073,19,2026-01-12 19:00:00,127.96,0.8,-0.6863265306122449,True,False,True,0.05,False,MILD
073,20,2026-01-12 20:00:00,127.96,0.8,-0.6857142857142856,True,False,True,0.05,False,MILD
073,21,2026-01-12 21:00:00,181.3,0.8,-0.6775510204081633,True,False,True,0.05,False,MILD
073,22,2026-01-12 22:00:00,181.3,0.6,-0.6769387755102041,True,False,True,0.05,False,MILD
073,23,2026-01-12 23:00:00,181.3,0.6,-0.6706122448979591,True,False,True,0.05,False,MILD
073,24,2026-01-13 00:00:00,181.3,0.7,-0.6689795918367347,True,False,True,0.05,False,MILD
073,25,2026-01-13 01:00:00,181.3,0.8,-0.6795918367346938,True,False,True,0.05,False,MILD
073,26,2026-01-13 02:00:00,181.3,0.8,-0.6848979591836734,True,False,True,0.05,False,MILD
073,27,2026-01-13 03:00:00,181.3,0.8,-0.6802040816326532,True,False,True,0.05,False,MILD
073,28,2026-01-13 04:00:00,181.3,0.8,-0.6816326530612243,True,False,True,0.05,False,MILD
073,29,2026-01-13 05:00:00,43.27,0.8,-0.6842857142857143,True,False,True,0.05,False,MILD
073,30,2026-01-13 06:00:00,43.27,0.8,-0.6859183673469388,True,False,True,0.05,False,MILD
073,31,2026-01-13 07:00:00,43.27,0.8,-0.693469387755102,True,False,True,0.05,False,MILD
073,32,2026-01-13 08:00:00,43.27,0.8,-0.6940816326530612,True,False,True,0.05,False,MILD
073,33,2026-01-13 09:00:00,43.27,0.7,-0.6926530612244898,True,False,True,0.05,False,MILD
073,34,2026-01-13 10:00:00,108.13,0.7,-0.6761224489795917,True,False,True,0.05,False,MILD
073,35,2026-01-13 11:00:00,345.78,0.7,-0.6648979591836734,True,False,True,0.05,False,MILD
073,36,2026-01-13 12:00:00,345.78,0.7,-0.6579591836734694,True,False,True,0.05,False,MILD
073,37,2026-01-13 13:00:00,345.78,0.7,-0.6589795918367347,True,False,True,0.05,False,MILD
073,38,2026-01-13 14:00:00,345.78,0.7,-0.6512244897959184,True,False,True,0.05,False,MILD
073,39,2026-01-13 15:00:00,345.78,0.7,-0.6373469387755102,True,False,True,0.05,False,MILD
073,40,2026-01-13 16:00:00,345.78,0.6,-0.6242857142857143,True,False,True,0.05,False,MILD
073,41,2026-01-13 17:00:00,345.78,0.3,-0.6089795918367347,True,False,True,0.05,False,MILD
073,42,2026-01-13 18:00:00,345.78,0.2,-0.6020408163265306,True,False,True,0.05,False,MILD
073,43,2026-01-13 19:00:00,345.78,0.2,-0.5963265306122448,True,False,True,0.05,False,MILD
073,44,2026-01-13 20:00:00,150.87,0.2,-0.5846938775510204,True,False,True,0.05,False,MILD
073,45,2026-01-13 21:00:00,274.05,0.2,-0.5759183673469388,True,False,True,0.05,False,MILD
073,46,2026-01-13 22:00:00,274.05,0.2,-0.5710204081632653,True,False,True,0.05,False,MILD
073,47,2026-01-13 23:00:00,274.05,0.2,-0.5583673469387755,True,False,True,0.05,False,MILD
073,48,2026-01-14 00:00:00,274.05,0.2,-0.5451020408163265,True,False,True,0.05,False,MILD
073,49,2026-01-14 01:00:00,274.05,0.2,-0.5385714285714286,True,False,True,0.05,False,MILD
073,50,2026-01-14 02:00:00,274.05,0.2,-0.5310204081632653,True,False,True,0.05,False,MILD
073,51,2026-01-14 03:00:00,274.05,0.2,-0.5244897959183674,True,False,True,0.05,False,MILD
073,52,2026-01-14 04:00:00,274.05,0.2,-0.5222448979591837,True,False,True,0.05,False,MILD
073,53,2026-01-14 05:00:00,157.69,0.2,-0.5277551020408162,True,False,True,0.05,False,MILD
073,54,2026-01-14 06:00:00,157.69,0.2,-0.5224489795918368,True,False,True,0.05,False,MILD
073,55,2026-01-14 07:00:00,157.69,0.2,-0.5306122448979592,True,False,True,0.05,False,MILD
073,56,2026-01-14 08:00:00,157.69,0.2,-0.540204081632653,True,False,True,0.05,False,MILD
073,57,2026-01-14 09:00:00,157.69,0.2,-0.5426530612244898,True,False,True,0.05,False,MILD
073,58,2026-01-14 10:00:00,157.69,0.2,-0.5557142857142857,True,False,True,0.05,False,MILD
073,59,2026-01-14 11:00:00,157.69,0.2,-0.5575510204081633,True,False,True,0.05,False,MILD
073,60,2026-01-14 12:00:00,1.17,0.2,-0.5608163265306123,True,True,False,0.05,False,MILD
073,61,2026-01-14 13:00:00,1.17,0.2,-0.5542857142857143,True,True,False,0.05,False,MILD
073,62,2026-01-14 14:00:00,92.14,0.2,-0.5477551020408162,True,False,True,0.05,False,MILD
073,63,2026-01-14 15:00:00,92.14,0.2,-0.5351020408163266,True,False,True,0.05,False,MILD
073,64,2026-01-14 16:00:00,92.14,0.2,-0.5314285714285714,True,False,True,0.05,False,MILD
073,65,2026-01-14 17:00:00,92.14,0.2,-0.5293877551020407,True,False,True,0.05,False,MILD
073,66,2026-01-14 18:00:00,92.14,0.2,-0.5191836734693878,True,False,True,0.05,False,MILD
073,67,2026-01-14 19:00:00,92.14,0.2,-0.5214285714285715,True,False,True,0.05,False,MILD
073,68,2026-01-14 20:00:00,92.14,0.2,-0.5212244897959184,True,False,True,0.05,False,MILD
073,69,2026-01-14 21:00:00,92.14,0.2,-0.5181632653061223,True,False,True,0.05,False,MILD
073,70,2026-01-14 22:00:00,217.44,0.2,-0.5224489795918368,True,False,True,0.05,False,MILD
073,71,2026-01-14 23:00:00,217.44,0.2,-0.5218367346938775,True,False,True,0.05,False,MILD
073,72,2026-01-15 00:00:00,217.44,0.2,-0.5206122448979591,True,False,True,0.05,False,MILD
073,73,2026-01-15 01:00:00,217.44,0.2,-0.5332653061224489,True,False,True,0.05,False,MILD
073,74,2026-01-15 02:00:00,217.44,0.2,-0.5277551020408164,True,False,True,0.05,False,MILD
073,75,2026-01-15 03:00:00,217.44,0.2,-0.5189795918367347,True,False,True,0.05,False,MILD
073,76,2026-01-15 04:00:00,217.44,0.2,-0.5104081632653061,True,False,True,0.05,False,MILD
073,77,2026-01-15 05:00:00,217.44,0.2,-0.4981632653061224,True,False,True,0.05,False,MILD
073,78,2026-01-15 06:00:00,29.76,0.2,-0.48408163265306114,True,False,True,0.05,False,MILD
073,79,2026-01-15 07:00:00,1.33,0.2,-0.4916326530612244,True,True,True,0.05,False,MILD
073,80,2026-01-15 08:00:00,1.33,0.2,-0.4928571428571428,True,True,True,0.05,False,MILD
073,81,2026-01-15 09:00:00,1.33,0.2,-0.4869387755102041,True,True,True,0.05,False,MILD
073,82,2026-01-15 10:00:00,1.33,0.2,-0.4893877551020408,True,True,True,0.05,False,MILD
073,83,2026-01-15 11:00:00,1.98,0.2,-0.48857142857142855,True,True,True,0.05,False,MILD
073,84,2026-01-15 12:00:00,1.98,0.2,-0.4881632653061225,True,True,True,0.05,False,MILD
073,85,2026-01-15 13:00:00,248.63,0.2,-0.49387755102040815,True,False,True,0.05,False,MILD
073,86,2026-01-15 14:00:00,248.63,0.2,-0.4865306122448979,True,False,True,0.05,False,MILD
073,87,2026-01-15 15:00:00,248.63,0.2,-0.4830612244897959,True,False,True,0.05,False,MILD
073,88,2026-01-15 16:00:00,248.63,0.2,-0.4695918367346939,True,False,True,0.05,False,MILD
073,89,2026-01-15 17:00:00,248.63,0.2,-0.4593877551020408,True,False,True,0.05,False,MILD
073,90,2026-01-15 18:00:00,248.63,0.2,-0.4348979591836735,True,False,True,0.05,False,MILD
073,91,2026-01-15 19:00:00,248.63,0.2,-0.42000000000000004,True,False,True,0.05,False,MILD
073,92,2026-01-15 20:00:00,248.63,0.2,-0.41081632653061223,True,False,True,0.05,False,MILD
074,1,2026-04-12 22:00:00,6.42,0.9,-0.887142857142857,True,True,True,0.0,False,MILD
074,2,2026-04-12 23:00:00,6.42,2.1,-0.8946153846153846,True,True,True,0.0,False,MILD
074,3,2026-04-13 00:00:00,6.42,2.2,-0.8978947368421054,True,True,True,0.0,False,MILD
074,4,2026-04-13 01:00:00,6.42,2.2,-0.8952,True,True,False,0.0,False,MILD
074,5,2026-04-13 02:00:00,18.23,2.2,-0.8838709677419354,True,False,True,0.0,False,MILD
074,6,2026-04-13 03:00:00,18.23,2.2,-0.8816216216216217,True,False,True,0.0,False,MILD
074,7,2026-04-13 04:00:00,18.23,2.2,-0.8883720930232559,True,False,True,0.0,False,MILD
074,8,2026-04-13 05:00:00,18.23,2.2,-0.8861224489795919,True,False,True,0.0,False,MILD
074,9,2026-04-13 06:00:00,18.23,2.2,-0.8708163265306123,True,False,True,0.0,False,MILD
074,10,2026-04-13 07:00:00,18.23,2.2,-0.8720408163265307,True,False,True,0.0,False,MILD
074,11,2026-04-13 08:00:00,18.23,2.0,-0.8706122448979593,True,False,True,0.0,False,MILD
074,12,2026-04-13 09:00:00,18.23,1.8,-0.8769387755102042,True,False,True,0.05,False,MILD
074,13,2026-04-13 10:00:00,6.08,1.8,-0.8908163265306123,True,True,False,0.05,False,MILD
074,14,2026-04-13 11:00:00,263.6,1.8,-0.8942857142857141,True,False,True,0.05,False,MILD
074,15,2026-04-13 12:00:00,263.6,1.8,-0.8995918367346939,True,False,True,0.05,False,MILD
074,16,2026-04-13 13:00:00,263.6,1.8,-0.9120408163265307,True,False,True,0.05,False,MILD
074,17,2026-04-13 14:00:00,381.93,0.8,-0.9299999999999998,True,False,True,0.05,False,MILD
074,18,2026-04-13 15:00:00,381.93,0.8,-0.9373469387755102,True,False,True,0.05,False,MILD
074,19,2026-04-13 16:00:00,381.93,0.7,-0.9424489795918367,True,False,True,0.05,False,MILD
074,20,2026-04-13 17:00:00,381.93,0.7,-0.942857142857143,True,False,True,0.05,False,MILD
074,21,2026-04-13 18:00:00,381.93,0.7,-0.9342857142857143,True,False,True,0.05,False,MILD
074,22,2026-04-13 19:00:00,381.93,0.7,-0.9353061224489796,True,False,True,0.05,False,MILD
074,23,2026-04-13 20:00:00,381.93,0.7,-0.9338775510204081,True,False,True,0.05,False,MILD
074,24,2026-04-13 21:00:00,381.93,0.7,-0.9238775510204082,True,False,True,0.05,False,MILD
074,25,2026-04-13 22:00:00,2.49,0.7,-0.9144897959183674,True,True,False,0.05,False,MILD
074,26,2026-04-13 23:00:00,2.49,0.7,-0.896326530612245,True,True,False,0.05,False,MILD
074,27,2026-04-14 00:00:00,3.04,0.7,-0.89,True,True,False,0.05,False,MILD
074,28,2026-04-14 01:00:00,3.09,0.7,-0.8865306122448979,True,True,False,0.05,False,MILD
074,29,2026-04-14 02:00:00,3.09,0.7,-0.8863265306122449,True,True,False,0.05,False,MILD
074,30,2026-04-14 03:00:00,1000.0,0.7,-0.886530612244898,True,False,True,0.05,False,MILD
074,31,2026-04-14 04:00:00,1000.0,0.7,-0.883265306122449,True,False,True,0.05,False,MILD
074,32,2026-04-14 05:00:00,1000.0,0.7,-0.8838775510204081,True,False,True,0.05,False,MILD
074,33,2026-04-14 06:00:00,1000.0,0.7,-0.893673469387755,True,False,True,0.05,False,MILD
074,34,2026-04-14 07:00:00,1000.0,0.6,-0.9030612244897959,True,False,True,0.05,False,MILD
074,35,2026-04-14 08:00:00,1000.0,0.6,-0.9161224489795918,True,False,True,0.05,False,MILD
074,36,2026-04-14 09:00:00,1000.0,0.8,-0.9244897959183673,True,False,True,0.05,False,MILD
074,37,2026-04-14 10:00:00,1000.0,0.8,-0.9446938775510204,True,False,True,0.05,False,MILD
074,38,2026-04-14 11:00:00,324.96,0.8,-0.9518367346938775,True,False,True,0.05,False,MILD
074,39,2026-04-14 12:00:00,324.96,0.8,-0.9720408163265308,True,False,True,0.05,False,MILD
074,40,2026-04-14 13:00:00,324.96,0.8,-0.9818367346938776,True,False,True,0.05,False,MILD
074,41,2026-04-14 14:00:00,324.96,0.8,-0.9808163265306121,True,False,True,0.05,False,MILD
074,42,2026-04-14 15:00:00,155.43,0.8,-0.9953061224489795,True,False,True,0.05,False,MILD
074,43,2026-04-14 16:00:00,155.43,0.8,-1.007551020408163,True,False,True,0.05,False,MILD
074,44,2026-04-14 17:00:00,155.43,0.8,-1.0173469387755103,True,False,True,0.05,False,MILD
074,45,2026-04-14 18:00:00,155.43,0.8,-1.013877551020408,True,False,True,0.05,False,MILD
074,46,2026-04-14 19:00:00,155.43,0.8,-1.0175510204081635,True,False,True,0.05,False,MILD
074,47,2026-04-14 20:00:00,155.43,0.8,-1.0069387755102042,True,False,True,0.05,False,MILD
074,48,2026-04-14 21:00:00,139.53,0.2,-1.0091836734693878,True,False,True,0.05,False,MILD
074,49,2026-04-14 22:00:00,139.53,0.2,-1.0087755102040816,True,False,True,0.05,False,MILD
074,50,2026-04-14 23:00:00,430.21,0.2,-1.000204081632653,True,False,True,0.05,False,MILD
074,51,2026-04-15 00:00:00,430.21,0.2,-0.9881632653061225,True,False,True,0.05,False,MILD
074,52,2026-04-15 01:00:00,430.21,0.2,-0.9806122448979593,True,False,True,0.05,False,MILD
074,53,2026-04-15 02:00:00,430.21,0.2,-0.9657142857142855,True,False,True,0.05,False,MILD
074,54,2026-04-15 03:00:00,430.21,0.2,-0.9587755102040817,True,False,True,0.05,False,MILD
074,55,2026-04-15 04:00:00,430.21,0.2,-0.963265306122449,True,False,True,0.05,False,MILD
074,56,2026-04-15 05:00:00,430.21,0.2,-0.9579591836734694,True,False,True,0.05,False,MILD
074,57,2026-04-15 06:00:00,430.21,0.2,-0.9673469387755104,True,False,True,0.05,False,MILD
074,58,2026-04-15 07:00:00,430.21,0.2,-0.9724489795918367,True,False,True,0.05,False,MILD
074,59,2026-04-15 08:00:00,121.84,0.2,-0.9651020408163266,True,False,True,0.05,False,MILD
074,60,2026-04-15 09:00:00,121.84,0.2,-0.9608163265306122,True,False,True,0.05,False,MILD
074,61,2026-04-15 10:00:00,121.84,0.2,-0.959795918367347,True,False,True,0.05,False,MILD
074,62,2026-04-15 11:00:00,121.84,0.2,-0.953061224489796,True,False,True,0.05,False,MILD
074,63,2026-04-15 12:00:00,121.84,0.2,-0.9463265306122448,True,False,True,0.05,False,MILD
074,64,2026-04-15 13:00:00,121.84,0.2,-0.9373469387755102,True,False,True,0.05,False,MILD
074,65,2026-04-15 14:00:00,63.89,0.2,-0.9265306122448981,True,False,True,0.05,False,MILD
074,66,2026-04-15 15:00:00,9.99,0.2,-0.9187755102040815,True,True,False,0.05,False,MILD
074,67,2026-04-15 16:00:00,9.99,0.2,-0.923061224489796,True,True,False,0.05,False,MILD
074,68,2026-04-15 17:00:00,9.99,0.2,-0.9324489795918367,True,True,False,0.05,False,MILD
074,69,2026-04-15 18:00:00,9.99,0.2,-0.9479591836734694,True,True,False,0.05,False,MILD
074,70,2026-04-15 19:00:00,9.99,0.2,-0.9689795918367347,True,True,False,0.05,False,MILD
074,71,2026-04-15 20:00:00,9.99,0.2,-0.9851020408163266,True,True,False,0.05,False,MILD
074,72,2026-04-15 21:00:00,9.99,0.2,-1.010204081632653,True,True,False,0.05,False,MILD
074,73,2026-04-15 22:00:00,363.14,0.2,-1.0273469387755103,True,False,True,0.05,False,MILD
074,74,2026-04-15 23:00:00,363.14,0.2,-1.049591836734694,True,False,True,0.05,False,MILD
074,75,2026-04-16 00:00:00,363.14,0.2,-1.0685714285714285,True,False,True,0.05,False,MILD
074,76,2026-04-16 01:00:00,363.14,0.2,-1.0802040816326532,True,False,True,0.05,False,MILD
074,77,2026-04-16 02:00:00,363.14,0.2,-1.0755102040816327,True,False,True,0.05,False,MILD
074,78,2026-04-16 03:00:00,623.31,0.2,-1.0895918367346937,True,False,True,0.05,False,MILD
074,79,2026-04-16 04:00:00,623.31,0.2,-1.0938775510204082,True,False,True,0.05,False,MILD
074,80,2026-04-16 05:00:00,623.31,0.2,-1.0991836734693876,True,False,True,0.05,False,MILD
074,81,2026-04-16 06:00:00,623.31,0.2,-1.1091836734693876,True,False,True,0.05,False,MILD
074,82,2026-04-16 07:00:00,623.31,0.2,-1.1212244897959183,True,False,True,0.05,False,MILD
074,83,2026-04-16 08:00:00,623.31,0.2,-1.136938775510204,True,False,True,0.05,False,MILD
074,84,2026-04-16 09:00:00,623.31,0.2,-1.1473469387755102,True,False,True,0.05,False,MILD
074,85,2026-04-16 10:00:00,623.31,0.2,-1.1748979591836735,True,False,True,0.05,False,MILD
074,86,2026-04-16 11:00:00,1.83,0.2,-1.1836734693877549,True,True,True,0.05,False,MILD
074,87,2026-04-16 12:00:00,1.83,0.2,-1.1995918367346938,True,True,True,0.05,False,MILD
074,88,2026-04-16 13:00:00,1.83,0.2,-1.203265306122449,True,True,True,0.05,False,MILD
074,89,2026-04-16 14:00:00,84.1,0.2,-1.2059183673469387,True,False,True,0.05,False,MILD
074,90,2026-04-16 15:00:00,84.1,0.2,-1.2051020408163264,True,False,True,0.05,False,MILD
074,91,2026-04-16 16:00:00,84.1,0.2,-1.197142857142857,True,False,True,0.05,False,MILD
074,92,2026-04-16 17:00:00,84.1,0.2,-1.1918367346938776,True,False,True,0.05,False,MILD
074,93,2026-04-16 18:00:00,84.1,0.2,-1.1793877551020409,True,False,True,0.05,False,MILD
074,94,2026-04-16 19:00:00,84.1,0.2,-1.1630612244897962,True,False,True,0.05,False,MILD
074,95,2026-04-16 20:00:00,84.1,0.2,-1.1555102040816325,True,False,True,0.05,False,MILD
074,96,2026-04-16 21:00:00,84.1,0.2,-1.149795918367347,True,False,True,0.05,False,MILD
074,97,2026-04-16 22:00:00,84.1,0.2,-1.146326530612245,True,False,True,0.05,False,MILD
074,98,2026-04-16 23:00:00,8.76,0.2,-1.143265306122449,True,True,True,0.05,False,MILD
074,99,2026-04-17 00:00:00,8.76,0.2,-1.1385714285714286,True,True,True,0.05,False,MILD
074,100,2026-04-17 01:00:00,406.57,0.2,-1.1353061224489795,True,False,True,0.05,False,MILD
074,101,2026-04-17 02:00:00,406.57,0.2,-1.1448979591836734,True,False,True,0.05,False,MILD
074,102,2026-04-17 03:00:00,406.57,0.2,-1.1587755102040815,True,False,True,0.05,False,MILD
074,103,2026-04-17 04:00:00,406.57,0.2,-1.156530612244898,True,False,True,0.05,False,MILD
074,104,2026-04-17 05:00:00,406.57,0.2,-1.1559183673469389,True,False,True,0.05,False,MILD
074,105,2026-04-17 06:00:00,406.57,0.2,-1.1693877551020408,True,False,True,0.05,False,MILD
074,106,2026-04-17 07:00:00,406.57,0.2,-1.1914285714285715,True,False,True,0.05,False,MILD
074,107,2026-04-17 08:00:00,406.57,0.2,-1.213061224489796,True,False,True,0.05,False,MILD
074,108,2026-04-17 09:00:00,63.62,0.2,-1.223877551020408,True,False,True,0.05,False,MILD
074,109,2026-04-17 10:00:00,63.62,0.2,-1.233265306122449,True,False,True,0.05,False,MILD
074,110,2026-04-17 11:00:00,63.62,0.2,-1.2420408163265304,True,False,True,0.05,False,MILD
074,111,2026-04-17 12:00:00,63.62,0.2,-1.2573469387755103,True,False,True,0.05,False,MILD
074,112,2026-04-17 13:00:00,63.62,0.2,-1.266734693877551,True,False,True,0.05,False,MILD
074,113,2026-04-17 14:00:00,1.59,0.2,-1.2712244897959184,True,True,True,0.05,False,MILD
074,114,2026-04-17 15:00:00,1.59,0.2,-1.260612244897959,True,True,True,0.05,False,MILD
074,115,2026-04-17 16:00:00,1.59,0.2,-1.2524489795918368,True,True,True,0.05,True,MILD
074,116,2026-04-17 17:00:00,118.83,0.2,-1.2426530612244897,True,False,True,0.05,False,MILD
074,117,2026-04-17 18:00:00,118.83,0.2,-1.2453061224489794,True,False,True,0.05,False,MILD
074,118,2026-04-17 19:00:00,118.83,0.2,-1.2502040816326532,True,False,True,0.05,False,MILD
074,119,2026-04-17 20:00:00,118.83,0.2,-1.260204081632653,True,False,True,0.05,False,MILD
075,1,2026-02-26 16:00:00,4.4,1.8,-0.7628571428571428,True,True,True,0.0,False,MILD
075,2,2026-02-26 17:00:00,7.18,1.8,-0.72,True,True,True,0.0,False,MILD
075,3,2026-02-26 18:00:00,7.18,1.8,-0.7142105263157895,True,True,True,0.0,False,MILD
075,4,2026-02-26 19:00:00,7.28,1.8,-0.6976,True,True,False,0.0,False,MILD
075,5,2026-02-26 20:00:00,7.28,2.0,-0.6900000000000001,True,True,False,0.0,False,MILD
075,6,2026-02-26 21:00:00,7.28,2.0,-0.6886486486486486,True,True,False,0.0,False,MILD
075,7,2026-02-26 22:00:00,7.28,2.0,-0.6772093023255814,True,True,False,0.0,False,MILD
075,8,2026-02-26 23:00:00,7.28,2.0,-0.6755102040816325,True,True,False,0.0,False,MILD
075,9,2026-02-27 00:00:00,7.28,2.0,-0.6651020408163264,True,True,False,0.0,False,MILD
075,10,2026-02-27 01:00:00,71.97,2.0,-0.6681632653061224,True,False,True,0.0,False,MILD
075,11,2026-02-27 02:00:00,71.97,2.0,-0.6644897959183672,True,False,True,0.0,False,MILD
075,12,2026-02-27 03:00:00,71.97,2.0,-0.6702040816326531,True,False,True,0.05,False,MILD
075,13,2026-02-27 04:00:00,71.97,1.8,-0.6814285714285716,True,False,True,0.05,False,MILD
075,14,2026-02-27 05:00:00,71.97,1.6,-0.6830612244897959,True,False,True,0.05,False,MILD
075,15,2026-02-27 06:00:00,71.97,1.5,-0.6993877551020409,True,False,True,0.05,False,MILD
075,16,2026-02-27 07:00:00,71.97,0.7,-0.709795918367347,True,False,True,0.05,False,MILD
075,17,2026-02-27 08:00:00,71.97,0.7,-0.7167346938775511,True,False,True,0.05,False,MILD
075,18,2026-02-27 09:00:00,62.24,0.7,-0.7179591836734696,True,False,True,0.05,False,MILD
075,19,2026-02-27 10:00:00,62.24,0.7,-0.7212244897959185,True,False,True,0.05,False,MILD
075,20,2026-02-27 11:00:00,62.24,0.7,-0.7277551020408164,True,False,True,0.05,False,MILD
075,21,2026-02-27 12:00:00,251.26,0.7,-0.7236734693877551,True,False,True,0.05,False,MILD
075,22,2026-02-27 13:00:00,251.26,0.7,-0.7314285714285713,True,False,True,0.05,False,MILD
075,23,2026-02-27 14:00:00,251.26,0.7,-0.7279591836734695,True,False,True,0.05,False,MILD
075,24,2026-02-27 15:00:00,251.26,0.7,-0.733061224489796,True,False,True,0.05,False,MILD
075,25,2026-02-27 16:00:00,251.26,1.0,-0.7314285714285715,True,False,True,0.05,False,MILD
075,26,2026-02-27 17:00:00,251.26,1.0,-0.7420408163265304,True,False,True,0.05,False,MILD
075,27,2026-02-27 18:00:00,251.26,1.0,-0.7536734693877553,True,False,True,0.05,False,MILD
075,28,2026-02-27 19:00:00,251.26,1.0,-0.7606122448979592,True,False,True,0.05,False,MILD
075,29,2026-02-27 20:00:00,81.94,1.0,-0.7651020408163266,True,False,True,0.05,False,MILD
075,30,2026-02-27 21:00:00,167.83,1.0,-0.7636734693877552,True,False,True,0.05,False,MILD
075,31,2026-02-27 22:00:00,167.83,1.0,-0.7595918367346939,True,False,True,0.05,False,MILD
075,32,2026-02-27 23:00:00,167.83,1.0,-0.759591836734694,True,False,True,0.05,False,MILD
075,33,2026-02-28 00:00:00,167.83,0.5,-0.7655102040816327,True,False,True,0.05,False,MILD
075,34,2026-02-28 01:00:00,167.83,0.5,-0.7628571428571428,True,False,True,0.05,False,MILD
075,35,2026-02-28 02:00:00,167.83,0.5,-0.7502040816326531,True,False,True,0.05,False,MILD
075,36,2026-02-28 03:00:00,167.83,0.5,-0.7410204081632653,True,False,True,0.05,False,MILD
075,37,2026-02-28 04:00:00,167.83,0.4,-0.7412244897959184,True,False,True,0.05,False,MILD
075,38,2026-02-28 05:00:00,167.83,0.2,-0.7332653061224488,True,False,True,0.05,False,MILD
075,39,2026-02-28 06:00:00,96.39,0.2,-0.7297959183673469,True,False,True,0.05,False,MILD
075,40,2026-02-28 07:00:00,192.4,0.2,-0.7248979591836734,True,False,True,0.05,False,MILD
075,41,2026-02-28 08:00:00,192.4,0.2,-0.7175510204081632,True,False,True,0.05,False,MILD
075,42,2026-02-28 09:00:00,275.54,0.2,-0.7026530612244898,True,False,True,0.05,False,MILD
075,43,2026-02-28 10:00:00,275.54,0.2,-0.6963265306122448,True,False,True,0.05,False,MILD
075,44,2026-02-28 11:00:00,275.54,0.2,-0.6879591836734694,True,False,True,0.05,False,MILD
075,45,2026-02-28 12:00:00,275.54,0.3,-0.6761224489795918,True,False,True,0.05,False,MILD
075,46,2026-02-28 13:00:00,275.54,0.3,-0.6671428571428573,True,False,True,0.05,False,MILD
075,47,2026-02-28 14:00:00,275.54,0.3,-0.6626530612244897,True,False,True,0.05,False,MILD
075,48,2026-02-28 15:00:00,275.54,0.3,-0.6571428571428573,True,False,True,0.05,False,MILD
075,49,2026-02-28 16:00:00,275.54,0.3,-0.6612244897959185,True,False,True,0.05,False,MILD
075,50,2026-02-28 17:00:00,1.18,0.3,-0.6642857142857144,True,True,False,0.05,False,MILD
075,51,2026-02-28 18:00:00,1.56,0.3,-0.6606122448979591,True,True,False,0.05,False,MILD
075,52,2026-02-28 19:00:00,1.56,0.3,-0.6559183673469388,True,True,False,0.05,False,MILD
075,53,2026-02-28 20:00:00,1.56,0.2,-0.6573469387755101,True,True,False,0.05,False,MILD
075,54,2026-02-28 21:00:00,1.56,0.2,-0.6604081632653062,True,True,False,0.05,False,MILD
075,55,2026-02-28 22:00:00,1.7,0.2,-0.6651020408163264,True,True,False,0.05,False,MILD
075,56,2026-02-28 23:00:00,1.7,0.2,-0.6620408163265307,True,True,False,0.05,False,MILD
075,57,2026-03-01 00:00:00,1.7,0.2,-0.6546938775510204,True,True,False,0.05,False,MILD
075,58,2026-03-01 01:00:00,1.7,0.2,-0.6473469387755102,True,True,False,0.05,False,MILD
075,59,2026-03-01 02:00:00,160.87,0.2,-0.6563265306122448,True,False,True,0.05,False,MILD
075,60,2026-03-01 03:00:00,160.87,0.2,-0.653469387755102,True,False,True,0.05,False,MILD
075,61,2026-03-01 04:00:00,160.87,0.2,-0.663061224489796,True,False,True,0.05,False,MILD
075,62,2026-03-01 05:00:00,160.87,0.2,-0.6710204081632654,True,False,True,0.05,False,MILD
075,63,2026-03-01 06:00:00,160.87,0.2,-0.6787755102040816,True,False,True,0.05,False,MILD
075,64,2026-03-01 07:00:00,160.87,0.2,-0.6895918367346938,True,False,True,0.05,False,MILD
075,65,2026-03-01 08:00:00,160.87,0.3,-0.6971428571428572,True,False,True,0.05,False,MILD
075,66,2026-03-01 09:00:00,160.87,0.3,-0.7085714285714287,True,False,True,0.05,False,MILD
075,67,2026-03-01 10:00:00,160.87,0.3,-0.7059183673469387,True,False,True,0.05,False,MILD
075,68,2026-03-01 11:00:00,1.59,0.3,-0.7230612244897959,True,True,False,0.05,False,MILD
075,69,2026-03-01 12:00:00,1.49,0.3,-0.7355102040816326,True,True,False,0.05,False,MILD
075,70,2026-03-01 13:00:00,8.96,0.3,-0.7477551020408165,True,True,False,0.05,False,MILD
075,71,2026-03-01 14:00:00,8.96,0.3,-0.7414285714285715,True,True,False,0.05,False,MILD
075,72,2026-03-01 15:00:00,8.96,0.3,-0.7489795918367346,True,True,False,0.05,False,MILD
075,73,2026-03-01 16:00:00,8.96,0.2,-0.7522448979591837,True,True,True,0.05,False,MILD
075,74,2026-03-01 17:00:00,8.96,0.2,-0.7579591836734694,True,True,True,0.05,False,MILD
075,75,2026-03-01 18:00:00,186.96,0.2,-0.7657142857142858,True,False,True,0.05,False,MILD
075,76,2026-03-01 19:00:00,186.96,0.2,-0.7653061224489796,True,False,True,0.05,False,MILD
075,77,2026-03-01 20:00:00,186.96,0.2,-0.773673469387755,True,False,True,0.05,False,MILD
075,78,2026-03-01 21:00:00,186.96,0.2,-0.7767346938775509,True,False,True,0.05,False,MILD
075,79,2026-03-01 22:00:00,186.96,0.2,-0.7871428571428571,True,False,True,0.05,False,MILD
075,80,2026-03-01 23:00:00,186.96,0.2,-0.7883673469387755,True,False,True,0.05,False,MILD
075,81,2026-03-02 00:00:00,186.96,0.1,-0.8048979591836735,True,False,True,0.05,False,MILD
075,82,2026-03-02 01:00:00,186.96,0.1,-0.8026530612244899,True,False,True,0.05,False,MILD
075,83,2026-03-02 02:00:00,145.54,0.1,-0.8081632653061224,True,False,True,0.05,False,MILD
075,84,2026-03-02 03:00:00,145.54,0.2,-0.8079591836734694,True,False,True,0.05,False,MILD
075,85,2026-03-02 04:00:00,145.54,0.2,-0.797142857142857,True,False,True,0.05,False,MILD
075,86,2026-03-02 05:00:00,145.54,0.2,-0.7877551020408163,True,False,True,0.05,False,MILD
075,87,2026-03-02 06:00:00,145.54,0.2,-0.786530612244898,True,False,True,0.05,False,MILD
075,88,2026-03-02 07:00:00,145.54,0.2,-0.776326530612245,True,False,True,0.05,False,MILD
076,1,2026-04-08 07:00:00,4.59,1.1,-0.9042857142857142,True,True,True,0.0,False,MILD
076,2,2026-04-08 08:00:00,6.38,1.6,-0.8907692307692309,True,True,True,0.0,False,MILD
076,3,2026-04-08 09:00:00,6.38,1.6,-0.878421052631579,True,True,True,0.0,False,MILD
076,4,2026-04-08 10:00:00,6.38,1.6,-0.914,True,True,False,0.0,False,MILD
076,5,2026-04-08 11:00:00,7.65,2.1,-0.9203225806451615,True,True,False,0.0,False,MILD
076,6,2026-04-08 12:00:00,7.65,2.2,-0.9216216216216214,True,True,False,0.0,False,MILD
076,7,2026-04-08 13:00:00,7.65,2.2,-0.9290697674418603,True,True,False,0.0,False,MILD
076,8,2026-04-08 14:00:00,7.65,2.2,-0.929795918367347,True,True,False,0.0,False,MILD
076,9,2026-04-08 15:00:00,8.54,2.2,-0.9371428571428572,True,True,False,0.0,False,MILD
076,10,2026-04-08 16:00:00,8.54,2.2,-0.953673469387755,True,True,False,0.0,False,MILD
076,11,2026-04-08 17:00:00,8.54,2.2,-0.9716326530612245,True,True,False,0.0,False,MILD
076,12,2026-04-08 18:00:00,26.02,2.2,-0.9763265306122448,True,False,True,0.05,False,MILD
076,13,2026-04-08 19:00:00,26.02,2.2,-0.9869387755102043,True,False,True,0.05,False,MILD
076,14,2026-04-08 20:00:00,26.02,2.2,-0.9995918367346938,True,False,True,0.05,False,MILD
076,15,2026-04-08 21:00:00,26.02,2.2,-1.0022448979591836,True,False,True,0.05,False,MILD
076,16,2026-04-08 22:00:00,26.02,2.2,-1.010204081632653,True,False,True,0.05,False,MILD
076,17,2026-04-08 23:00:00,41.12,0.6,-1.0212244897959184,True,False,True,0.05,False,MILD
076,18,2026-04-09 00:00:00,41.12,0.6,-1.0316326530612245,True,False,True,0.05,False,MILD
076,19,2026-04-09 01:00:00,41.12,0.6,-1.0489795918367348,True,False,True,0.05,False,MILD
076,20,2026-04-09 02:00:00,41.12,0.6,-1.0591836734693876,True,False,True,0.05,False,MILD
076,21,2026-04-09 03:00:00,41.12,0.6,-1.062857142857143,True,False,True,0.05,False,MILD
076,22,2026-04-09 04:00:00,41.12,0.8,-1.0683673469387756,True,False,True,0.05,False,MILD
076,23,2026-04-09 05:00:00,535.15,0.8,-1.0842857142857143,True,False,True,0.05,False,MILD
076,24,2026-04-09 06:00:00,535.15,0.8,-1.1022448979591837,True,False,True,0.05,False,MILD
076,25,2026-04-09 07:00:00,535.15,0.8,-1.1053061224489795,True,False,True,0.05,False,MILD
076,26,2026-04-09 08:00:00,535.15,0.8,-1.1079591836734695,True,False,True,0.05,False,MILD
076,27,2026-04-09 09:00:00,535.15,0.8,-1.0946938775510204,True,False,True,0.05,False,MILD
076,28,2026-04-09 10:00:00,535.15,0.8,-1.0848979591836734,True,False,True,0.05,False,MILD
076,29,2026-04-09 11:00:00,535.15,0.8,-1.0846938775510204,True,False,True,0.05,False,MILD
076,30,2026-04-09 12:00:00,535.15,0.7,-1.0744897959183672,True,False,True,0.05,False,MILD
076,31,2026-04-09 13:00:00,167.44,0.7,-1.066122448979592,True,False,True,0.05,False,MILD
076,32,2026-04-09 14:00:00,167.44,0.7,-1.0612244897959184,True,False,True,0.05,False,MILD
076,33,2026-04-09 15:00:00,2.91,0.7,-1.0518367346938775,True,True,False,0.05,False,MILD
076,34,2026-04-09 16:00:00,2.91,0.7,-1.0481632653061224,True,True,False,0.05,False,MILD
076,35,2026-04-09 17:00:00,2.91,0.7,-1.0610204081632653,True,True,False,0.05,False,MILD
076,36,2026-04-09 18:00:00,197.21,0.7,-1.07,True,False,True,0.05,False,MILD
076,37,2026-04-09 19:00:00,197.21,0.6,-1.070204081632653,True,False,True,0.05,False,MILD
076,38,2026-04-09 20:00:00,197.21,0.6,-1.0787755102040817,True,False,True,0.05,False,MILD
076,39,2026-04-09 21:00:00,197.21,0.6,-1.0816326530612246,True,False,True,0.05,False,MILD
076,40,2026-04-09 22:00:00,197.21,0.6,-1.0830612244897961,True,False,True,0.05,False,MILD
076,41,2026-04-09 23:00:00,197.21,0.6,-1.0820408163265307,True,False,True,0.05,False,MILD
076,42,2026-04-10 00:00:00,197.21,0.6,-1.0759183673469388,True,False,True,0.05,False,MILD
076,43,2026-04-10 01:00:00,197.21,0.3,-1.0608163265306123,True,False,True,0.05,False,MILD
076,44,2026-04-10 02:00:00,104.39,0.2,-1.0412244897959184,True,False,True,0.05,False,MILD
076,45,2026-04-10 03:00:00,104.39,0.1,-1.0312244897959184,True,False,True,0.05,False,MILD
076,46,2026-04-10 04:00:00,104.39,0.2,-1.0216326530612243,True,False,True,0.05,False,MILD
076,47,2026-04-10 05:00:00,104.39,0.2,-0.9977551020408163,True,False,True,0.05,False,MILD
076,48,2026-04-10 06:00:00,104.39,0.2,-0.9797959183673469,True,False,True,0.05,False,MILD
076,49,2026-04-10 07:00:00,104.39,0.2,-0.980204081632653,True,False,True,0.05,False,MILD
076,50,2026-04-10 08:00:00,163.63,0.2,-0.9755102040816326,True,False,True,0.05,False,MILD
076,51,2026-04-10 09:00:00,163.63,0.2,-0.9844897959183674,True,False,True,0.05,False,MILD
076,52,2026-04-10 10:00:00,163.63,0.2,-0.989795918367347,True,False,True,0.05,False,MILD
076,53,2026-04-10 11:00:00,163.63,0.3,-1.0057142857142856,True,False,True,0.05,False,MILD
076,54,2026-04-10 12:00:00,163.63,0.3,-1.0085714285714287,True,False,True,0.05,False,MILD
076,55,2026-04-10 13:00:00,163.63,0.3,-1.0293877551020407,True,False,True,0.05,False,MILD
076,56,2026-04-10 14:00:00,163.63,0.3,-1.0418367346938777,True,False,True,0.05,False,MILD
076,57,2026-04-10 15:00:00,163.63,0.3,-1.0518367346938775,True,False,True,0.05,False,MILD
076,58,2026-04-10 16:00:00,45.13,0.3,-1.0606122448979594,True,False,True,0.05,False,MILD
076,59,2026-04-10 17:00:00,45.13,0.3,-1.0610204081632653,True,False,True,0.05,False,MILD
076,60,2026-04-10 18:00:00,1.56,0.3,-1.07,True,True,False,0.05,False,MILD
076,61,2026-04-10 19:00:00,194.77,0.3,-1.0857142857142859,True,False,True,0.05,False,MILD
076,62,2026-04-10 20:00:00,194.77,0.3,-1.0953061224489795,True,False,True,0.05,False,MILD
076,63,2026-04-10 21:00:00,194.77,0.2,-1.1059183673469388,True,False,True,0.05,False,MILD
076,64,2026-04-10 22:00:00,194.77,0.2,-1.1253061224489798,True,False,True,0.05,False,MILD
076,65,2026-04-10 23:00:00,194.77,0.2,-1.1397959183673467,True,False,True,0.05,False,MILD
076,66,2026-04-11 00:00:00,194.77,0.1,-1.150408163265306,True,False,True,0.05,False,MILD
076,67,2026-04-11 01:00:00,194.77,0.1,-1.1651020408163266,True,False,True,0.05,False,MILD
076,68,2026-04-11 02:00:00,194.77,0.1,-1.179795918367347,True,False,True,0.05,False,MILD
076,69,2026-04-11 03:00:00,1.64,0.1,-1.1789795918367345,True,True,False,0.05,False,MILD
076,70,2026-04-11 04:00:00,1.64,0.1,-1.189795918367347,True,True,False,0.05,False,MILD
076,71,2026-04-11 05:00:00,1.64,0.1,-1.1881632653061225,True,True,False,0.05,False,MILD
076,72,2026-04-11 06:00:00,1.64,0.2,-1.1783673469387754,True,True,False,0.05,False,MILD
076,73,2026-04-11 07:00:00,57.59,0.2,-1.1816326530612244,True,False,True,0.05,False,MILD
076,74,2026-04-11 08:00:00,57.59,0.2,-1.1740816326530612,True,False,True,0.05,False,MILD
076,75,2026-04-11 09:00:00,519.19,0.2,-1.1559183673469386,True,False,True,0.05,False,MILD
076,76,2026-04-11 10:00:00,519.19,0.2,-1.1353061224489795,True,False,True,0.05,False,MILD
076,77,2026-04-11 11:00:00,519.19,0.2,-1.1246938775510205,True,False,True,0.05,False,MILD
076,78,2026-04-11 12:00:00,519.19,0.2,-1.113265306122449,True,False,True,0.05,False,MILD
076,79,2026-04-11 13:00:00,519.19,0.2,-1.1055102040816327,True,False,True,0.05,False,MILD
076,80,2026-04-11 14:00:00,519.19,0.1,-1.092857142857143,True,False,True,0.05,False,MILD
076,81,2026-04-11 15:00:00,519.19,0.1,-1.079795918367347,True,False,True,0.05,False,MILD
076,82,2026-04-11 16:00:00,519.19,0.2,-1.0744897959183672,True,False,True,0.05,False,MILD
076,83,2026-04-11 17:00:00,489.72,0.2,-1.073673469387755,True,False,True,0.05,False,MILD
076,84,2026-04-11 18:00:00,489.72,0.2,-1.0779591836734694,True,False,True,0.05,False,MILD
076,85,2026-04-11 19:00:00,489.72,0.2,-1.073673469387755,True,False,True,0.05,False,MILD
076,86,2026-04-11 20:00:00,489.72,0.2,-1.063673469387755,True,False,True,0.05,False,MILD
076,87,2026-04-11 21:00:00,489.72,0.2,-1.0534693877551022,True,False,True,0.05,False,MILD
076,88,2026-04-11 22:00:00,132.6,0.2,-1.039591836734694,True,False,True,0.05,False,MILD
076,89,2026-04-11 23:00:00,132.6,0.2,-1.0302040816326532,True,False,True,0.05,False,MILD
076,90,2026-04-12 00:00:00,132.6,0.2,-1.029591836734694,True,False,True,0.05,False,MILD
076,91,2026-04-12 01:00:00,132.6,0.2,-1.0181632653061226,True,False,True,0.05,False,MILD
076,92,2026-04-12 02:00:00,36.51,0.2,-1.0097959183673468,True,False,True,0.05,False,MILD
076,93,2026-04-12 03:00:00,1.64,0.2,-1.0122448979591836,True,True,True,0.05,False,MILD
076,94,2026-04-12 04:00:00,1.64,0.2,-1.019387755102041,True,True,True,0.05,False,MILD
076,95,2026-04-12 05:00:00,1.64,0.2,-1.0314285714285714,True,True,True,0.05,False,MILD
076,96,2026-04-12 06:00:00,1.64,0.2,-1.0393877551020407,True,True,True,0.05,False,MILD
076,97,2026-04-12 07:00:00,225.75,0.2,-1.0628571428571427,True,False,True,0.05,False,MILD
076,98,2026-04-12 08:00:00,225.75,0.2,-1.086530612244898,True,False,True,0.05,False,MILD
076,99,2026-04-12 09:00:00,225.75,0.2,-1.1075510204081633,True,False,True,0.05,False,MILD
076,100,2026-04-12 10:00:00,225.75,0.2,-1.1242857142857143,True,False,True,0.05,False,MILD
076,101,2026-04-12 11:00:00,225.75,0.2,-1.1426530612244898,True,False,True,0.05,False,MILD
076,102,2026-04-12 12:00:00,225.75,0.2,-1.143061224489796,True,False,True,0.05,False,MILD
076,103,2026-04-12 13:00:00,225.75,0.2,-1.1489795918367347,True,False,True,0.05,False,MILD
076,104,2026-04-12 14:00:00,225.75,0.2,-1.1614285714285713,True,False,True,0.05,False,MILD
076,105,2026-04-12 15:00:00,1.42,0.2,-1.1616326530612244,True,True,True,0.05,False,MILD
077,1,2026-05-19 04:00:00,4.85,1.8,0.10285714285714286,False,False,True,0.0,False,MILD
077,2,2026-05-19 05:00:00,4.85,1.8,0.09769230769230769,False,False,True,0.0,False,MILD
077,3,2026-05-19 06:00:00,5.8,2.0,0.12210526315789473,False,False,True,0.0,False,MILD
077,4,2026-05-19 07:00:00,80.29,2.3,0.12719999999999998,False,False,True,0.0,False,MILD
077,5,2026-05-19 08:00:00,91.64,2.3,0.13387096774193546,False,False,True,0.0,False,MILD
077,6,2026-05-19 09:00:00,91.64,2.3,0.13972972972972972,False,False,True,0.0,False,MILD
077,7,2026-05-19 10:00:00,91.64,2.3,0.13837209302325584,False,False,True,0.0,False,MILD
077,8,2026-05-19 11:00:00,91.64,2.3,0.1520408163265306,False,False,True,0.0,False,MILD
077,9,2026-05-19 12:00:00,91.64,2.3,0.16979591836734695,False,False,True,0.0,False,MILD
077,10,2026-05-19 13:00:00,91.64,2.3,0.17816326530612245,False,False,True,0.0,False,MILD
077,11,2026-05-19 14:00:00,91.64,2.3,0.18387755102040815,False,False,True,0.0,False,MILD
077,12,2026-05-19 15:00:00,91.64,2.3,0.21346938775510205,False,False,True,0.05,False,MILD
077,13,2026-05-19 16:00:00,67.64,1.2,0.236734693877551,False,False,True,0.05,False,MILD
077,14,2026-05-19 17:00:00,67.64,0.6,0.2546938775510204,False,False,True,0.05,False,MILD
077,15,2026-05-19 18:00:00,67.64,0.5,0.2646938775510204,False,False,True,0.05,False,MILD
077,16,2026-05-19 19:00:00,67.64,0.5,0.2789795918367347,False,False,True,0.05,False,MILD
077,17,2026-05-19 20:00:00,2.66,0.5,0.2797959183673469,False,False,True,0.05,False,MILD
077,18,2026-05-19 21:00:00,161.7,0.5,0.29816326530612247,False,False,True,0.05,False,MILD
077,19,2026-05-19 22:00:00,161.7,0.5,0.3073469387755102,False,False,True,0.05,False,MILD
077,20,2026-05-19 23:00:00,161.7,0.5,0.2953061224489796,False,False,True,0.05,False,MILD
077,21,2026-05-20 00:00:00,161.7,0.5,0.286734693877551,False,False,True,0.05,False,MILD
077,22,2026-05-20 01:00:00,161.7,0.9,0.28183673469387754,False,False,True,0.05,False,MILD
077,23,2026-05-20 02:00:00,161.7,0.9,0.28040816326530615,False,False,True,0.05,False,MILD
077,24,2026-05-20 03:00:00,161.7,0.9,0.27959183673469384,False,False,True,0.05,False,MILD
077,25,2026-05-20 04:00:00,161.7,0.9,0.283265306122449,False,False,True,0.05,False,MILD
077,26,2026-05-20 05:00:00,161.7,0.9,0.293469387755102,False,False,True,0.05,False,MILD
077,27,2026-05-20 06:00:00,61.44,0.9,0.29326530612244894,False,False,True,0.05,False,MILD
077,28,2026-05-20 07:00:00,409.75,0.9,0.30367346938775513,False,False,True,0.05,False,MILD
077,29,2026-05-20 08:00:00,409.75,0.9,0.3148979591836735,False,False,True,0.05,False,MILD
077,30,2026-05-20 09:00:00,409.75,0.9,0.3283673469387755,False,False,True,0.05,False,MILD
077,31,2026-05-20 10:00:00,409.75,0.5,0.34204081632653066,False,False,True,0.05,False,MILD
077,32,2026-05-20 11:00:00,409.75,0.4,0.35734693877551016,False,False,True,0.05,False,MILD
077,33,2026-05-20 12:00:00,409.75,0.3,0.3726530612244898,False,False,True,0.05,False,MILD
077,34,2026-05-20 13:00:00,409.75,0.3,0.37673469387755104,False,False,True,0.05,False,MILD
077,35,2026-05-20 14:00:00,409.75,0.3,0.38836734693877556,False,False,True,0.05,False,MILD
077,36,2026-05-20 15:00:00,161.24,0.3,0.38571428571428573,False,False,True,0.05,False,MILD
077,37,2026-05-20 16:00:00,161.24,0.2,0.3869387755102041,False,False,True,0.05,False,MILD
077,38,2026-05-20 17:00:00,198.65,0.2,0.3946938775510204,False,False,True,0.05,False,MILD
077,39,2026-05-20 18:00:00,198.65,0.2,0.3946938775510204,False,False,True,0.05,False,MILD
077,40,2026-05-20 19:00:00,198.65,0.2,0.4026530612244898,False,False,True,0.05,False,MILD
077,41,2026-05-20 20:00:00,198.65,0.2,0.4071428571428572,False,False,True,0.05,False,MILD
077,42,2026-05-20 21:00:00,198.65,0.2,0.4142857142857143,False,False,True,0.05,False,MILD
077,43,2026-05-20 22:00:00,198.65,0.2,0.4177551020408163,False,False,True,0.05,False,MILD
077,44,2026-05-20 23:00:00,198.65,0.2,0.42224489795918363,False,False,True,0.05,False,MILD
077,45,2026-05-21 00:00:00,198.65,0.2,0.42836734693877554,False,False,True,0.05,False,MILD
077,46,2026-05-21 01:00:00,198.65,0.2,0.42693877551020404,False,False,True,0.05,False,MILD
077,47,2026-05-21 02:00:00,106.04,0.2,0.4291836734693878,False,False,True,0.05,False,MILD
077,48,2026-05-21 03:00:00,106.04,0.2,0.4114285714285714,False,False,True,0.05,False,MILD
077,49,2026-05-21 04:00:00,106.04,0.2,0.39387755102040817,False,False,True,0.05,False,MILD
077,50,2026-05-21 05:00:00,1.28,0.2,0.3789795918367347,False,False,True,0.05,False,MILD
077,51,2026-05-21 06:00:00,1.37,0.2,0.36020408163265305,False,False,True,0.05,False,MILD
077,52,2026-05-21 07:00:00,1.41,0.2,0.33918367346938777,False,False,True,0.05,False,MILD
077,53,2026-05-21 08:00:00,1.41,0.2,0.3369387755102041,False,False,True,0.05,False,MILD
077,54,2026-05-21 09:00:00,137.32,0.2,0.3130612244897959,False,False,True,0.05,False,MILD
077,55,2026-05-21 10:00:00,137.32,0.2,0.3081632653061224,False,False,True,0.05,False,MILD
077,56,2026-05-21 11:00:00,137.32,0.2,0.3187755102040816,False,False,True,0.05,False,MILD
077,57,2026-05-21 12:00:00,137.32,0.2,0.33367346938775505,False,False,True,0.05,False,MILD
077,58,2026-05-21 13:00:00,137.32,0.2,0.3332653061224489,False,False,True,0.05,False,MILD
077,59,2026-05-21 14:00:00,137.32,0.2,0.34306122448979587,False,False,True,0.05,False,MILD
077,60,2026-05-21 15:00:00,366.98,0.1,0.3551020408163265,False,False,True,0.05,False,MILD
077,61,2026-05-21 16:00:00,366.98,0.1,0.35265306122448975,False,False,True,0.05,False,MILD
077,62,2026-05-21 17:00:00,366.98,0.1,0.36551020408163265,False,False,True,0.05,False,MILD
077,63,2026-05-21 18:00:00,366.98,0.1,0.3665306122448979,False,False,True,0.05,False,MILD
077,64,2026-05-21 19:00:00,366.98,0.2,0.3602040816326531,False,False,True,0.05,False,MILD
077,65,2026-05-21 20:00:00,366.98,0.2,0.3404081632653062,False,False,True,0.05,False,MILD
077,66,2026-05-21 21:00:00,366.98,0.2,0.3302040816326531,False,False,True,0.05,False,MILD
077,67,2026-05-21 22:00:00,366.98,0.2,0.31693877551020405,False,False,True,0.05,False,MILD
077,68,2026-05-21 23:00:00,82.35,0.2,0.3040816326530612,False,False,True,0.05,False,MILD
077,69,2026-05-22 00:00:00,257.49,0.2,0.29244897959183674,False,False,True,0.05,False,MILD
077,70,2026-05-22 01:00:00,257.49,0.2,0.2706122448979592,False,False,True,0.05,False,MILD
077,71,2026-05-22 02:00:00,257.49,0.2,0.25510204081632654,False,False,True,0.05,False,MILD
078,1,2026-02-05 15:00:00,12.88,2.1,0.17857142857142858,False,False,True,0.0,False,MILD
078,2,2026-02-05 16:00:00,12.88,2.1,0.12384615384615387,False,False,True,0.0,False,MILD
078,3,2026-02-05 17:00:00,12.88,2.2,0.11368421052631582,False,False,True,0.0,False,MILD
078,4,2026-02-05 18:00:00,12.88,2.2,0.1252,False,False,True,0.0,False,MILD
078,5,2026-02-05 19:00:00,12.88,2.2,0.12741935483870967,False,False,True,0.0,False,MILD
078,6,2026-02-05 20:00:00,12.88,2.2,0.1183783783783784,False,False,True,0.0,False,MILD
078,7,2026-02-05 21:00:00,12.88,2.2,0.12046511627906976,False,False,True,0.0,False,MILD
078,8,2026-02-05 22:00:00,310.48,2.2,0.12469387755102042,False,False,True,0.0,False,MILD
078,9,2026-02-05 23:00:00,310.48,2.2,0.11979591836734695,False,False,True,0.0,False,MILD
078,10,2026-02-06 00:00:00,310.48,2.2,0.13489795918367348,False,False,True,0.0,False,MILD
078,11,2026-02-06 01:00:00,310.48,1.7,0.1363265306122449,False,False,True,0.0,False,MILD
078,12,2026-02-06 02:00:00,310.48,1.3,0.13918367346938776,False,False,True,0.05,False,MILD
078,13,2026-02-06 03:00:00,310.48,0.8,0.1442857142857143,False,False,True,0.05,False,MILD
078,14,2026-02-06 04:00:00,310.48,0.8,0.1604081632653061,False,False,True,0.05,False,MILD
078,15,2026-02-06 05:00:00,310.48,0.8,0.1783673469387755,False,False,True,0.05,False,MILD
078,16,2026-02-06 06:00:00,205.69,0.7,0.17959183673469387,False,False,True,0.05,False,MILD
078,17,2026-02-06 07:00:00,357.02,0.7,0.1873469387755102,False,False,True,0.05,False,MILD
078,18,2026-02-06 08:00:00,357.02,0.7,0.19387755102040816,False,False,True,0.05,False,MILD
078,19,2026-02-06 09:00:00,357.02,0.7,0.22102040816326532,False,False,True,0.05,False,MILD
078,20,2026-02-06 10:00:00,357.02,0.7,0.22591836734693882,False,False,True,0.05,False,MILD
078,21,2026-02-06 11:00:00,357.02,0.7,0.2385714285714286,False,False,True,0.05,False,MILD
078,22,2026-02-06 12:00:00,357.02,0.7,0.25326530612244896,False,False,True,0.05,False,MILD
078,23,2026-02-06 13:00:00,357.02,0.7,0.2616326530612245,False,False,True,0.05,False,MILD
078,24,2026-02-06 14:00:00,357.02,0.2,0.2812244897959184,False,False,True,0.05,False,MILD
078,25,2026-02-06 15:00:00,91.54,0.2,0.29183673469387755,False,False,True,0.05,False,MILD
078,26,2026-02-06 16:00:00,1.73,0.2,0.3157142857142857,False,False,True,0.05,False,MILD
078,27,2026-02-06 17:00:00,1.73,0.2,0.32346938775510203,False,False,True,0.05,False,MILD
078,28,2026-02-06 18:00:00,1.73,0.2,0.3440816326530612,False,False,True,0.05,False,MILD
078,29,2026-02-06 19:00:00,1.4,0.2,0.3624489795918367,False,False,True,0.05,False,MILD
078,30,2026-02-06 20:00:00,1.4,0.2,0.36918367346938774,False,False,True,0.05,False,MILD
078,31,2026-02-06 21:00:00,129.74,0.2,0.3704081632653062,False,False,True,0.05,False,MILD
078,32,2026-02-06 22:00:00,129.74,0.2,0.37693877551020405,False,False,True,0.05,False,MILD
078,33,2026-02-06 23:00:00,129.74,0.2,0.3924489795918367,False,False,True,0.05,False,MILD
078,34,2026-02-07 00:00:00,129.74,0.2,0.3818367346938776,False,False,True,0.05,False,MILD
078,35,2026-02-07 01:00:00,129.74,0.2,0.38469387755102036,False,False,True,0.05,False,MILD
078,36,2026-02-07 02:00:00,129.74,0.2,0.3795918367346938,False,False,True,0.05,False,MILD
078,37,2026-02-07 03:00:00,129.74,0.2,0.38632653061224487,False,False,True,0.05,False,MILD
078,38,2026-02-07 04:00:00,129.74,0.2,0.3736734693877551,False,False,True,0.05,False,MILD
078,39,2026-02-07 05:00:00,1.57,0.2,0.36857142857142855,False,False,True,0.05,False,MILD
078,40,2026-02-07 06:00:00,1.55,0.2,0.36448979591836733,False,False,True,0.05,False,MILD
078,41,2026-02-07 07:00:00,25.18,0.2,0.36448979591836733,False,False,True,0.05,False,MILD
078,42,2026-02-07 08:00:00,267.31,0.2,0.36836734693877554,False,False,True,0.05,False,MILD
078,43,2026-02-07 09:00:00,267.31,0.2,0.37387755102040815,False,False,True,0.05,False,MILD
078,44,2026-02-07 10:00:00,267.31,0.2,0.37020408163265306,False,False,True,0.05,False,MILD
078,45,2026-02-07 11:00:00,267.31,0.2,0.37265306122448977,False,False,True,0.05,False,MILD
079,1,2026-04-17 14:00:00,4.61,1.2,0.05285714285714286,False,False,True,0.0,False,MILD
079,2,2026-04-17 15:00:00,4.96,2.2,0.03615384615384616,False,False,True,0.0,False,MILD
079,3,2026-04-17 16:00:00,464.83,2.4,0.035789473684210524,False,False,True,0.0,False,MILD
079,4,2026-04-17 17:00:00,464.83,3.0,0.03439999999999999,False,False,True,0.0,False,MILD
079,5,2026-04-17 18:00:00,464.83,3.0,0.041290322580645154,False,False,True,0.0,False,MILD
079,6,2026-04-17 19:00:00,464.83,3.0,0.04486486486486487,False,False,True,0.0,False,MILD
079,7,2026-04-17 20:00:00,464.83,3.2,0.03906976744186046,False,False,True,0.0,False,MILD
079,8,2026-04-17 21:00:00,464.83,3.2,0.026122448979591838,False,False,True,0.0,False,MILD
079,9,2026-04-17 22:00:00,464.83,3.2,0.01326530612244898,False,False,True,0.0,False,MILD
079,10,2026-04-17 23:00:00,464.83,3.2,-0.011836734693877552,True,False,True,0.0,False,MILD
079,11,2026-04-18 00:00:00,6.36,3.2,-0.030000000000000002,True,False,True,0.0,False,MILD
079,12,2026-04-18 01:00:00,6.36,3.2,-0.04469387755102041,True,False,True,0.05,False,MILD
079,13,2026-04-18 02:00:00,6.36,3.2,-0.05938775510204082,True,False,True,0.05,False,MILD
079,14,2026-04-18 03:00:00,4.09,3.2,-0.0853061224489796,True,False,True,0.05,False,MILD
079,15,2026-04-18 04:00:00,364.01,0.6,-0.11142857142857145,True,False,True,0.05,False,MILD
079,16,2026-04-18 05:00:00,364.01,0.6,-0.11979591836734695,True,False,True,0.05,False,MILD
079,17,2026-04-18 06:00:00,364.01,0.6,-0.13857142857142857,True,False,True,0.05,False,MILD
079,18,2026-04-18 07:00:00,364.01,0.6,-0.1346938775510204,True,False,True,0.05,False,MILD
079,19,2026-04-18 08:00:00,364.01,0.6,-0.13346938775510203,True,False,True,0.05,False,MILD
079,20,2026-04-18 09:00:00,364.01,0.6,-0.13408163265306122,True,False,True,0.05,False,MILD
079,21,2026-04-18 10:00:00,364.01,0.7,-0.14326530612244898,True,False,True,0.05,False,MILD
079,22,2026-04-18 11:00:00,364.01,0.7,-0.15448979591836734,True,False,True,0.05,False,MILD
079,23,2026-04-18 12:00:00,3.39,0.7,-0.16224489795918368,True,True,False,0.05,False,MILD
079,24,2026-04-18 13:00:00,3.11,0.7,-0.15244897959183676,True,True,False,0.05,False,MILD
079,25,2026-04-18 14:00:00,3.11,0.7,-0.13938775510204082,True,True,False,0.05,False,MILD
079,26,2026-04-18 15:00:00,48.35,0.7,-0.1410204081632653,True,False,True,0.05,False,MILD
079,27,2026-04-18 16:00:00,48.35,0.7,-0.14551020408163268,True,False,True,0.05,False,MILD
079,28,2026-04-18 17:00:00,48.35,0.7,-0.14204081632653062,True,False,True,0.05,False,MILD
079,29,2026-04-18 18:00:00,91.21,0.4,-0.12999999999999998,True,False,True,0.05,False,MILD
079,30,2026-04-18 19:00:00,91.21,0.3,-0.11346938775510206,True,False,True,0.05,False,MILD
079,31,2026-04-18 20:00:00,102.96,0.2,-0.09408163265306123,True,False,True,0.05,False,MILD
079,32,2026-04-18 21:00:00,102.96,0.2,-0.08387755102040817,True,False,True,0.05,False,MILD
079,33,2026-04-18 22:00:00,102.96,0.2,-0.08040816326530612,True,False,True,0.05,False,MILD
079,34,2026-04-18 23:00:00,102.96,0.2,-0.05959183673469388,True,False,True,0.05,False,MILD
079,35,2026-04-19 00:00:00,102.96,0.2,-0.04653061224489796,True,False,True,0.05,False,MILD
079,36,2026-04-19 01:00:00,102.96,0.2,-0.03959183673469389,True,False,True,0.05,False,MILD
079,37,2026-04-19 02:00:00,371.68,0.2,-0.031224489795918367,True,False,True,0.05,False,MILD
079,38,2026-04-19 03:00:00,371.68,0.2,-0.023469387755102038,True,False,True,0.05,False,MILD
079,39,2026-04-19 04:00:00,371.68,0.2,-0.004897959183673468,True,False,True,0.05,False,MILD
079,40,2026-04-19 05:00:00,371.68,0.2,0.004081632653061222,False,False,True,0.05,False,MILD
079,41,2026-04-19 06:00:00,371.68,0.2,0.015510204081632659,False,False,True,0.05,False,MILD
079,42,2026-04-19 07:00:00,371.68,0.2,0.01591836734693878,False,False,True,0.05,False,MILD
079,43,2026-04-19 08:00:00,371.68,0.2,0.011836734693877552,False,False,True,0.05,False,MILD
079,44,2026-04-19 09:00:00,371.68,0.2,0.017346938775510207,False,False,True,0.05,False,MILD
079,45,2026-04-19 10:00:00,1.71,0.2,0.02448979591836735,False,False,True,0.05,False,MILD
079,46,2026-04-19 11:00:00,1.71,0.2,0.03408163265306123,False,False,True,0.05,False,MILD
079,47,2026-04-19 12:00:00,1.71,0.2,0.021836734693877542,False,False,True,0.05,False,MILD
079,48,2026-04-19 13:00:00,120.91,0.2,0.02510204081632653,False,False,True,0.05,False,MILD
079,49,2026-04-19 14:00:00,120.91,0.2,0.02653061224489796,False,False,True,0.05,False,MILD
079,50,2026-04-19 15:00:00,120.91,0.2,0.02775510204081633,False,False,True,0.05,False,MILD
079,51,2026-04-19 16:00:00,120.91,0.3,0.02795918367346939,False,False,True,0.05,False,MILD
079,52,2026-04-19 17:00:00,120.91,0.3,0.02510204081632653,False,False,True,0.05,False,MILD
079,53,2026-04-19 18:00:00,120.91,0.3,0.030408163265306123,False,False,True,0.05,False,MILD
079,54,2026-04-19 19:00:00,120.91,0.3,0.021632653061224492,False,False,True,0.05,False,MILD
079,55,2026-04-19 20:00:00,120.91,0.3,0.027551020408163266,False,False,True,0.05,False,MILD
079,56,2026-04-19 21:00:00,30.71,0.3,0.028367346938775517,False,False,True,0.05,False,MILD
079,57,2026-04-19 22:00:00,30.71,0.3,0.02591836734693878,False,False,True,0.05,False,MILD
079,58,2026-04-19 23:00:00,30.71,0.3,0.03204081632653061,False,False,True,0.05,False,MILD
079,59,2026-04-20 00:00:00,30.71,0.3,0.04285714285714286,False,False,True,0.05,False,MILD
079,60,2026-04-20 01:00:00,30.71,0.2,0.044081632653061226,False,False,True,0.05,False,MILD
079,61,2026-04-20 02:00:00,1.58,0.2,0.046326530612244905,False,False,True,0.05,False,MILD
079,62,2026-04-20 03:00:00,1.6,0.2,0.052244897959183675,False,False,True,0.05,False,MILD
079,63,2026-04-20 04:00:00,1.6,0.2,0.049999999999999996,False,False,True,0.05,False,MILD
079,64,2026-04-20 05:00:00,159.72,0.2,0.043673469387755105,False,False,True,0.05,False,MILD
080,1,2026-04-28 23:00:00,237.82,0.9,-0.35428571428571437,True,False,True,0.0,False,MILD
080,2,2026-04-29 00:00:00,237.82,1.6,-0.38384615384615384,True,False,True,0.0,False,MILD
080,3,2026-04-29 01:00:00,237.82,1.6,-0.39473684210526316,True,False,True,0.0,False,MILD
080,4,2026-04-29 02:00:00,237.82,1.6,-0.4004000000000001,True,False,True,0.0,False,MILD
080,5,2026-04-29 03:00:00,237.82,2.3,-0.4103225806451613,True,False,True,0.0,False,MILD
080,6,2026-04-29 04:00:00,237.82,2.4,-0.40648648648648644,True,False,True,0.0,False,MILD
080,7,2026-04-29 05:00:00,237.82,2.4,-0.4204651162790698,True,False,True,0.0,False,MILD
080,8,2026-04-29 06:00:00,237.82,2.7,-0.4177551020408163,True,False,True,0.0,False,MILD
080,9,2026-04-29 07:00:00,8.2,2.7,-0.43387755102040815,True,True,False,0.0,False,MILD
080,10,2026-04-29 08:00:00,8.2,2.7,-0.43612244897959185,True,True,False,0.0,False,MILD
080,11,2026-04-29 09:00:00,8.2,2.7,-0.436734693877551,True,True,False,0.0,False,MILD
080,12,2026-04-29 10:00:00,34.64,2.7,-0.4524489795918367,True,False,True,0.05,False,MILD
080,13,2026-04-29 11:00:00,34.64,2.7,-0.4563265306122449,True,False,True,0.05,False,MILD
080,14,2026-04-29 12:00:00,219.79,2.7,-0.4628571428571429,True,False,True,0.05,False,MILD
080,15,2026-04-29 13:00:00,219.79,2.7,-0.4673469387755102,True,False,True,0.05,False,MILD
080,16,2026-04-29 14:00:00,219.79,1.9,-0.4828571428571429,True,False,True,0.05,False,MILD
080,17,2026-04-29 15:00:00,219.79,1.6,-0.48163265306122444,True,False,True,0.05,False,MILD
080,18,2026-04-29 16:00:00,261.8,0.7,-0.4855102040816327,True,False,True,0.05,False,MILD
080,19,2026-04-29 17:00:00,261.8,0.7,-0.4926530612244898,True,False,True,0.05,False,MILD
080,20,2026-04-29 18:00:00,261.8,0.7,-0.473265306122449,True,False,True,0.05,False,MILD
080,21,2026-04-29 19:00:00,261.8,0.7,-0.4622448979591837,True,False,True,0.05,False,MILD
080,22,2026-04-29 20:00:00,261.8,0.7,-0.45571428571428574,True,False,True,0.05,False,MILD
080,23,2026-04-29 21:00:00,261.8,0.6,-0.45020408163265313,True,False,True,0.05,False,MILD
080,24,2026-04-29 22:00:00,261.8,0.6,-0.4442857142857143,True,False,True,0.05,False,MILD
080,25,2026-04-29 23:00:00,261.8,0.6,-0.44999999999999996,True,False,True,0.05,False,MILD
080,26,2026-04-30 00:00:00,123.75,0.6,-0.46367346938775517,True,False,True,0.05,False,MILD
080,27,2026-04-30 01:00:00,123.75,0.7,-0.46938775510204084,True,False,True,0.05,False,MILD
080,28,2026-04-30 02:00:00,123.75,0.7,-0.4859183673469388,True,False,True,0.05,False,MILD
080,29,2026-04-30 03:00:00,123.75,0.7,-0.49734693877551023,True,False,True,0.05,False,MILD
080,30,2026-04-30 04:00:00,123.75,0.7,-0.4993877551020408,True,False,True,0.05,False,MILD
080,31,2026-04-30 05:00:00,123.75,0.7,-0.5061224489795918,True,False,True,0.05,False,MILD
080,32,2026-04-30 06:00:00,22.12,0.7,-0.513265306122449,True,False,True,0.05,False,MILD
080,33,2026-04-30 07:00:00,22.12,0.7,-0.5018367346938776,True,False,True,0.05,False,MILD
080,34,2026-04-30 08:00:00,22.12,0.7,-0.49408163265306126,True,False,True,0.05,False,MILD
080,35,2026-04-30 09:00:00,22.12,0.6,-0.4812244897959184,True,False,True,0.05,False,MILD
080,36,2026-04-30 10:00:00,22.12,0.7,-0.4838775510204082,True,False,True,0.05,False,MILD
080,37,2026-04-30 11:00:00,22.12,0.7,-0.47591836734693876,True,False,True,0.05,False,MILD
080,38,2026-04-30 12:00:00,22.12,0.7,-0.4838775510204081,True,False,True,0.05,False,MILD
080,39,2026-04-30 13:00:00,22.12,0.7,-0.47367346938775506,True,False,True,0.05,False,MILD
080,40,2026-04-30 14:00:00,3.59,0.7,-0.46959183673469385,True,True,False,0.05,False,MILD
080,41,2026-04-30 15:00:00,126.63,0.7,-0.4753061224489796,True,False,True,0.05,False,MILD
080,42,2026-04-30 16:00:00,126.63,0.7,-0.45857142857142863,True,False,True,0.05,False,MILD
080,43,2026-04-30 17:00:00,126.63,0.7,-0.45040816326530614,True,False,True,0.05,False,MILD
080,44,2026-04-30 18:00:00,126.63,0.7,-0.43163265306122445,True,False,True,0.05,False,MILD
080,45,2026-04-30 19:00:00,126.63,0.2,-0.42387755102040814,True,False,True,0.05,False,MILD
080,46,2026-04-30 20:00:00,408.02,0.2,-0.41285714285714287,True,False,True,0.05,False,MILD
080,47,2026-04-30 21:00:00,408.02,0.2,-0.4114285714285714,True,False,True,0.05,False,MILD
080,48,2026-04-30 22:00:00,408.02,0.2,-0.40122448979591835,True,False,True,0.05,False,MILD
080,49,2026-04-30 23:00:00,408.02,0.2,-0.38836734693877556,True,False,True,0.05,False,MILD
080,50,2026-05-01 00:00:00,408.02,0.2,-0.3904081632653061,True,False,True,0.05,False,MILD
080,51,2026-05-01 01:00:00,553.12,0.2,-0.3977551020408163,True,False,True,0.05,False,MILD
080,52,2026-05-01 02:00:00,553.12,0.2,-0.40979591836734697,True,False,True,0.05,False,MILD
080,53,2026-05-01 03:00:00,553.12,0.2,-0.41,True,False,True,0.05,False,MILD
080,54,2026-05-01 04:00:00,553.12,0.2,-0.41816326530612247,True,False,True,0.05,False,MILD
080,55,2026-05-01 05:00:00,553.12,0.2,-0.40836734693877547,True,False,True,0.05,False,MILD
080,56,2026-05-01 06:00:00,553.12,0.2,-0.4016326530612244,True,False,True,0.05,False,MILD
080,57,2026-05-01 07:00:00,553.12,0.2,-0.4102040816326531,True,False,True,0.05,False,MILD
080,58,2026-05-01 08:00:00,553.12,0.2,-0.4051020408163265,True,False,True,0.05,False,MILD
080,59,2026-05-01 09:00:00,74.59,0.1,-0.40530612244897957,True,False,True,0.05,False,MILD
080,60,2026-05-01 10:00:00,74.59,0.2,-0.40714285714285714,True,False,True,0.05,False,MILD
080,61,2026-05-01 11:00:00,43.97,0.2,-0.41571428571428576,True,False,True,0.05,False,MILD
080,62,2026-05-01 12:00:00,43.97,0.2,-0.4179591836734694,True,False,True,0.05,False,MILD
080,63,2026-05-01 13:00:00,43.97,0.2,-0.436530612244898,True,False,True,0.05,False,MILD
080,64,2026-05-01 14:00:00,43.97,0.2,-0.4608163265306122,True,False,True,0.05,False,MILD
080,65,2026-05-01 15:00:00,43.97,0.2,-0.48000000000000004,True,False,True,0.05,False,MILD
080,66,2026-05-01 16:00:00,43.97,0.2,-0.49428571428571433,True,False,True,0.05,False,MILD
080,67,2026-05-01 17:00:00,1.99,0.2,-0.4981632653061224,True,True,False,0.05,False,MILD
080,68,2026-05-01 18:00:00,1.99,0.2,-0.5057142857142858,True,True,False,0.05,False,MILD
080,69,2026-05-01 19:00:00,1.99,0.2,-0.523061224489796,True,True,False,0.05,False,MILD
080,70,2026-05-01 20:00:00,65.47,0.2,-0.53,True,False,True,0.05,False,MILD
080,71,2026-05-01 21:00:00,65.47,0.2,-0.5377551020408163,True,False,True,0.05,False,MILD
080,72,2026-05-01 22:00:00,65.47,0.2,-0.5279591836734694,True,False,True,0.05,False,MILD
080,73,2026-05-01 23:00:00,65.47,0.2,-0.5248979591836735,True,False,True,0.05,False,MILD
080,74,2026-05-02 00:00:00,65.47,0.2,-0.5259183673469389,True,False,True,0.05,False,MILD
080,75,2026-05-02 01:00:00,65.47,0.2,-0.5171428571428571,True,False,True,0.05,False,MILD
080,76,2026-05-02 02:00:00,65.47,0.2,-0.5138775510204081,True,False,True,0.05,False,MILD
080,77,2026-05-02 03:00:00,65.47,0.2,-0.49999999999999994,True,False,True,0.05,False,MILD
080,78,2026-05-02 04:00:00,78.8,0.2,-0.48857142857142855,True,False,True,0.05,False,MILD
080,79,2026-05-02 05:00:00,78.8,0.2,-0.483469387755102,True,False,True,0.05,False,MILD
080,80,2026-05-02 06:00:00,78.8,0.2,-0.4918367346938775,True,False,True,0.05,False,MILD
080,81,2026-05-02 07:00:00,78.8,0.2,-0.4971428571428571,True,False,True,0.05,False,MILD
080,82,2026-05-02 08:00:00,78.8,0.2,-0.4883673469387755,True,False,True,0.05,False,MILD
080,83,2026-05-02 09:00:00,260.09,0.2,-0.4975510204081633,True,False,True,0.05,False,MILD
080,84,2026-05-02 10:00:00,260.09,0.2,-0.49897959183673474,True,False,True,0.05,False,MILD
080,85,2026-05-02 11:00:00,260.09,0.2,-0.4895918367346939,True,False,True,0.05,False,MILD
080,86,2026-05-02 12:00:00,517.78,0.2,-0.4883673469387755,True,False,True,0.05,False,MILD
080,87,2026-05-02 13:00:00,517.78,0.2,-0.4812244897959184,True,False,True,0.05,False,MILD
080,88,2026-05-02 14:00:00,517.78,0.2,-0.4614285714285714,True,False,True,0.05,False,MILD
080,89,2026-05-02 15:00:00,517.78,0.2,-0.4481632653061225,True,False,True,0.05,False,MILD
080,90,2026-05-02 16:00:00,517.78,0.2,-0.43224489795918375,True,False,True,0.05,False,MILD
080,91,2026-05-02 17:00:00,517.78,0.2,-0.4095918367346939,True,False,True,0.05,False,MILD
080,92,2026-05-02 18:00:00,517.78,0.2,-0.393469387755102,True,False,True,0.05,False,MILD
080,93,2026-05-02 19:00:00,517.78,0.2,-0.3793877551020408,True,False,True,0.05,False,MILD
080,94,2026-05-02 20:00:00,517.78,0.2,-0.35816326530612247,True,False,True,0.05,False,MILD
080,95,2026-05-02 21:00:00,300.07,0.2,-0.32877551020408163,True,False,True,0.05,False,MILD
080,96,2026-05-02 22:00:00,300.07,0.2,-0.2971428571428571,True,False,True,0.05,False,MILD
080,97,2026-05-02 23:00:00,300.07,0.2,-0.2655102040816327,True,False,True,0.05,False,MILD
080,98,2026-05-03 00:00:00,300.07,0.2,-0.24714285714285716,True,False,True,0.05,False,MILD
080,99,2026-05-03 01:00:00,300.07,0.2,-0.23795918367346938,True,False,True,0.05,False,MILD
080,100,2026-05-03 02:00:00,300.07,0.2,-0.23081632653061226,True,False,True,0.05,False,MILD
080,101,2026-05-03 03:00:00,300.07,0.2,-0.21979591836734694,True,False,True,0.05,False,MILD
080,102,2026-05-03 04:00:00,300.07,0.2,-0.21428571428571425,True,False,True,0.05,False,MILD
080,103,2026-05-03 05:00:00,300.07,0.2,-0.22755102040816327,True,False,True,0.05,False,MILD
080,104,2026-05-03 06:00:00,61.27,0.2,-0.24020408163265305,True,False,True,0.05,False,MILD
080,105,2026-05-03 07:00:00,388.2,0.2,-0.25224489795918364,True,False,True,0.05,False,MILD
080,106,2026-05-03 08:00:00,388.2,0.2,-0.2526530612244898,True,False,True,0.05,False,MILD
080,107,2026-05-03 09:00:00,388.2,0.2,-0.2612244897959184,True,False,True,0.05,False,MILD
080,108,2026-05-03 10:00:00,388.2,0.2,-0.25979591836734695,True,False,True,0.05,False,MILD
081,1,2026-03-18 07:00:00,5.6,2.6,-0.8571428571428571,True,True,True,0.0,False,MILD
081,2,2026-03-18 08:00:00,9.96,2.6,-0.8353846153846155,True,True,True,0.0,False,MILD
081,3,2026-03-18 09:00:00,275.15,2.6,-0.8542105263157895,True,False,True,0.0,False,MILD
081,4,2026-03-18 10:00:00,275.15,2.6,-0.8492000000000001,True,False,True,0.0,False,MILD
081,5,2026-03-18 11:00:00,275.15,2.6,-0.8441935483870967,True,False,True,0.0,False,MILD
081,6,2026-03-18 12:00:00,275.15,2.6,-0.8505405405405405,True,False,True,0.0,False,MILD
081,7,2026-03-18 13:00:00,275.15,2.6,-0.8486046511627909,True,False,True,0.0,False,MILD
081,8,2026-03-18 14:00:00,275.15,2.6,-0.8471428571428571,True,False,True,0.0,False,MILD
081,9,2026-03-18 15:00:00,275.15,2.5,-0.8483673469387755,True,False,True,0.0,False,MILD
081,10,2026-03-18 16:00:00,275.15,1.4,-0.8516326530612244,True,False,True,0.0,False,MILD
081,11,2026-03-18 17:00:00,92.53,0.9,-0.8475510204081633,True,False,True,0.0,False,MILD
081,12,2026-03-18 18:00:00,92.53,0.9,-0.8440816326530614,True,False,True,0.05,False,MILD
081,13,2026-03-18 19:00:00,92.53,0.9,-0.8514285714285715,True,False,True,0.05,False,MILD
081,14,2026-03-18 20:00:00,2.89,0.9,-0.8536734693877552,True,True,False,0.05,False,MILD
081,15,2026-03-18 21:00:00,2.89,0.9,-0.8612244897959185,True,True,False,0.05,False,MILD
081,16,2026-03-18 22:00:00,2.89,0.9,-0.8742857142857142,True,True,False,0.05,False,MILD
081,17,2026-03-18 23:00:00,2.42,0.9,-0.8848979591836734,True,True,False,0.05,False,MILD
081,18,2026-03-19 00:00:00,2.39,0.9,-0.8948979591836733,True,True,False,0.05,False,MILD
081,19,2026-03-19 01:00:00,1.7,0.2,-0.9087755102040816,True,True,False,0.05,False,MILD
081,20,2026-03-19 02:00:00,1.7,0.2,-0.9216326530612244,True,True,False,0.05,False,MILD
081,21,2026-03-19 03:00:00,1.7,0.2,-0.9328571428571428,True,True,False,0.05,False,MILD
081,22,2026-03-19 04:00:00,320.01,0.2,-0.9414285714285715,True,False,True,0.05,False,MILD
081,23,2026-03-19 05:00:00,320.01,0.2,-0.9379591836734694,True,False,True,0.05,False,MILD
081,24,2026-03-19 06:00:00,320.01,0.2,-0.9385714285714286,True,False,True,0.05,False,MILD
081,25,2026-03-19 07:00:00,320.01,0.2,-0.9395918367346938,True,False,True,0.05,False,MILD
081,26,2026-03-19 08:00:00,320.01,0.2,-0.9377551020408164,True,False,True,0.05,False,MILD
081,27,2026-03-19 09:00:00,320.01,0.2,-0.9426530612244899,True,False,True,0.05,False,MILD
081,28,2026-03-19 10:00:00,320.01,0.2,-0.9514285714285715,True,False,True,0.05,False,MILD
081,29,2026-03-19 11:00:00,320.01,0.2,-0.943673469387755,True,False,True,0.05,False,MILD
082,1,2026-01-28 14:00:00,95.94,0.9,0.4442857142857143,False,False,True,0.0,False,MILD
082,2,2026-01-28 15:00:00,95.94,1.2,0.3884615384615385,False,False,True,0.0,False,MILD
082,3,2026-01-28 16:00:00,166.71,1.9,0.37631578947368416,False,False,True,0.0,False,MILD
082,4,2026-01-28 17:00:00,166.71,2.0,0.3544,False,False,True,0.0,False,MILD
082,5,2026-01-28 18:00:00,166.71,2.0,0.35290322580645156,False,False,True,0.0,False,MILD
082,6,2026-01-28 19:00:00,166.71,2.0,0.3518918918918919,False,False,True,0.0,False,MILD
082,7,2026-01-28 20:00:00,166.71,3.0,0.35046511627906973,False,False,True,0.0,False,MILD
082,8,2026-01-28 21:00:00,166.71,3.0,0.34755102040816327,False,False,True,0.0,False,MILD
082,9,2026-01-28 22:00:00,166.71,3.0,0.3438775510204082,False,False,True,0.0,False,MILD
082,10,2026-01-28 23:00:00,166.71,3.0,0.3440816326530613,False,False,True,0.0,False,MILD
082,11,2026-01-29 00:00:00,90.25,3.0,0.35795918367346946,False,False,True,0.0,False,MILD
082,12,2026-01-29 01:00:00,90.25,3.0,0.37510204081632653,False,False,True,0.05,False,MILD
082,13,2026-01-29 02:00:00,90.25,3.0,0.38897959183673475,False,False,True,0.05,False,MILD
082,14,2026-01-29 03:00:00,90.25,3.0,0.3926530612244898,False,False,True,0.05,False,MILD
082,15,2026-01-29 04:00:00,90.25,0.9,0.3924489795918367,False,False,True,0.05,False,MILD
082,16,2026-01-29 05:00:00,90.25,0.8,0.403265306122449,False,False,True,0.05,False,MILD
082,17,2026-01-29 06:00:00,90.25,0.6,0.4087755102040816,False,False,True,0.05,False,MILD
082,18,2026-01-29 07:00:00,90.25,0.6,0.4228571428571428,False,False,True,0.05,False,MILD
082,19,2026-01-29 08:00:00,52.75,0.6,0.4291836734693878,False,False,True,0.05,False,MILD
082,20,2026-01-29 09:00:00,3.79,0.6,0.4357142857142857,False,False,True,0.05,False,MILD
082,21,2026-01-29 10:00:00,3.79,0.5,0.429795918367347,False,False,True,0.05,False,MILD
082,22,2026-01-29 11:00:00,3.79,0.5,0.4346938775510205,False,False,True,0.05,False,MILD
082,23,2026-01-29 12:00:00,45.84,0.5,0.4406122448979592,False,False,True,0.05,False,MILD
082,24,2026-01-29 13:00:00,133.92,0.5,0.43979591836734694,False,False,True,0.05,False,MILD
082,25,2026-01-29 14:00:00,133.92,0.5,0.43612244897959185,False,False,True,0.05,False,MILD
082,26,2026-01-29 15:00:00,216.15,0.7,0.4161224489795918,False,False,True,0.05,False,MILD
082,27,2026-01-29 16:00:00,216.15,0.7,0.3971428571428572,False,False,True,0.05,False,MILD
082,28,2026-01-29 17:00:00,216.15,0.7,0.3812244897959184,False,False,True,0.05,False,MILD
082,29,2026-01-29 18:00:00,216.15,0.7,0.3836734693877551,False,False,True,0.05,False,MILD
082,30,2026-01-29 19:00:00,300.17,0.7,0.3840816326530613,False,False,True,0.05,False,MILD
082,31,2026-01-29 20:00:00,300.17,0.7,0.38571428571428573,False,False,True,0.05,False,MILD
082,32,2026-01-29 21:00:00,300.17,0.7,0.38877551020408174,False,False,True,0.05,False,MILD
082,33,2026-01-29 22:00:00,300.17,0.7,0.39102040816326533,False,False,True,0.05,False,MILD
082,34,2026-01-29 23:00:00,300.17,0.3,0.39938775510204083,False,False,True,0.05,False,MILD
082,35,2026-01-30 00:00:00,300.17,0.3,0.40122448979591835,False,False,True,0.05,False,MILD
082,36,2026-01-30 01:00:00,300.17,0.3,0.4112244897959184,False,False,True,0.05,False,MILD
082,37,2026-01-30 02:00:00,300.17,0.3,0.4110204081632653,False,False,True,0.05,False,MILD
082,38,2026-01-30 03:00:00,192.23,0.2,0.4167346938775511,False,False,True,0.05,False,MILD
082,39,2026-01-30 04:00:00,192.23,0.2,0.41204081632653056,False,False,True,0.05,False,MILD
082,40,2026-01-30 05:00:00,192.23,0.2,0.41204081632653056,False,False,True,0.05,False,MILD
082,41,2026-01-30 06:00:00,14.78,0.2,0.40020408163265303,False,False,True,0.05,False,MILD
082,42,2026-01-30 07:00:00,14.51,0.2,0.3928571428571428,False,False,True,0.05,False,MILD
082,43,2026-01-30 08:00:00,14.51,0.2,0.39,False,False,True,0.05,False,MILD
082,44,2026-01-30 09:00:00,14.51,0.2,0.37326530612244896,False,False,True,0.05,False,MILD
082,45,2026-01-30 10:00:00,14.51,0.2,0.35020408163265304,False,False,True,0.05,False,MILD
082,46,2026-01-30 11:00:00,14.51,0.1,0.3212244897959184,False,False,True,0.05,False,MILD
082,47,2026-01-30 12:00:00,14.51,0.2,0.293469387755102,False,False,True,0.05,False,MILD
082,48,2026-01-30 13:00:00,2.01,0.2,0.2751020408163265,False,False,True,0.05,False,MILD
082,49,2026-01-30 14:00:00,2.01,0.2,0.26265306122448984,False,False,True,0.05,False,MILD
082,50,2026-01-30 15:00:00,95.11,0.2,0.2528571428571429,False,False,True,0.05,False,MILD
082,51,2026-01-30 16:00:00,95.11,0.2,0.2561224489795918,False,False,True,0.05,False,MILD
082,52,2026-01-30 17:00:00,95.11,0.2,0.2593877551020408,False,False,True,0.05,False,MILD
082,53,2026-01-30 18:00:00,95.11,0.2,0.2683673469387755,False,False,True,0.05,False,MILD
082,54,2026-01-30 19:00:00,95.11,0.2,0.2720408163265306,False,False,True,0.05,False,MILD
082,55,2026-01-30 20:00:00,95.11,0.2,0.2646938775510204,False,False,True,0.05,False,MILD
082,56,2026-01-30 21:00:00,95.11,0.2,0.2616326530612245,False,False,True,0.05,False,MILD
082,57,2026-01-30 22:00:00,95.11,0.2,0.25816326530612244,False,False,True,0.05,False,MILD
082,58,2026-01-30 23:00:00,1.51,0.2,0.2640816326530612,False,False,True,0.05,False,MILD
082,59,2026-01-31 00:00:00,1.51,0.2,0.26081632653061226,False,False,True,0.05,False,MILD
082,60,2026-01-31 01:00:00,1.61,0.2,0.2546938775510204,False,False,True,0.05,False,MILD
082,61,2026-01-31 02:00:00,1.61,0.2,0.24469387755102037,False,False,True,0.05,False,MILD
082,62,2026-01-31 03:00:00,1.61,0.2,0.2577551020408163,False,False,True,0.05,False,MILD
082,63,2026-01-31 04:00:00,1.61,0.2,0.2755102040816326,False,False,True,0.05,False,MILD
082,64,2026-01-31 05:00:00,1.61,0.2,0.2897959183673469,False,False,True,0.05,False,MILD
082,65,2026-01-31 06:00:00,1.61,0.2,0.2869387755102041,False,False,True,0.05,False,MILD
082,66,2026-01-31 07:00:00,204.0,0.2,0.2938775510204082,False,False,True,0.05,False,MILD
082,67,2026-01-31 08:00:00,204.0,0.2,0.29183673469387755,False,False,True,0.05,False,MILD
082,68,2026-01-31 09:00:00,204.0,0.2,0.283469387755102,False,False,True,0.05,False,MILD
082,69,2026-01-31 10:00:00,204.0,0.2,0.2808163265306123,False,False,True,0.05,False,MILD
082,70,2026-01-31 11:00:00,204.0,0.2,0.27510204081632655,False,False,True,0.05,False,MILD
082,71,2026-01-31 12:00:00,204.0,0.2,0.27163265306122447,False,False,True,0.05,False,MILD
082,72,2026-01-31 13:00:00,204.0,0.1,0.27693877551020407,False,False,True,0.05,False,MILD
082,73,2026-01-31 14:00:00,204.0,0.1,0.28326530612244893,False,False,True,0.05,False,MILD
082,74,2026-01-31 15:00:00,132.46,0.2,0.27918367346938777,False,False,True,0.05,False,MILD
082,75,2026-01-31 16:00:00,132.46,0.2,0.2936734693877551,False,False,True,0.05,False,MILD
082,76,2026-01-31 17:00:00,132.46,0.2,0.3059183673469388,False,False,True,0.05,False,MILD
082,77,2026-01-31 18:00:00,132.46,0.2,0.3185714285714286,False,False,True,0.05,False,MILD
082,78,2026-01-31 19:00:00,132.46,0.2,0.3248979591836735,False,False,True,0.05,False,MILD
082,79,2026-01-31 20:00:00,274.34,0.2,0.33163265306122447,False,False,True,0.05,False,MILD
082,80,2026-01-31 21:00:00,274.34,0.2,0.32673469387755105,False,False,True,0.05,False,MILD
082,81,2026-01-31 22:00:00,274.34,0.2,0.3355102040816326,False,False,True,0.05,False,MILD
082,82,2026-01-31 23:00:00,274.34,0.2,0.33959183673469384,False,False,True,0.05,False,MILD
082,83,2026-02-01 00:00:00,274.34,0.2,0.35040816326530616,False,False,True,0.05,False,MILD
083,1,2026-05-08 10:00:00,5.43,2.0,-0.5228571428571429,True,True,True,0.0,False,MODERATE
083,2,2026-05-08 11:00:00,5.84,2.0,-0.5253846153846153,True,True,True,0.0,False,MODERATE
083,3,2026-05-08 12:00:00,6.29,2.0,-0.5563157894736842,True,True,True,0.0,False,MODERATE
083,4,2026-05-08 13:00:00,72.69,2.0,-0.5608000000000001,True,False,True,0.0,False,MODERATE
083,5,2026-05-08 14:00:00,72.69,2.0,-0.5612903225806452,True,False,True,0.0,False,MODERATE
083,6,2026-05-08 15:00:00,72.69,2.0,-0.5537837837837839,True,False,True,0.0,False,MODERATE
083,7,2026-05-08 16:00:00,276.56,3.5,-0.5506976744186046,True,False,True,0.0,False,MODERATE
083,8,2026-05-08 17:00:00,276.56,3.5,-0.539795918367347,True,False,True,0.0,False,MODERATE
083,9,2026-05-08 18:00:00,276.56,3.5,-0.5426530612244898,True,False,True,0.0,False,MODERATE
083,10,2026-05-08 19:00:00,276.56,3.5,-0.539795918367347,True,False,True,0.0,False,MODERATE
083,11,2026-05-08 20:00:00,276.56,3.5,-0.5369387755102041,True,False,True,0.0,False,MODERATE
083,12,2026-05-08 21:00:00,764.3,3.5,-0.5255102040816326,True,False,True,0.0,False,MODERATE
083,13,2026-05-08 22:00:00,764.3,3.5,-0.5146938775510204,True,False,True,0.0,False,MODERATE
083,14,2026-05-08 23:00:00,764.3,3.5,-0.5181632653061224,True,False,True,0.0,False,MODERATE
083,15,2026-05-09 00:00:00,764.3,2.8,-0.5061224489795918,True,False,True,0.0,False,MODERATE
083,16,2026-05-09 01:00:00,764.3,2.4,-0.5089795918367347,True,False,True,0.0,False,MODERATE
083,17,2026-05-09 02:00:00,764.3,2.3,-0.4987755102040817,True,False,True,0.0,False,MODERATE
083,18,2026-05-09 03:00:00,764.3,1.4,-0.48897959183673473,True,False,True,0.0,False,MODERATE
083,19,2026-05-09 04:00:00,764.3,0.7,-0.4638775510204081,True,False,True,0.0,False,MODERATE
083,20,2026-05-09 05:00:00,271.37,0.7,-0.4565306122448979,True,False,True,0.0,False,MODERATE
083,21,2026-05-09 06:00:00,271.37,0.7,-0.44979591836734695,True,False,True,0.0,False,MODERATE
083,22,2026-05-09 07:00:00,271.37,0.7,-0.443469387755102,True,False,True,0.0,False,MODERATE
083,23,2026-05-09 08:00:00,271.37,0.7,-0.44224489795918365,True,False,True,0.0,False,MODERATE
083,24,2026-05-09 09:00:00,271.37,0.7,-0.4334693877551021,True,False,True,0.0,False,MODERATE
083,25,2026-05-09 10:00:00,271.37,0.8,-0.4251020408163265,True,False,True,0.0,False,MODERATE
083,26,2026-05-09 11:00:00,271.37,0.8,-0.42530612244897953,True,False,True,0.0,False,MODERATE
083,27,2026-05-09 12:00:00,271.37,0.8,-0.42326530612244895,True,False,True,0.0,False,MODERATE
083,28,2026-05-09 13:00:00,176.78,0.8,-0.4110204081632654,True,False,True,0.0,False,MODERATE
083,29,2026-05-09 14:00:00,176.78,0.8,-0.39693877551020407,True,False,True,0.0,False,MODERATE
083,30,2026-05-09 15:00:00,36.87,0.8,-0.3820408163265306,True,False,True,0.0,False,MODERATE
083,31,2026-05-09 16:00:00,36.87,0.8,-0.3714285714285715,True,False,True,0.0,False,MODERATE
083,32,2026-05-09 17:00:00,36.87,0.8,-0.35897959183673467,True,False,True,0.0,False,MODERATE
083,33,2026-05-09 18:00:00,36.87,0.8,-0.36081632653061224,True,False,True,0.0,False,MODERATE
083,34,2026-05-09 19:00:00,36.87,0.7,-0.34877551020408154,True,False,True,0.0,False,MODERATE
083,35,2026-05-09 20:00:00,36.87,0.7,-0.3477551020408164,True,False,True,0.0,False,MODERATE
083,36,2026-05-09 21:00:00,3.08,0.7,-0.36061224489795923,True,True,True,0.0,False,MODERATE
083,37,2026-05-09 22:00:00,3.08,0.7,-0.3704081632653062,True,True,True,0.0,False,MODERATE
083,38,2026-05-09 23:00:00,32.26,0.7,-0.37999999999999995,True,False,True,0.0,False,MODERATE
083,39,2026-05-10 00:00:00,32.26,0.7,-0.37734693877551023,True,False,True,0.0,False,MODERATE
083,40,2026-05-10 01:00:00,32.26,0.6,-0.3818367346938775,True,False,True,0.0,False,MODERATE
083,41,2026-05-10 02:00:00,32.26,0.6,-0.3791836734693877,True,False,True,0.0,False,MODERATE
083,42,2026-05-10 03:00:00,32.26,0.6,-0.386938775510204,True,False,True,0.0,False,MODERATE
083,43,2026-05-10 04:00:00,32.26,0.6,-0.39979591836734696,True,False,True,0.0,False,MODERATE
083,44,2026-05-10 05:00:00,32.26,0.6,-0.3948979591836735,True,False,True,0.0,False,MODERATE
083,45,2026-05-10 06:00:00,32.26,0.6,-0.39122448979591834,True,False,True,0.0,False,MODERATE
083,46,2026-05-10 07:00:00,2.97,0.6,-0.40755102040816327,True,True,True,0.0,False,MODERATE
083,47,2026-05-10 08:00:00,2.5,0.6,-0.41571428571428565,True,True,True,0.0,False,MODERATE
083,48,2026-05-10 09:00:00,2.31,0.5,-0.42673469387755103,True,True,True,0.0,False,MODERATE
083,49,2026-05-10 10:00:00,2.17,0.3,-0.4410204081632653,True,True,True,0.0,False,MODERATE
083,50,2026-05-10 11:00:00,1.57,0.2,-0.45020408163265313,True,True,True,0.0,False,MODERATE
083,51,2026-05-10 12:00:00,1.57,0.2,-0.4561224489795918,True,True,True,0.0,False,MODERATE
083,52,2026-05-10 13:00:00,1.57,0.2,-0.4746938775510204,True,True,True,0.0,False,MODERATE
083,53,2026-05-10 14:00:00,1.44,0.2,-0.48918367346938774,True,True,True,0.0,False,MODERATE
083,54,2026-05-10 15:00:00,1.44,0.2,-0.49408163265306126,True,True,True,0.0,False,MODERATE
083,55,2026-05-10 16:00:00,1.44,0.2,-0.5126530612244898,True,True,True,0.0,False,MODERATE
083,56,2026-05-10 17:00:00,1.44,0.2,-0.5348979591836734,True,True,True,0.0,False,MODERATE
083,57,2026-05-10 18:00:00,1.29,0.2,-0.5453061224489797,True,True,True,0.0,False,MODERATE
083,58,2026-05-10 19:00:00,1.29,0.2,-0.5577551020408162,True,True,True,0.0,False,MODERATE
083,59,2026-05-10 20:00:00,1.22,0.2,-0.5528571428571428,True,True,True,0.0,False,MODERATE
083,60,2026-05-10 21:00:00,1.25,0.2,-0.5479591836734694,True,True,True,0.0,False,MODERATE
083,61,2026-05-10 22:00:00,1.25,0.2,-0.5426530612244898,True,True,True,0.0,False,MODERATE
083,62,2026-05-10 23:00:00,1.26,0.2,-0.546530612244898,True,True,True,0.0,False,MODERATE
083,63,2026-05-11 00:00:00,1.26,0.2,-0.543265306122449,True,True,True,0.0,False,MODERATE
083,64,2026-05-11 01:00:00,1.26,0.2,-0.5361224489795918,True,True,True,0.0,False,MODERATE
083,65,2026-05-11 02:00:00,1.26,0.2,-0.5399999999999999,True,True,True,0.0,False,MODERATE
083,66,2026-05-11 03:00:00,1.27,0.2,-0.533061224489796,True,True,True,0.0,False,MODERATE
083,67,2026-05-11 04:00:00,1.54,0.3,-0.5440816326530612,True,True,True,0.0,False,MODERATE
083,68,2026-05-11 05:00:00,1.54,0.3,-0.5499999999999999,True,True,True,0.0,False,MODERATE
083,69,2026-05-11 06:00:00,890.22,0.3,-0.5677551020408164,True,False,True,0.0,False,MODERATE
083,70,2026-05-11 07:00:00,890.22,0.3,-0.5663265306122449,True,False,True,0.0,False,MODERATE
083,71,2026-05-11 08:00:00,890.22,0.3,-0.5579591836734694,True,False,True,0.0,False,MODERATE
083,72,2026-05-11 09:00:00,890.22,0.3,-0.5512244897959184,True,False,True,0.0,False,MODERATE
083,73,2026-05-11 10:00:00,890.22,0.3,-0.553265306122449,True,False,True,0.0,False,MODERATE
083,74,2026-05-11 11:00:00,890.22,0.3,-0.5506122448979592,True,False,True,0.0,False,MODERATE
083,75,2026-05-11 12:00:00,890.22,0.3,-0.5471428571428572,True,False,True,0.0,False,MODERATE
083,76,2026-05-11 13:00:00,890.22,0.3,-0.5361224489795918,True,False,True,0.0,False,MODERATE
083,77,2026-05-11 14:00:00,890.22,0.3,-0.5191836734693878,True,False,True,0.0,False,MODERATE
083,78,2026-05-11 15:00:00,820.15,0.3,-0.5144897959183674,True,False,True,0.0,False,MODERATE
083,79,2026-05-11 16:00:00,820.15,0.3,-0.5161224489795917,True,False,True,0.0,False,MODERATE
083,80,2026-05-11 17:00:00,820.15,0.3,-0.5177551020408163,True,False,True,0.0,False,MODERATE
083,81,2026-05-11 18:00:00,820.15,0.3,-0.5136734693877552,True,False,True,0.0,False,MODERATE
083,82,2026-05-11 19:00:00,820.15,0.3,-0.5124489795918368,True,False,True,0.0,False,MODERATE
083,83,2026-05-11 20:00:00,820.15,0.3,-0.5116326530612244,True,False,True,0.0,False,MODERATE
083,84,2026-05-11 21:00:00,820.15,0.3,-0.5140816326530612,True,False,True,0.0,False,MODERATE
083,85,2026-05-11 22:00:00,49.88,0.3,-0.5253061224489797,True,False,True,0.0,False,MODERATE
083,86,2026-05-11 23:00:00,49.88,0.3,-0.530408163265306,True,False,True,0.0,False,MODERATE
083,87,2026-05-12 00:00:00,49.88,0.3,-0.5240816326530612,True,False,True,0.0,False,MODERATE
083,88,2026-05-12 01:00:00,49.88,0.2,-0.5316326530612245,True,False,True,0.0,False,MODERATE
083,89,2026-05-12 02:00:00,49.88,0.2,-0.5332653061224489,True,False,True,0.0,False,MODERATE
083,90,2026-05-12 03:00:00,1.39,0.2,-0.54,True,True,True,0.0,False,MODERATE
083,91,2026-05-12 04:00:00,1.39,0.2,-0.5432653061224489,True,True,True,0.0,False,MODERATE
083,92,2026-05-12 05:00:00,1.39,0.2,-0.5524489795918367,True,True,True,0.0,False,MODERATE
083,93,2026-05-12 06:00:00,1.39,0.2,-0.5530612244897959,True,True,True,0.0,False,MODERATE
083,94,2026-05-12 07:00:00,44.55,0.2,-0.5695918367346939,True,False,True,0.0,False,MODERATE
083,95,2026-05-12 08:00:00,44.55,0.2,-0.5795918367346939,True,False,True,0.0,False,MODERATE
083,96,2026-05-12 09:00:00,44.55,0.2,-0.5869387755102041,True,False,True,0.0,False,MODERATE
083,97,2026-05-12 10:00:00,44.55,0.2,-0.5867346938775511,True,False,True,0.0,False,MODERATE
083,98,2026-05-12 11:00:00,44.55,0.2,-0.583265306122449,True,False,True,0.0,False,MODERATE
083,99,2026-05-12 12:00:00,44.55,0.2,-0.5869387755102041,True,False,True,0.0,False,MODERATE
083,100,2026-05-12 13:00:00,135.07,0.2,-0.5908163265306123,True,False,True,0.0,False,MODERATE
083,101,2026-05-12 14:00:00,135.07,0.2,-0.5981632653061225,True,False,True,0.0,False,MODERATE
083,102,2026-05-12 15:00:00,135.07,0.2,-0.5916326530612245,True,False,True,0.0,False,MODERATE
083,103,2026-05-12 16:00:00,135.07,0.2,-0.5875510204081632,True,False,True,0.0,False,MODERATE
083,104,2026-05-12 17:00:00,135.07,0.2,-0.5828571428571427,True,False,True,0.0,False,MODERATE
083,105,2026-05-12 18:00:00,135.07,0.2,-0.5787755102040816,True,False,True,0.0,False,MODERATE
083,106,2026-05-12 19:00:00,135.07,0.2,-0.5812244897959185,True,False,True,0.0,False,MODERATE
083,107,2026-05-12 20:00:00,135.07,0.2,-0.5789795918367348,True,False,True,0.0,False,MODERATE
083,108,2026-05-12 21:00:00,132.81,0.2,-0.5785714285714286,True,False,True,0.0,False,MODERATE
083,109,2026-05-12 22:00:00,132.81,0.2,-0.5726530612244898,True,False,True,0.0,False,MODERATE
083,110,2026-05-12 23:00:00,132.81,0.2,-0.5761224489795919,True,False,True,0.0,False,MODERATE
083,111,2026-05-13 00:00:00,132.81,0.2,-0.5748979591836735,True,False,True,0.0,False,MODERATE
083,112,2026-05-13 01:00:00,132.81,0.2,-0.5875510204081632,True,False,True,0.0,False,MODERATE
083,113,2026-05-13 02:00:00,298.13,0.2,-0.6057142857142858,True,False,True,0.0,False,MODERATE
083,114,2026-05-13 03:00:00,298.13,0.2,-0.6171428571428571,True,False,True,0.0,False,MODERATE
083,115,2026-05-13 04:00:00,298.13,0.3,-0.6259183673469387,True,False,True,0.0,False,MODERATE
083,116,2026-05-13 05:00:00,298.13,0.3,-0.633265306122449,True,False,True,0.0,False,MODERATE
083,117,2026-05-13 06:00:00,298.13,0.3,-0.6375510204081634,True,False,True,0.0,False,MODERATE
083,118,2026-05-13 07:00:00,298.13,0.3,-0.6428571428571429,True,False,True,0.0,False,MODERATE
083,119,2026-05-13 08:00:00,298.13,0.3,-0.6428571428571429,True,False,True,0.0,False,MODERATE
083,120,2026-05-13 09:00:00,298.13,0.3,-0.6328571428571429,True,False,True,0.0,False,MODERATE
083,121,2026-05-13 10:00:00,1.51,0.3,-0.6240816326530612,True,True,True,0.0,False,MODERATE
083,122,2026-05-13 11:00:00,1.51,0.3,-0.6048979591836735,True,True,True,0.0,False,MODERATE
084,1,2026-01-25 21:00:00,16.52,1.9,-0.8757142857142857,True,False,True,0.0,False,MODERATE
084,2,2026-01-25 22:00:00,460.19,2.3,-0.8961538461538462,True,False,True,0.0,False,MODERATE
084,3,2026-01-25 23:00:00,460.19,3.1,-0.8915789473684211,True,False,True,0.0,False,MODERATE
084,4,2026-01-26 00:00:00,460.19,3.1,-0.8835999999999999,True,False,True,0.0,False,MODERATE
084,5,2026-01-26 01:00:00,460.19,3.1,-0.8803225806451613,True,False,True,0.0,False,MODERATE
084,6,2026-01-26 02:00:00,460.19,3.1,-0.8908108108108108,True,False,True,0.0,False,MODERATE
084,7,2026-01-26 03:00:00,460.19,3.1,-0.8948837209302323,True,False,True,0.0,False,MODERATE
084,8,2026-01-26 04:00:00,460.19,3.1,-0.8908163265306123,True,False,True,0.0,False,MODERATE
084,9,2026-01-26 05:00:00,460.19,3.1,-0.8938775510204082,True,False,True,0.0,False,MODERATE
084,10,2026-01-26 06:00:00,119.07,3.1,-0.8885714285714286,True,False,True,0.0,False,MODERATE
084,11,2026-01-26 07:00:00,119.07,0.9,-0.89,True,False,True,0.0,False,MODERATE
084,12,2026-01-26 08:00:00,119.07,0.6,-0.9044897959183675,True,False,True,0.05,False,MODERATE
084,13,2026-01-26 09:00:00,119.07,0.8,-0.8969387755102042,True,False,True,0.05,False,MODERATE
084,14,2026-01-26 10:00:00,119.07,0.8,-0.896734693877551,True,False,True,0.05,False,MODERATE
084,15,2026-01-26 11:00:00,119.07,0.8,-0.8930612244897959,True,False,True,0.05,False,MODERATE
084,16,2026-01-26 12:00:00,119.07,0.8,-0.8914285714285715,True,False,True,0.05,False,MODERATE
084,17,2026-01-26 13:00:00,119.07,0.8,-0.8985714285714286,True,False,True,0.05,False,MODERATE
084,18,2026-01-26 14:00:00,88.2,0.8,-0.8904081632653061,True,False,True,0.05,False,MODERATE
084,19,2026-01-26 15:00:00,538.94,0.8,-0.8853061224489797,True,False,True,0.05,False,MODERATE
084,20,2026-01-26 16:00:00,538.94,0.8,-0.8742857142857143,True,False,True,0.05,False,MODERATE
084,21,2026-01-26 17:00:00,538.94,0.6,-0.8742857142857142,True,False,True,0.05,False,MODERATE
084,22,2026-01-26 18:00:00,538.94,0.5,-0.8661224489795918,True,False,True,0.05,False,MODERATE
084,23,2026-01-26 19:00:00,538.94,0.4,-0.8583673469387756,True,False,True,0.05,False,MODERATE
084,24,2026-01-26 20:00:00,538.94,0.2,-0.8546938775510204,True,False,True,0.05,False,MODERATE
084,25,2026-01-26 21:00:00,538.94,0.2,-0.8395918367346938,True,False,True,0.05,False,MODERATE
084,26,2026-01-26 22:00:00,538.94,0.2,-0.8344897959183674,True,False,True,0.05,False,MODERATE
084,27,2026-01-26 23:00:00,29.8,0.2,-0.826530612244898,True,False,True,0.05,False,MODERATE
084,28,2026-01-27 00:00:00,316.45,0.2,-0.8148979591836735,True,False,True,0.05,False,MODERATE
084,29,2026-01-27 01:00:00,316.45,0.2,-0.8085714285714287,True,False,True,0.05,False,MODERATE
084,30,2026-01-27 02:00:00,316.45,0.2,-0.8051020408163266,True,False,True,0.05,False,MODERATE
084,31,2026-01-27 03:00:00,316.45,0.2,-0.8046938775510204,True,False,True,0.05,False,MODERATE
084,32,2026-01-27 04:00:00,316.45,0.3,-0.7997959183673469,True,False,True,0.05,False,MODERATE
084,33,2026-01-27 05:00:00,316.45,0.3,-0.7995918367346939,True,False,True,0.05,False,MODERATE
084,34,2026-01-27 06:00:00,316.45,0.3,-0.7981632653061222,True,False,True,0.05,False,MODERATE
084,35,2026-01-27 07:00:00,316.45,0.3,-0.7963265306122448,True,False,True,0.05,False,MODERATE
084,36,2026-01-27 08:00:00,126.77,0.3,-0.7951020408163264,True,False,True,0.05,False,MODERATE
084,37,2026-01-27 09:00:00,126.77,0.3,-0.8055102040816327,True,False,True,0.05,False,MODERATE
084,38,2026-01-27 10:00:00,126.77,0.3,-0.8118367346938776,True,False,True,0.05,False,MODERATE
084,39,2026-01-27 11:00:00,126.77,0.3,-0.806530612244898,True,False,True,0.05,False,MODERATE
084,40,2026-01-27 12:00:00,126.77,0.2,-0.8228571428571428,True,False,True,0.05,False,MODERATE
084,41,2026-01-27 13:00:00,126.77,0.2,-0.8310204081632653,True,False,True,0.05,False,MODERATE
084,42,2026-01-27 14:00:00,126.77,0.2,-0.8469387755102039,True,False,True,0.05,False,MODERATE
084,43,2026-01-27 15:00:00,1.27,0.2,-0.8602040816326532,True,True,False,0.05,False,MODERATE
084,44,2026-01-27 16:00:00,1.2,0.2,-0.8844897959183674,True,True,False,0.05,False,MODERATE
084,45,2026-01-27 17:00:00,1.11,0.2,-0.8899999999999998,True,True,False,0.05,False,MODERATE
084,46,2026-01-27 18:00:00,1.11,0.2,-0.9120408163265306,True,True,False,0.05,False,MODERATE
084,47,2026-01-27 19:00:00,149.6,0.2,-0.9363265306122449,True,False,True,0.05,False,MODERATE
084,48,2026-01-27 20:00:00,149.6,0.2,-0.9479591836734693,True,False,True,0.05,False,MODERATE
085,1,2026-01-24 12:00:00,7.52,2.4,-0.5671428571428571,True,True,True,0.0,False,MILD
085,2,2026-01-24 13:00:00,7.52,2.4,-0.5838461538461538,True,True,True,0.0,False,MILD
085,3,2026-01-24 14:00:00,9.0,2.4,-0.6194736842105262,True,True,True,0.0,False,MILD
085,4,2026-01-24 15:00:00,9.0,2.4,-0.6287999999999999,True,True,False,0.0,False,MILD
085,5,2026-01-24 16:00:00,9.0,2.8,-0.6245161290322581,True,True,False,0.0,False,MILD
085,6,2026-01-24 17:00:00,9.0,2.8,-0.6218918918918919,True,True,False,0.0,False,MILD
085,7,2026-01-24 18:00:00,9.0,2.9,-0.6186046511627907,True,True,False,0.0,False,MILD
085,8,2026-01-24 19:00:00,9.0,2.9,-0.6206122448979592,True,True,False,0.0,False,MILD
085,9,2026-01-24 20:00:00,11.82,2.9,-0.6202040816326531,True,False,True,0.0,False,MILD
085,10,2026-01-24 21:00:00,28.62,2.9,-0.6193877551020408,True,False,True,0.0,False,MILD
085,11,2026-01-24 22:00:00,28.62,2.9,-0.6142857142857142,True,False,True,0.0,False,MILD
085,12,2026-01-24 23:00:00,28.62,2.9,-0.6085714285714285,True,False,True,0.0,False,MILD
085,13,2026-01-25 00:00:00,28.62,2.9,-0.6106122448979592,True,False,True,0.0,False,MILD
085,14,2026-01-25 01:00:00,28.62,2.9,-0.616938775510204,True,False,True,0.0,False,MILD
085,15,2026-01-25 02:00:00,242.59,1.8,-0.6195918367346939,True,False,True,0.0,False,MILD
085,16,2026-01-25 03:00:00,242.59,1.5,-0.6122448979591837,True,False,True,0.0,False,MILD
085,17,2026-01-25 04:00:00,242.59,1.5,-0.6122448979591837,True,False,True,0.0,False,MILD
085,18,2026-01-25 05:00:00,242.59,1.1,-0.6083673469387755,True,False,True,0.0,False,MILD
085,19,2026-01-25 06:00:00,242.59,0.6,-0.6057142857142856,True,False,True,0.0,False,MILD
085,20,2026-01-25 07:00:00,242.59,0.6,-0.5828571428571429,True,False,True,0.0,False,MILD
085,21,2026-01-25 08:00:00,242.59,0.6,-0.5689795918367347,True,False,True,0.0,False,MILD
085,22,2026-01-25 09:00:00,242.59,0.6,-0.5659183673469387,True,False,True,0.0,False,MILD
085,23,2026-01-25 10:00:00,69.68,0.6,-0.5591836734693877,True,False,True,0.0,False,MILD
085,24,2026-01-25 11:00:00,69.68,0.6,-0.5659183673469388,True,False,True,0.0,False,MILD
085,25,2026-01-25 12:00:00,69.68,0.6,-0.5761224489795919,True,False,True,0.0,False,MILD
085,26,2026-01-25 13:00:00,3.32,0.6,-0.6012244897959184,True,True,False,0.0,False,MILD
085,27,2026-01-25 14:00:00,123.45,0.7,-0.6248979591836735,True,False,True,0.0,False,MILD
085,28,2026-01-25 15:00:00,123.45,0.7,-0.6502040816326531,True,False,True,0.0,False,MILD
085,29,2026-01-25 16:00:00,123.45,0.7,-0.6767346938775511,True,False,True,0.0,False,MILD
085,30,2026-01-25 17:00:00,123.45,0.7,-0.6916326530612247,True,False,True,0.0,False,MILD
085,31,2026-01-25 18:00:00,123.45,0.7,-0.7069387755102041,True,False,True,0.0,False,MILD
085,32,2026-01-25 19:00:00,123.45,0.7,-0.7187755102040816,True,False,True,0.0,False,MILD
085,33,2026-01-25 20:00:00,123.45,0.7,-0.7330612244897958,True,False,True,0.0,False,MILD
085,34,2026-01-25 21:00:00,123.45,0.7,-0.7357142857142857,True,False,True,0.0,False,MILD
085,35,2026-01-25 22:00:00,3.49,0.7,-0.7334693877551022,True,True,False,0.0,False,MILD
085,36,2026-01-25 23:00:00,3.49,0.6,-0.7342857142857143,True,True,False,0.0,False,MILD
085,37,2026-01-26 00:00:00,3.49,0.8,-0.7334693877551022,True,True,False,0.0,False,MILD
085,38,2026-01-26 01:00:00,2.86,0.8,-0.7261224489795918,True,True,False,0.0,False,MILD
085,39,2026-01-26 02:00:00,2.86,0.8,-0.7291836734693878,True,True,False,0.0,False,MILD
085,40,2026-01-26 03:00:00,2.86,0.8,-0.7238775510204082,True,True,False,0.0,False,MILD
085,41,2026-01-26 04:00:00,179.35,0.8,-0.723673469387755,True,False,True,0.0,False,MILD
085,42,2026-01-26 05:00:00,179.35,0.8,-0.7173469387755101,True,False,True,0.0,False,MILD
085,43,2026-01-26 06:00:00,179.35,0.8,-0.7126530612244898,True,False,True,0.0,False,MILD
085,44,2026-01-26 07:00:00,179.35,0.8,-0.7173469387755101,True,False,True,0.0,False,MILD
085,45,2026-01-26 08:00:00,179.35,0.7,-0.7248979591836734,True,False,True,0.0,False,MILD
085,46,2026-01-26 09:00:00,179.35,0.7,-0.7316326530612244,True,False,True,0.0,False,MILD
085,47,2026-01-26 10:00:00,179.35,0.6,-0.7408163265306121,True,False,True,0.0,False,MILD
085,48,2026-01-26 11:00:00,179.35,0.4,-0.7440816326530613,True,False,True,0.0,False,MILD
085,49,2026-01-26 12:00:00,65.08,0.3,-0.7536734693877551,True,False,True,0.0,False,MILD
085,50,2026-01-26 13:00:00,65.08,0.2,-0.7657142857142857,True,False,True,0.0,False,MILD
085,51,2026-01-26 14:00:00,65.08,0.2,-0.77265306122449,True,False,True,0.0,False,MILD
085,52,2026-01-26 15:00:00,65.08,0.2,-0.7836734693877552,True,False,True,0.0,False,MILD
085,53,2026-01-26 16:00:00,1.5,0.2,-0.7904081632653062,True,True,False,0.0,False,MILD
085,54,2026-01-26 17:00:00,1.4,0.2,-0.7985714285714286,True,True,False,0.0,False,MILD
085,55,2026-01-26 18:00:00,1.42,0.2,-0.8067346938775509,True,True,False,0.0,False,MILD
085,56,2026-01-26 19:00:00,1.42,0.2,-0.8116326530612245,True,True,False,0.0,False,MILD
085,57,2026-01-26 20:00:00,1.42,0.2,-0.7993877551020409,True,True,False,0.0,False,MILD
085,58,2026-01-26 21:00:00,1.42,0.2,-0.805918367346939,True,True,False,0.0,False,MILD
085,59,2026-01-26 22:00:00,10.88,0.2,-0.8055102040816327,True,False,True,0.0,False,MILD
085,60,2026-01-26 23:00:00,289.94,0.2,-0.7973469387755102,True,False,True,0.0,False,MILD
085,61,2026-01-27 00:00:00,289.94,0.2,-0.7889795918367346,True,False,True,0.0,False,MILD
085,62,2026-01-27 01:00:00,289.94,0.2,-0.7781632653061223,True,False,True,0.0,False,MILD
085,63,2026-01-27 02:00:00,289.94,0.2,-0.7661224489795918,True,False,True,0.0,False,MILD
085,64,2026-01-27 03:00:00,289.94,0.2,-0.7638775510204081,True,False,True,0.0,False,MILD
085,65,2026-01-27 04:00:00,289.94,0.2,-0.7708163265306122,True,False,True,0.0,False,MILD
085,66,2026-01-27 05:00:00,289.94,0.2,-0.7742857142857142,True,False,True,0.0,False,MILD
085,67,2026-01-27 06:00:00,289.94,0.2,-0.7622448979591837,True,False,True,0.0,False,MILD
085,68,2026-01-27 07:00:00,1.44,0.2,-0.7591836734693879,True,True,False,0.0,False,MILD
085,69,2026-01-27 08:00:00,1.44,0.2,-0.7691836734693879,True,True,False,0.0,False,MILD
085,70,2026-01-27 09:00:00,621.69,0.2,-0.7679591836734693,True,False,True,0.0,False,MILD
085,71,2026-01-27 10:00:00,621.69,0.2,-0.7661224489795918,True,False,True,0.0,False,MILD
085,72,2026-01-27 11:00:00,621.69,0.2,-0.7508163265306123,True,False,True,0.0,False,MILD
085,73,2026-01-27 12:00:00,621.69,0.2,-0.7569387755102042,True,False,True,0.0,False,MILD
085,74,2026-01-27 13:00:00,621.69,0.2,-0.7357142857142857,True,False,True,0.0,False,MILD
085,75,2026-01-27 14:00:00,621.69,0.2,-0.7232653061224491,True,False,True,0.0,False,MILD
085,76,2026-01-27 15:00:00,621.69,0.2,-0.7251020408163266,True,False,True,0.0,False,MILD
085,77,2026-01-27 16:00:00,621.69,0.2,-0.6969387755102042,True,False,True,0.0,False,MILD
085,78,2026-01-27 17:00:00,18.2,0.2,-0.6740816326530611,True,False,True,0.0,False,MILD
085,79,2026-01-27 18:00:00,18.2,0.2,-0.6665306122448981,True,False,True,0.0,False,MILD
085,80,2026-01-27 19:00:00,18.2,0.2,-0.6546938775510204,True,False,True,0.0,False,MILD
085,81,2026-01-27 20:00:00,18.2,0.2,-0.6385714285714286,True,False,True,0.0,False,MILD
085,82,2026-01-27 21:00:00,18.2,0.2,-0.633061224489796,True,False,True,0.0,False,MILD
085,83,2026-01-27 22:00:00,18.2,0.2,-0.6385714285714286,True,False,True,0.0,False,MILD
085,84,2026-01-27 23:00:00,18.2,0.2,-0.6326530612244898,True,False,True,0.0,False,MILD
085,85,2026-01-28 00:00:00,18.2,0.2,-0.6355102040816326,True,False,True,0.0,False,MILD
085,86,2026-01-28 01:00:00,1.64,0.2,-0.6516326530612245,True,True,True,0.0,False,MILD
085,87,2026-01-28 02:00:00,1.42,0.2,-0.6512244897959184,True,True,True,0.0,False,MILD
085,88,2026-01-28 03:00:00,1.42,0.2,-0.6620408163265306,True,True,True,0.0,False,MILD
085,89,2026-01-28 04:00:00,1.42,0.2,-0.6651020408163264,True,True,True,0.0,False,MILD
085,90,2026-01-28 05:00:00,1.42,0.2,-0.6675510204081633,True,True,True,0.0,False,MILD
085,91,2026-01-28 06:00:00,1.42,0.2,-0.669795918367347,True,True,True,0.0,False,MILD
085,92,2026-01-28 07:00:00,1.42,0.2,-0.679387755102041,True,True,True,0.0,False,MILD
085,93,2026-01-28 08:00:00,1.1,0.2,-0.6848979591836734,True,True,True,0.0,False,MILD
085,94,2026-01-28 09:00:00,1.4,0.2,-0.6873469387755102,True,True,True,0.0,False,MILD
085,95,2026-01-28 10:00:00,1.4,0.2,-0.6867346938775512,True,True,True,0.0,False,MILD
085,96,2026-01-28 11:00:00,1.79,0.2,-0.6810204081632653,True,True,True,0.0,False,MILD
085,97,2026-01-28 12:00:00,1.79,0.2,-0.6832653061224491,True,True,True,0.0,False,MILD
085,98,2026-01-28 13:00:00,140.67,0.2,-0.6687755102040815,True,False,True,0.0,False,MILD
085,99,2026-01-28 14:00:00,140.67,0.2,-0.6510204081632652,True,False,True,0.0,False,MILD
085,100,2026-01-28 15:00:00,140.67,0.2,-0.6353061224489797,True,False,True,0.0,False,MILD
085,101,2026-01-28 16:00:00,140.67,0.2,-0.6104081632653061,True,False,True,0.0,False,MILD
085,102,2026-01-28 17:00:00,140.67,0.2,-0.5820408163265307,True,False,True,0.0,False,MILD
085,103,2026-01-28 18:00:00,339.47,0.2,-0.5610204081632654,True,False,True,0.0,False,MILD
085,104,2026-01-28 19:00:00,339.47,0.1,-0.556530612244898,True,False,True,0.0,False,MILD
085,105,2026-01-28 20:00:00,339.47,0.2,-0.5424489795918368,True,False,True,0.0,False,MILD
085,106,2026-01-28 21:00:00,339.47,0.2,-0.5314285714285715,True,False,True,0.0,False,MILD
085,107,2026-01-28 22:00:00,339.47,0.2,-0.533469387755102,True,False,True,0.0,False,MILD
085,108,2026-01-28 23:00:00,339.47,0.2,-0.5422448979591836,True,False,True,0.0,False,MILD
085,109,2026-01-29 00:00:00,339.47,0.2,-0.5530612244897959,True,False,True,0.0,False,MILD
085,110,2026-01-29 01:00:00,339.47,0.2,-0.5626530612244898,True,False,True,0.0,False,MILD
085,111,2026-01-29 02:00:00,1.6,0.2,-0.5763265306122448,True,True,True,0.0,False,MILD
085,112,2026-01-29 03:00:00,85.2,0.2,-0.5555102040816327,True,False,True,0.0,False,MILD
085,113,2026-01-29 04:00:00,85.2,0.2,-0.5477551020408163,True,False,True,0.0,False,MILD
085,114,2026-01-29 05:00:00,85.2,0.2,-0.5493877551020409,True,False,True,0.0,False,MILD
085,115,2026-01-29 06:00:00,85.2,0.2,-0.5426530612244899,True,False,True,0.0,False,MILD
085,116,2026-01-29 07:00:00,85.2,0.2,-0.5240816326530612,True,False,True,0.0,False,MILD
085,117,2026-01-29 08:00:00,85.2,0.2,-0.5112244897959184,True,False,True,0.0,False,MILD
085,118,2026-01-29 09:00:00,85.2,0.2,-0.5006122448979592,True,False,True,0.0,False,MILD
085,119,2026-01-29 10:00:00,85.2,0.2,-0.4981632653061224,True,False,True,0.0,False,MILD
085,120,2026-01-29 11:00:00,80.72,0.2,-0.5071428571428571,True,False,True,0.0,False,MILD
085,121,2026-01-29 12:00:00,1.68,0.2,-0.5061224489795918,True,True,True,0.0,False,MILD
086,1,2026-04-15 03:00:00,6.66,2.3,-1.0171428571428571,True,True,True,0.0,False,MILD
086,2,2026-04-15 04:00:00,6.66,2.6,-1.0469230769230768,True,True,True,0.0,False,MILD
086,3,2026-04-15 05:00:00,8.53,2.6,-1.0305263157894735,True,True,True,0.0,False,MILD
086,4,2026-04-15 06:00:00,8.53,2.6,-1.0308,True,True,True,0.0,False,MILD
086,5,2026-04-15 07:00:00,8.53,2.6,-1.0193548387096776,True,True,True,0.0,False,MILD
086,6,2026-04-15 08:00:00,8.53,2.6,-1.0005405405405405,True,True,True,0.0,False,MILD
086,7,2026-04-15 09:00:00,85.38,2.6,-0.9869767441860466,True,False,True,0.0,False,MILD
086,8,2026-04-15 10:00:00,288.87,2.6,-0.9838775510204081,True,False,True,0.0,False,MILD
086,9,2026-04-15 11:00:00,288.87,2.6,-0.9791836734693878,True,False,True,0.0,False,MILD
086,10,2026-04-15 12:00:00,288.87,2.2,-0.966938775510204,True,False,True,0.0,False,MILD
086,11,2026-04-15 13:00:00,288.87,0.7,-0.9593877551020408,True,False,True,0.0,False,MILD
086,12,2026-04-15 14:00:00,288.87,0.7,-0.9459183673469388,True,False,True,0.05,False,MILD
086,13,2026-04-15 15:00:00,288.87,0.7,-0.936938775510204,True,False,True,0.05,False,MILD
086,14,2026-04-15 16:00:00,429.16,0.7,-0.9377551020408164,True,False,True,0.05,False,MILD
086,15,2026-04-15 17:00:00,429.16,0.7,-0.9400000000000001,True,False,True,0.05,False,MILD
086,16,2026-04-15 18:00:00,429.16,0.7,-0.9508163265306122,True,False,True,0.05,False,MILD
086,17,2026-04-15 19:00:00,429.16,0.7,-0.9508163265306122,True,False,True,0.05,False,MILD
086,18,2026-04-15 20:00:00,429.16,0.7,-0.9559183673469387,True,False,True,0.05,False,MILD
086,19,2026-04-15 21:00:00,429.16,0.6,-0.9528571428571428,True,False,True,0.05,False,MILD
086,20,2026-04-15 22:00:00,429.16,0.2,-0.9591836734693877,True,False,True,0.05,False,MILD
086,21,2026-04-15 23:00:00,429.16,0.2,-0.9606122448979594,True,False,True,0.05,False,MILD
086,22,2026-04-16 00:00:00,113.78,0.2,-0.962857142857143,True,False,True,0.05,False,MILD
086,23,2026-04-16 01:00:00,113.78,0.2,-0.9593877551020409,True,False,True,0.05,False,MILD
086,24,2026-04-16 02:00:00,113.78,0.2,-0.9448979591836736,True,False,True,0.05,False,MILD
086,25,2026-04-16 03:00:00,113.78,0.2,-0.9379591836734694,True,False,True,0.05,False,MILD
086,26,2026-04-16 04:00:00,1.31,0.2,-0.9273469387755101,True,True,True,0.05,False,MILD
086,27,2026-04-16 05:00:00,1.48,0.2,-0.9232653061224491,True,True,True,0.05,False,MILD
086,28,2026-04-16 06:00:00,1.48,0.2,-0.9261224489795918,True,True,True,0.05,False,MILD
086,29,2026-04-16 07:00:00,1.48,0.2,-0.9373469387755102,True,True,True,0.05,False,MILD
086,30,2026-04-16 08:00:00,1.48,0.2,-0.9385714285714285,True,True,True,0.05,False,MILD
086,31,2026-04-16 09:00:00,1.48,0.2,-0.9506122448979593,True,True,True,0.05,True,MILD
086,32,2026-04-16 10:00:00,1.48,0.2,-0.95,True,True,True,0.05,False,MILD
086,33,2026-04-16 11:00:00,1.48,0.2,-0.953061224489796,True,True,True,0.05,False,MILD
087,1,2026-04-18 20:00:00,15.48,1.4,-0.6485714285714286,True,False,True,0.0,False,MILD
087,2,2026-04-18 21:00:00,15.48,1.6,-0.6600000000000001,True,False,True,0.0,False,MILD
087,3,2026-04-18 22:00:00,15.48,2.2,-0.6742105263157895,True,False,True,0.0,False,MILD
087,4,2026-04-18 23:00:00,15.48,2.2,-0.6576,True,False,True,0.0,False,MILD
087,5,2026-04-19 00:00:00,15.48,2.2,-0.6493548387096773,True,False,True,0.0,False,MILD
087,6,2026-04-19 01:00:00,15.48,2.2,-0.6551351351351351,True,False,True,0.0,False,MILD
087,7,2026-04-19 02:00:00,15.48,2.2,-0.6555813953488372,True,False,True,0.0,False,MILD
087,8,2026-04-19 03:00:00,15.48,2.2,-0.6599999999999999,True,False,True,0.0,False,MILD
087,9,2026-04-19 04:00:00,365.62,2.2,-0.6646938775510204,True,False,True,0.0,False,MILD
087,10,2026-04-19 05:00:00,365.62,2.2,-0.6732653061224488,True,False,True,0.0,False,MILD
087,11,2026-04-19 06:00:00,365.62,2.1,-0.6781632653061225,True,False,True,0.0,False,MILD
087,12,2026-04-19 07:00:00,365.62,2.1,-0.6959183673469388,True,False,True,0.05,False,MILD
087,13,2026-04-19 08:00:00,365.62,2.1,-0.713469387755102,True,False,True,0.05,False,MILD
087,14,2026-04-19 09:00:00,365.62,1.7,-0.733265306122449,True,False,True,0.05,False,MILD
087,15,2026-04-19 10:00:00,365.62,1.2,-0.7506122448979592,True,False,True,0.05,False,MILD
087,16,2026-04-19 11:00:00,365.62,0.5,-0.7685714285714287,True,False,True,0.05,False,MILD
087,17,2026-04-19 12:00:00,365.62,0.6,-0.7857142857142857,True,False,True,0.05,False,MILD
087,18,2026-04-19 13:00:00,119.53,0.6,-0.7965306122448979,True,False,True,0.05,False,MILD
087,19,2026-04-19 14:00:00,119.53,0.6,-0.8038775510204081,True,False,True,0.05,False,MILD
087,20,2026-04-19 15:00:00,119.53,0.6,-0.8057142857142858,True,False,True,0.05,False,MILD
087,21,2026-04-19 16:00:00,119.53,0.6,-0.8079591836734693,True,False,True,0.05,False,MILD
087,22,2026-04-19 17:00:00,119.53,0.6,-0.7926530612244899,True,False,True,0.05,False,MILD
087,23,2026-04-19 18:00:00,2.79,0.6,-0.7812244897959184,True,True,False,0.05,False,MILD
087,24,2026-04-19 19:00:00,2.21,0.6,-0.7718367346938776,True,True,False,0.05,False,MILD
087,25,2026-04-19 20:00:00,2.42,0.6,-0.7708163265306123,True,True,False,0.05,False,MILD
087,26,2026-04-19 21:00:00,2.64,0.6,-0.7746938775510204,True,True,False,0.05,False,MILD
087,27,2026-04-19 22:00:00,2.64,0.6,-0.7671428571428572,True,True,False,0.05,False,MILD
087,28,2026-04-19 23:00:00,397.93,0.6,-0.76,True,False,True,0.05,False,MILD
087,29,2026-04-20 00:00:00,397.93,0.6,-0.7575510204081632,True,False,True,0.05,False,MILD
087,30,2026-04-20 01:00:00,397.93,0.6,-0.7748979591836735,True,False,True,0.05,False,MILD
087,31,2026-04-20 02:00:00,397.93,0.5,-0.7789795918367347,True,False,True,0.05,False,MILD
087,32,2026-04-20 03:00:00,397.93,0.5,-0.7795918367346939,True,False,True,0.05,False,MILD
087,33,2026-04-20 04:00:00,397.93,0.4,-0.7746938775510204,True,False,True,0.05,False,MILD
087,34,2026-04-20 05:00:00,397.93,0.3,-0.7753061224489795,True,False,True,0.05,False,MILD
087,35,2026-04-20 06:00:00,397.93,0.2,-0.7824489795918367,True,False,True,0.05,False,MILD
087,36,2026-04-20 07:00:00,1.71,0.2,-0.7908163265306124,True,True,True,0.05,False,MILD
087,37,2026-04-20 08:00:00,1.71,0.2,-0.7957142857142857,True,True,True,0.05,False,MILD
087,38,2026-04-20 09:00:00,1.71,0.2,-0.7910204081632652,True,True,True,0.05,False,MILD
087,39,2026-04-20 10:00:00,1.71,0.2,-0.7959183673469388,True,True,True,0.05,False,MILD
087,40,2026-04-20 11:00:00,1.71,0.2,-0.8,True,True,True,0.05,False,MILD
087,41,2026-04-20 12:00:00,1.71,0.2,-0.8016326530612246,True,True,True,0.05,False,MILD
087,42,2026-04-20 13:00:00,270.76,0.2,-0.8077551020408162,True,False,True,0.05,False,MILD
087,43,2026-04-20 14:00:00,270.76,0.2,-0.8091836734693879,True,False,True,0.05,False,MILD
087,44,2026-04-20 15:00:00,270.76,0.2,-0.8085714285714287,True,False,True,0.05,False,MILD
087,45,2026-04-20 16:00:00,270.76,0.2,-0.8224489795918367,True,False,True,0.05,False,MILD
087,46,2026-04-20 17:00:00,270.76,0.2,-0.8371428571428572,True,False,True,0.05,False,MILD
087,47,2026-04-20 18:00:00,270.76,0.2,-0.8451020408163264,True,False,True,0.05,False,MILD
087,48,2026-04-20 19:00:00,270.76,0.2,-0.8487755102040816,True,False,True,0.05,False,MILD
087,49,2026-04-20 20:00:00,270.76,0.2,-0.8575510204081633,True,False,True,0.05,False,MILD
087,50,2026-04-20 21:00:00,163.32,0.2,-0.8559183673469388,True,False,True,0.05,False,MILD
087,51,2026-04-20 22:00:00,290.61,0.2,-0.8551020408163267,True,False,True,0.05,False,MILD
087,52,2026-04-20 23:00:00,290.61,0.2,-0.8565306122448981,True,False,True,0.05,False,MILD
087,53,2026-04-21 00:00:00,290.61,0.2,-0.8451020408163266,True,False,True,0.05,False,MILD
087,54,2026-04-21 01:00:00,290.61,0.2,-0.839795918367347,True,False,True,0.05,False,MILD
087,55,2026-04-21 02:00:00,290.61,0.2,-0.8281632653061224,True,False,True,0.05,False,MILD
087,56,2026-04-21 03:00:00,290.61,0.2,-0.8281632653061224,True,False,True,0.05,False,MILD
087,57,2026-04-21 04:00:00,290.61,0.2,-0.819795918367347,True,False,True,0.05,False,MILD
087,58,2026-04-21 05:00:00,290.61,0.2,-0.8275510204081633,True,False,True,0.05,False,MILD
087,59,2026-04-21 06:00:00,315.82,0.2,-0.8300000000000001,True,False,True,0.05,False,MILD
087,60,2026-04-21 07:00:00,315.82,0.2,-0.8397959183673469,True,False,True,0.05,False,MILD
087,61,2026-04-21 08:00:00,315.82,0.2,-0.8508163265306122,True,False,True,0.05,False,MILD
087,62,2026-04-21 09:00:00,315.82,0.2,-0.8597959183673468,True,False,True,0.05,False,MILD
087,63,2026-04-21 10:00:00,315.82,0.2,-0.8736734693877551,True,False,True,0.05,False,MILD
087,64,2026-04-21 11:00:00,315.82,0.2,-0.8916326530612244,True,False,True,0.05,False,MILD
087,65,2026-04-21 12:00:00,315.82,0.2,-0.9153061224489796,True,False,True,0.05,False,MILD
087,66,2026-04-21 13:00:00,315.82,0.2,-0.9334693877551021,True,False,True,0.05,False,MILD
087,67,2026-04-21 14:00:00,315.82,0.2,-0.9538775510204084,True,False,True,0.05,False,MILD
087,68,2026-04-21 15:00:00,62.69,0.2,-0.9683673469387756,True,False,True,0.05,False,MILD
087,69,2026-04-21 16:00:00,62.69,0.2,-0.9771428571428572,True,False,True,0.05,False,MILD
087,70,2026-04-21 17:00:00,62.69,0.2,-0.9857142857142858,True,False,True,0.05,False,MILD
087,71,2026-04-21 18:00:00,62.69,0.2,-0.9946938775510203,True,False,True,0.05,False,MILD
087,72,2026-04-21 19:00:00,62.69,0.2,-1.0004081632653061,True,False,True,0.05,False,MILD
087,73,2026-04-21 20:00:00,62.69,0.2,-0.9938775510204083,True,False,True,0.05,False,MILD
087,74,2026-04-21 21:00:00,1.47,0.2,-0.9806122448979593,True,True,True,0.05,False,MILD
087,75,2026-04-21 22:00:00,1.47,0.2,-0.9748979591836735,True,True,True,0.05,False,MILD
087,76,2026-04-21 23:00:00,1.47,0.2,-0.969591836734694,True,True,True,0.05,False,MILD
087,77,2026-04-22 00:00:00,1.47,0.2,-0.9748979591836734,True,True,True,0.05,False,MILD
087,78,2026-04-22 01:00:00,1.47,0.2,-0.980408163265306,True,True,True,0.05,False,MILD
088,1,2026-02-25 02:00:00,6.1,2.5,-0.06428571428571428,True,True,True,0.0,False,MILD
088,2,2026-02-25 03:00:00,15.92,2.5,-0.07846153846153849,True,False,True,0.0,False,MILD
088,3,2026-02-25 04:00:00,15.92,2.5,-0.10315789473684213,True,False,True,0.0,False,MILD
088,4,2026-02-25 05:00:00,15.92,2.5,-0.0888,True,False,True,0.0,False,MILD
088,5,2026-02-25 06:00:00,15.92,2.5,-0.08870967741935486,True,False,True,0.0,False,MILD
088,6,2026-02-25 07:00:00,15.92,2.5,-0.09945945945945947,True,False,True,0.0,False,MILD
088,7,2026-02-25 08:00:00,15.92,2.5,-0.10232558139534882,True,False,True,0.0,False,MILD
088,8,2026-02-25 09:00:00,15.92,2.5,-0.1046938775510204,True,False,True,0.0,False,MILD
088,9,2026-02-25 10:00:00,251.09,2.2,-0.11265306122448979,True,False,True,0.0,False,MILD
088,10,2026-02-25 11:00:00,251.09,2.2,-0.10408163265306124,True,False,True,0.0,False,MILD
088,11,2026-02-25 12:00:00,251.09,2.2,-0.08999999999999998,True,False,True,0.0,False,MILD
088,12,2026-02-25 13:00:00,251.09,2.2,-0.08755102040816326,True,False,True,0.05,False,MILD
088,13,2026-02-25 14:00:00,251.09,2.0,-0.0959183673469388,True,False,True,0.05,False,MILD
088,14,2026-02-25 15:00:00,251.09,1.7,-0.09408163265306123,True,False,True,0.05,False,MILD
088,15,2026-02-25 16:00:00,251.09,1.7,-0.09346938775510204,True,False,True,0.05,False,MILD
088,16,2026-02-25 17:00:00,251.09,1.7,-0.10122448979591836,True,False,True,0.05,False,MILD
088,17,2026-02-25 18:00:00,178.51,0.9,-0.09816326530612245,True,False,True,0.05,False,MILD
088,18,2026-02-25 19:00:00,178.51,0.8,-0.11265306122448979,True,False,True,0.05,False,MILD
088,19,2026-02-25 20:00:00,181.59,0.8,-0.12836734693877552,True,False,True,0.05,False,MILD
088,20,2026-02-25 21:00:00,181.59,0.8,-0.14387755102040814,True,False,True,0.05,False,MILD
088,21,2026-02-25 22:00:00,181.59,0.8,-0.1563265306122449,True,False,True,0.05,False,MILD
088,22,2026-02-25 23:00:00,181.59,0.8,-0.16224489795918368,True,False,True,0.05,False,MILD
088,23,2026-02-26 00:00:00,181.59,0.8,-0.17510204081632652,True,False,True,0.05,False,MILD
088,24,2026-02-26 01:00:00,181.59,0.8,-0.18673469387755098,True,False,True,0.05,False,MILD
088,25,2026-02-26 02:00:00,181.59,0.8,-0.19081632653061228,True,False,True,0.05,False,MILD
088,26,2026-02-26 03:00:00,181.59,0.8,-0.19918367346938778,True,False,True,0.05,False,MILD
088,27,2026-02-26 04:00:00,210.25,0.8,-0.19897959183673466,True,False,True,0.05,False,MILD
088,28,2026-02-26 05:00:00,210.25,0.8,-0.20775510204081632,True,False,True,0.05,False,MILD
088,29,2026-02-26 06:00:00,210.25,0.8,-0.20816326530612247,True,False,True,0.05,False,MILD
088,30,2026-02-26 07:00:00,210.25,0.8,-0.20816326530612245,True,False,True,0.05,False,MILD
088,31,2026-02-26 08:00:00,210.25,0.8,-0.19959183673469386,True,False,True,0.05,False,MILD
088,32,2026-02-26 09:00:00,210.25,0.8,-0.1959183673469388,True,False,True,0.05,False,MILD
088,33,2026-02-26 10:00:00,210.25,0.8,-0.18918367346938775,True,False,True,0.05,False,MILD
088,34,2026-02-26 11:00:00,210.25,0.8,-0.18102040816326528,True,False,True,0.05,False,MILD
088,35,2026-02-26 12:00:00,3.6,0.8,-0.1681632653061225,True,True,False,0.05,False,MILD
088,36,2026-02-26 13:00:00,169.28,0.8,-0.1640816326530612,True,False,True,0.05,False,MILD
088,37,2026-02-26 14:00:00,169.28,0.8,-0.16918367346938779,True,False,True,0.05,False,MILD
088,38,2026-02-26 15:00:00,169.28,0.8,-0.16816326530612247,True,False,True,0.05,False,MILD
088,39,2026-02-26 16:00:00,169.28,0.8,-0.16040816326530613,True,False,True,0.05,False,MILD
088,40,2026-02-26 17:00:00,169.28,0.8,-0.15285714285714286,True,False,True,0.05,False,MILD
088,41,2026-02-26 18:00:00,169.28,0.6,-0.1540816326530612,True,False,True,0.05,False,MILD
088,42,2026-02-26 19:00:00,169.28,0.6,-0.15571428571428572,True,False,True,0.05,False,MILD
088,43,2026-02-26 20:00:00,169.28,0.5,-0.16204081632653064,True,False,True,0.05,False,MILD
088,44,2026-02-26 21:00:00,41.13,0.5,-0.16142857142857142,True,False,True,0.05,False,MILD
088,45,2026-02-26 22:00:00,41.13,0.5,-0.1489795918367347,True,False,True,0.05,False,MILD
088,46,2026-02-26 23:00:00,41.13,0.5,-0.15489795918367347,True,False,True,0.05,False,MILD
088,47,2026-02-27 00:00:00,41.13,0.3,-0.16510204081632654,True,False,True,0.05,False,MILD
088,48,2026-02-27 01:00:00,41.13,0.3,-0.1761224489795918,True,False,True,0.05,False,MILD
088,49,2026-02-27 02:00:00,41.13,0.2,-0.1779591836734694,True,False,True,0.05,False,MILD
088,50,2026-02-27 03:00:00,41.13,0.2,-0.1736734693877551,True,False,True,0.05,False,MILD
088,51,2026-02-27 04:00:00,41.13,0.2,-0.16326530612244897,True,False,True,0.05,False,MILD
088,52,2026-02-27 05:00:00,1.81,0.2,-0.15897959183673468,True,True,False,0.05,False,MILD
088,53,2026-02-27 06:00:00,1.81,0.2,-0.15367346938775509,True,True,False,0.05,False,MILD
088,54,2026-02-27 07:00:00,1.81,0.2,-0.13877551020408166,True,True,False,0.05,False,MILD
088,55,2026-02-27 08:00:00,1.81,0.2,-0.12571428571428572,True,True,False,0.05,False,MILD
088,56,2026-02-27 09:00:00,130.23,0.2,-0.12795918367346937,True,False,True,0.05,False,MILD
088,57,2026-02-27 10:00:00,130.23,0.2,-0.12857142857142856,True,False,True,0.05,False,MILD
088,58,2026-02-27 11:00:00,130.23,0.2,-0.13163265306122449,True,False,True,0.05,False,MILD
088,59,2026-02-27 12:00:00,130.23,0.2,-0.1457142857142857,True,False,True,0.05,False,MILD
088,60,2026-02-27 13:00:00,130.23,0.2,-0.16918367346938773,True,False,True,0.05,False,MILD
088,61,2026-02-27 14:00:00,130.23,0.3,-0.18816326530612243,True,False,True,0.05,False,MILD
088,62,2026-02-27 15:00:00,130.23,0.3,-0.21204081632653066,True,False,True,0.05,False,MILD
088,63,2026-02-27 16:00:00,130.23,0.3,-0.23142857142857143,True,False,True,0.05,False,MILD
088,64,2026-02-27 17:00:00,16.84,0.3,-0.2463265306122449,True,False,True,0.05,False,MILD
088,65,2026-02-27 18:00:00,16.84,0.3,-0.2612244897959184,True,False,True,0.05,False,MILD
088,66,2026-02-27 19:00:00,232.0,0.3,-0.27693877551020407,True,False,True,0.05,False,MILD
088,67,2026-02-27 20:00:00,232.0,0.3,-0.29408163265306125,True,False,True,0.05,False,MILD
088,68,2026-02-27 21:00:00,232.0,0.3,-0.3095918367346939,True,False,True,0.05,False,MILD
088,69,2026-02-27 22:00:00,232.0,0.2,-0.3112244897959184,True,False,True,0.05,False,MILD
088,70,2026-02-27 23:00:00,232.0,0.2,-0.31326530612244896,True,False,True,0.05,False,MILD
088,71,2026-02-28 00:00:00,232.0,0.2,-0.3148979591836735,True,False,True,0.05,False,MILD
088,72,2026-02-28 01:00:00,232.0,0.2,-0.32081632653061226,True,False,True,0.05,False,MILD
088,73,2026-02-28 02:00:00,232.0,0.2,-0.31979591836734694,True,False,True,0.05,False,MILD
088,74,2026-02-28 03:00:00,1.5,0.2,-0.32673469387755105,True,True,True,0.05,False,MILD
088,75,2026-02-28 04:00:00,1.5,0.2,-0.3271428571428572,True,True,True,0.05,False,MILD
088,76,2026-02-28 05:00:00,1.5,0.2,-0.3210204081632653,True,True,True,0.05,False,MILD
088,77,2026-02-28 06:00:00,1.5,0.2,-0.316530612244898,True,True,True,0.05,False,MILD
088,78,2026-02-28 07:00:00,1.82,0.3,-0.31367346938775514,True,True,True,0.05,False,MILD
088,79,2026-02-28 08:00:00,1.82,0.3,-0.30795918367346936,True,True,True,0.05,True,MILD
088,80,2026-02-28 09:00:00,1.82,0.3,-0.2957142857142857,True,True,True,0.05,False,MILD
088,81,2026-02-28 10:00:00,1.82,0.3,-0.30000000000000004,True,True,True,0.05,False,MILD
088,82,2026-02-28 11:00:00,1.82,0.3,-0.2989795918367347,True,True,True,0.05,False,MILD
088,83,2026-02-28 12:00:00,1.82,0.3,-0.2930612244897959,True,True,True,0.05,False,MILD
088,84,2026-02-28 13:00:00,1.82,0.3,-0.2987755102040816,True,True,True,0.05,False,MILD
088,85,2026-02-28 14:00:00,1.82,0.3,-0.29877551020408166,True,True,True,0.05,False,MILD
088,86,2026-02-28 15:00:00,1.53,0.2,-0.2816326530612245,True,True,True,0.05,False,MILD
088,87,2026-02-28 16:00:00,1.55,0.2,-0.27591836734693875,True,True,True,0.05,False,MILD
088,88,2026-02-28 17:00:00,1.55,0.2,-0.2542857142857143,True,True,True,0.05,False,MILD
088,89,2026-02-28 18:00:00,1.55,0.2,-0.23448979591836733,True,True,True,0.05,False,MILD
088,90,2026-02-28 19:00:00,1.55,0.2,-0.20918367346938777,True,True,True,0.05,False,MILD
088,91,2026-02-28 20:00:00,1.55,0.2,-0.19081632653061228,True,True,True,0.05,False,MILD
088,92,2026-02-28 21:00:00,1.74,0.2,-0.1583673469387755,True,True,True,0.05,False,MILD
088,93,2026-02-28 22:00:00,1.74,0.2,-0.1320408163265306,True,True,True,0.05,False,MILD
088,94,2026-02-28 23:00:00,1.74,0.2,-0.12224489795918368,True,True,True,0.05,False,MILD
088,95,2026-03-01 00:00:00,1.74,0.2,-0.10897959183673471,True,True,True,0.05,False,MILD
088,96,2026-03-01 01:00:00,1.74,0.2,-0.1169387755102041,True,True,True,0.05,False,MILD
088,97,2026-03-01 02:00:00,82.96,0.2,-0.11326530612244899,True,False,True,0.05,False,MILD
088,98,2026-03-01 03:00:00,82.96,0.2,-0.11591836734693879,True,False,True,0.05,False,MILD
088,99,2026-03-01 04:00:00,109.65,0.2,-0.10673469387755102,True,False,True,0.05,False,MILD
088,100,2026-03-01 05:00:00,109.65,0.2,-0.10489795918367348,True,False,True,0.05,False,MILD
088,101,2026-03-01 06:00:00,109.65,0.2,-0.1016326530612245,True,False,True,0.05,False,MILD
088,102,2026-03-01 07:00:00,109.65,0.2,-0.09979591836734696,True,False,True,0.05,False,MILD
088,103,2026-03-01 08:00:00,180.68,0.3,-0.09408163265306124,True,False,True,0.05,False,MILD
088,104,2026-03-01 09:00:00,180.68,0.3,-0.07979591836734694,True,False,True,0.05,False,MILD
088,105,2026-03-01 10:00:00,180.68,0.3,-0.07591836734693878,True,False,True,0.05,False,MILD
088,106,2026-03-01 11:00:00,212.09,0.3,-0.07387755102040816,True,False,True,0.05,False,MILD
088,107,2026-03-01 12:00:00,212.09,0.3,-0.09204081632653062,True,False,True,0.05,False,MILD
088,108,2026-03-01 13:00:00,212.09,0.3,-0.10204081632653061,True,False,True,0.05,False,MILD
088,109,2026-03-01 14:00:00,212.09,0.3,-0.1083673469387755,True,False,True,0.05,False,MILD
088,110,2026-03-01 15:00:00,212.09,0.3,-0.11102040816326529,True,False,True,0.05,False,MILD
088,111,2026-03-01 16:00:00,212.09,0.2,-0.11346938775510203,True,False,True,0.05,False,MILD
088,112,2026-03-01 17:00:00,212.09,0.2,-0.12306122448979592,True,False,True,0.05,False,MILD
088,113,2026-03-01 18:00:00,212.09,0.2,-0.11693877551020407,True,False,True,0.05,False,MILD
088,114,2026-03-01 19:00:00,136.23,0.2,-0.1083673469387755,True,False,True,0.05,False,MILD
088,115,2026-03-01 20:00:00,1.58,0.2,-0.0873469387755102,True,True,True,0.05,False,MILD
088,116,2026-03-01 21:00:00,1.58,0.2,-0.06693877551020407,True,True,True,0.05,False,MILD
088,117,2026-03-01 22:00:00,1.58,0.2,-0.05469387755102042,True,True,True,0.05,False,MILD
088,118,2026-03-01 23:00:00,1.58,0.2,-0.04224489795918368,True,True,True,0.05,False,MILD
088,119,2026-03-02 00:00:00,1.44,0.2,-0.041836734693877546,True,True,True,0.05,False,MILD
089,1,2026-03-08 15:00:00,3.68,1.9,0.46714285714285714,False,False,True,0.0,False,MILD
089,2,2026-03-08 16:00:00,4.93,2.5,0.483076923076923,False,False,True,0.0,False,MILD
089,3,2026-03-08 17:00:00,6.37,2.5,0.48578947368421066,False,False,True,0.0,False,MILD
089,4,2026-03-08 18:00:00,7.98,2.5,0.502,False,False,True,0.0,False,MILD
089,5,2026-03-08 19:00:00,7.98,2.5,0.5016129032258064,False,False,True,0.0,False,MILD
089,6,2026-03-08 20:00:00,7.98,2.5,0.49783783783783786,False,False,True,0.0,False,MILD
089,7,2026-03-08 21:00:00,88.47,2.5,0.49209302325581394,False,False,True,0.0,False,MILD
089,8,2026-03-08 22:00:00,88.47,2.5,0.4961224489795919,False,False,True,0.0,False,MILD
089,9,2026-03-08 23:00:00,88.47,2.5,0.5051020408163265,False,False,True,0.0,False,MILD
089,10,2026-03-09 00:00:00,88.47,2.2,0.513061224489796,False,False,True,0.0,False,MILD
089,11,2026-03-09 01:00:00,93.39,2.2,0.5283673469387754,False,False,True,0.0,False,MILD
089,12,2026-03-09 02:00:00,358.81,2.2,0.533061224489796,False,False,True,0.05,False,MILD
089,13,2026-03-09 03:00:00,358.81,2.2,0.5481632653061225,False,False,True,0.05,False,MILD
089,14,2026-03-09 04:00:00,358.81,2.2,0.5679591836734693,False,False,True,0.05,False,MILD
089,15,2026-03-09 05:00:00,358.81,2.2,0.5800000000000001,False,False,True,0.05,False,MILD
089,16,2026-03-09 06:00:00,358.81,0.7,0.586530612244898,False,False,True,0.05,False,MILD
089,17,2026-03-09 07:00:00,358.81,0.7,0.5893877551020409,False,False,True,0.05,False,MILD
089,18,2026-03-09 08:00:00,358.81,0.7,0.5920408163265306,False,False,True,0.05,False,MILD
089,19,2026-03-09 09:00:00,358.81,0.7,0.5936734693877551,False,False,True,0.05,False,MILD
089,20,2026-03-09 10:00:00,358.81,0.7,0.593265306122449,False,False,True,0.05,False,MILD
089,21,2026-03-09 11:00:00,3.22,0.9,0.583469387755102,False,False,True,0.05,False,MILD
089,22,2026-03-09 12:00:00,3.22,0.9,0.5718367346938775,False,False,True,0.05,False,MILD
089,23,2026-03-09 13:00:00,245.35,0.9,0.5683673469387756,False,False,True,0.05,False,MILD
089,24,2026-03-09 14:00:00,245.35,0.9,0.5751020408163265,False,False,True,0.05,False,MILD
089,25,2026-03-09 15:00:00,245.35,0.9,0.5828571428571429,False,False,True,0.05,False,MILD
089,26,2026-03-09 16:00:00,245.35,0.9,0.5851020408163266,False,False,True,0.05,False,MILD
089,27,2026-03-09 17:00:00,245.35,0.9,0.5914285714285714,False,False,True,0.05,False,MILD
089,28,2026-03-09 18:00:00,245.35,0.9,0.5867346938775511,False,False,True,0.05,False,MILD
089,29,2026-03-09 19:00:00,257.42,0.9,0.5895918367346938,False,False,True,0.05,False,MILD
089,30,2026-03-09 20:00:00,257.42,0.6,0.593469387755102,False,False,True,0.05,False,MILD
089,31,2026-03-09 21:00:00,257.42,0.6,0.5928571428571429,False,False,True,0.05,False,MILD
089,32,2026-03-09 22:00:00,257.42,0.6,0.5842857142857143,False,False,True,0.05,False,MILD
089,33,2026-03-09 23:00:00,257.42,0.6,0.5724489795918367,False,False,True,0.05,False,MILD
089,34,2026-03-10 00:00:00,257.42,0.6,0.5597959183673469,False,False,True,0.05,False,MILD
089,35,2026-03-10 01:00:00,257.42,0.6,0.5569387755102041,False,False,True,0.05,False,MILD
089,36,2026-03-10 02:00:00,257.42,0.6,0.5595918367346938,False,False,True,0.05,False,MILD
089,37,2026-03-10 03:00:00,58.72,0.6,0.5528571428571428,False,False,True,0.05,False,MILD
089,38,2026-03-10 04:00:00,58.72,0.3,0.5610204081632653,False,False,True,0.05,False,MILD
089,39,2026-03-10 05:00:00,58.72,0.3,0.5748979591836735,False,False,True,0.05,False,MILD
089,40,2026-03-10 06:00:00,58.72,0.2,0.5863265306122449,False,False,True,0.05,False,MILD
089,41,2026-03-10 07:00:00,58.72,0.2,0.6008163265306122,False,False,True,0.05,False,MILD
089,42,2026-03-10 08:00:00,58.72,0.2,0.6316326530612245,False,False,True,0.05,False,MILD
089,43,2026-03-10 09:00:00,1.61,0.2,0.6477551020408163,False,False,True,0.05,False,MILD
089,44,2026-03-10 10:00:00,1.47,0.2,0.6602040816326531,False,False,True,0.05,False,MILD
089,45,2026-03-10 11:00:00,1.47,0.2,0.6793877551020407,False,False,True,0.05,False,MILD
089,46,2026-03-10 12:00:00,1.64,0.2,0.6861224489795917,False,False,True,0.05,False,MILD
089,47,2026-03-10 13:00:00,1.64,0.2,0.696530612244898,False,False,True,0.05,False,MILD
089,48,2026-03-10 14:00:00,1.64,0.2,0.7073469387755101,False,False,True,0.05,False,MILD
089,49,2026-03-10 15:00:00,45.0,0.2,0.7159183673469389,False,False,True,0.05,False,MILD
089,50,2026-03-10 16:00:00,56.67,0.2,0.7148979591836734,False,False,True,0.05,False,MILD
089,51,2026-03-10 17:00:00,62.85,0.2,0.7114285714285713,False,False,True,0.05,False,MILD
089,52,2026-03-10 18:00:00,62.85,0.2,0.7159183673469387,False,False,True,0.05,False,MILD
089,53,2026-03-10 19:00:00,62.85,0.2,0.7114285714285714,False,False,True,0.05,False,MILD
089,54,2026-03-10 20:00:00,62.85,0.2,0.7067346938775512,False,False,True,0.05,False,MILD
089,55,2026-03-10 21:00:00,62.85,0.2,0.6997959183673469,False,False,True,0.05,False,MILD
089,56,2026-03-10 22:00:00,656.96,0.2,0.696530612244898,False,False,True,0.05,False,MILD
089,57,2026-03-10 23:00:00,656.96,0.2,0.6765306122448981,False,False,True,0.05,False,MILD
089,58,2026-03-11 00:00:00,656.96,0.2,0.6602040816326531,False,False,True,0.05,False,MILD
089,59,2026-03-11 01:00:00,656.96,0.2,0.6471428571428571,False,False,True,0.05,False,MILD
089,60,2026-03-11 02:00:00,656.96,0.2,0.6275510204081632,False,False,True,0.05,False,MILD
089,61,2026-03-11 03:00:00,656.96,0.2,0.6144897959183674,False,False,True,0.05,False,MILD
089,62,2026-03-11 04:00:00,656.96,0.2,0.6057142857142858,False,False,True,0.05,False,MILD
089,63,2026-03-11 05:00:00,656.96,0.2,0.6008163265306122,False,False,True,0.05,False,MILD
089,64,2026-03-11 06:00:00,23.8,0.2,0.6008163265306122,False,False,True,0.05,False,MILD
089,65,2026-03-11 07:00:00,200.36,0.2,0.6081632653061224,False,False,True,0.05,False,MILD
089,66,2026-03-11 08:00:00,200.36,0.2,0.6112244897959184,False,False,True,0.05,False,MILD
089,67,2026-03-11 09:00:00,200.36,0.2,0.616530612244898,False,False,True,0.05,False,MILD
089,68,2026-03-11 10:00:00,200.36,0.2,0.6253061224489795,False,False,True,0.05,False,MILD
089,69,2026-03-11 11:00:00,200.36,0.2,0.6324489795918367,False,False,True,0.05,False,MILD
089,70,2026-03-11 12:00:00,200.36,0.2,0.6273469387755102,False,False,True,0.05,False,MILD
089,71,2026-03-11 13:00:00,200.36,0.2,0.6155102040816327,False,False,True,0.05,False,MILD
089,72,2026-03-11 14:00:00,200.36,0.2,0.5995918367346939,False,False,True,0.05,False,MILD
089,73,2026-03-11 15:00:00,98.92,0.2,0.583469387755102,False,False,True,0.05,False,MILD
089,74,2026-03-11 16:00:00,98.92,0.2,0.57,False,False,True,0.05,False,MILD
089,75,2026-03-11 17:00:00,98.92,0.2,0.560204081632653,False,False,True,0.05,False,MILD
089,76,2026-03-11 18:00:00,98.92,0.2,0.553265306122449,False,False,True,0.05,False,MILD
089,77,2026-03-11 19:00:00,260.23,0.2,0.5542857142857143,False,False,True,0.05,False,MILD
089,78,2026-03-11 20:00:00,260.23,0.2,0.553469387755102,False,False,True,0.05,False,MILD
089,79,2026-03-11 21:00:00,260.23,0.2,0.556530612244898,False,False,True,0.05,False,MILD
089,80,2026-03-11 22:00:00,260.23,0.2,0.5618367346938776,False,False,True,0.05,False,MILD
089,81,2026-03-11 23:00:00,260.23,0.3,0.5595918367346939,False,False,True,0.05,False,MILD
089,82,2026-03-12 00:00:00,260.23,0.3,0.5616326530612245,False,False,True,0.05,False,MILD
089,83,2026-03-12 01:00:00,260.23,0.3,0.5589795918367347,False,False,True,0.05,False,MILD
089,84,2026-03-12 02:00:00,260.23,0.3,0.5481632653061224,False,False,True,0.05,False,MILD
089,85,2026-03-12 03:00:00,1.44,0.3,0.5455102040816326,False,False,True,0.05,False,MILD
089,86,2026-03-12 04:00:00,1.44,0.3,0.5499999999999999,False,False,True,0.05,False,MILD
089,87,2026-03-12 05:00:00,1.44,0.3,0.5312244897959183,False,False,True,0.05,False,MILD
089,88,2026-03-12 06:00:00,59.77,0.3,0.5293877551020407,False,False,True,0.05,False,MILD
089,89,2026-03-12 07:00:00,59.77,0.2,0.5320408163265307,False,False,True,0.05,False,MILD
089,90,2026-03-12 08:00:00,59.77,0.2,0.5326530612244899,False,False,True,0.05,False,MILD
089,91,2026-03-12 09:00:00,59.77,0.2,0.5412244897959183,False,False,True,0.05,False,MILD
089,92,2026-03-12 10:00:00,59.77,0.2,0.5548979591836735,False,False,True,0.05,False,MILD
090,1,2026-02-06 08:00:00,3.09,0.8,-0.8628571428571428,True,True,True,0.0,False,MILD
090,2,2026-02-06 09:00:00,65.59,2.2,-0.8753846153846153,True,False,True,0.0,False,MILD
090,3,2026-02-06 10:00:00,65.59,2.5,-0.8878947368421052,True,False,True,0.0,False,MILD
090,4,2026-02-06 11:00:00,65.59,2.5,-0.8764,True,False,True,0.0,False,MILD
090,5,2026-02-06 12:00:00,65.59,2.5,-0.8877419354838709,True,False,True,0.0,False,MILD
090,6,2026-02-06 13:00:00,65.59,2.5,-0.8991891891891892,True,False,True,0.0,False,MILD
090,7,2026-02-06 14:00:00,65.59,2.5,-0.9146511627906978,True,False,True,0.0,False,MILD
090,8,2026-02-06 15:00:00,65.59,2.5,-0.9246938775510203,True,False,True,0.0,False,MILD
090,9,2026-02-06 16:00:00,65.59,2.5,-0.9457142857142857,True,False,True,0.0,False,MILD
090,10,2026-02-06 17:00:00,49.41,2.5,-0.9548979591836733,True,False,True,0.0,False,MILD
090,11,2026-02-06 18:00:00,49.41,2.2,-0.9708163265306122,True,False,True,0.0,False,MILD
090,12,2026-02-06 19:00:00,49.41,2.2,-0.9887755102040815,True,False,True,0.05,False,MILD
090,13,2026-02-06 20:00:00,49.41,2.2,-1.0055102040816326,True,False,True,0.05,False,MILD
090,14,2026-02-06 21:00:00,49.41,0.6,-1.01,True,False,True,0.05,False,MILD
090,15,2026-02-06 22:00:00,49.41,0.6,-0.999183673469388,True,False,True,0.05,False,MILD
090,16,2026-02-06 23:00:00,49.41,0.6,-1.003469387755102,True,False,True,0.05,False,MILD
090,17,2026-02-07 00:00:00,49.41,0.6,-0.9940816326530613,True,False,True,0.05,False,MILD
090,18,2026-02-07 01:00:00,49.41,0.6,-0.9832653061224488,True,False,True,0.05,False,MILD
090,19,2026-02-07 02:00:00,42.87,0.6,-0.9746938775510205,True,False,True,0.05,False,MILD
090,20,2026-02-07 03:00:00,42.87,0.6,-0.9700000000000002,True,False,True,0.05,False,MILD
090,21,2026-02-07 04:00:00,3.5,0.6,-0.9563265306122449,True,True,False,0.05,False,MILD
090,22,2026-02-07 05:00:00,3.5,0.6,-0.946938775510204,True,True,False,0.05,False,MILD
090,23,2026-02-07 06:00:00,3.5,0.6,-0.9508163265306123,True,True,False,0.05,False,MILD
090,24,2026-02-07 07:00:00,3.5,0.6,-0.9363265306122448,True,True,False,0.05,False,MILD
090,25,2026-02-07 08:00:00,282.53,0.6,-0.9297959183673469,True,False,True,0.05,False,MILD
090,26,2026-02-07 09:00:00,282.53,0.6,-0.9285714285714286,True,False,True,0.05,False,MILD
090,27,2026-02-07 10:00:00,282.53,0.3,-0.926938775510204,True,False,True,0.05,False,MILD
090,28,2026-02-07 11:00:00,282.53,0.2,-0.9108163265306122,True,False,True,0.05,False,MILD
090,29,2026-02-07 12:00:00,282.53,0.2,-0.9014285714285715,True,False,True,0.05,False,MILD
090,30,2026-02-07 13:00:00,282.53,0.2,-0.9014285714285714,True,False,True,0.05,False,MILD
090,31,2026-02-07 14:00:00,282.53,0.2,-0.896326530612245,True,False,True,0.05,False,MILD
090,32,2026-02-07 15:00:00,282.53,0.2,-0.8930612244897959,True,False,True,0.05,False,MILD
090,33,2026-02-07 16:00:00,1.48,0.2,-0.8934693877551019,True,True,False,0.05,False,MILD
090,34,2026-02-07 17:00:00,114.71,0.2,-0.8853061224489795,True,False,True,0.05,False,MILD
090,35,2026-02-07 18:00:00,114.71,0.2,-0.8804081632653062,True,False,True,0.05,False,MILD
090,36,2026-02-07 19:00:00,114.71,0.2,-0.8867346938775509,True,False,True,0.05,False,MILD
090,37,2026-02-07 20:00:00,114.71,0.2,-0.8853061224489795,True,False,True,0.05,False,MILD
090,38,2026-02-07 21:00:00,114.71,0.2,-0.8857142857142857,True,False,True,0.05,False,MILD
090,39,2026-02-07 22:00:00,114.71,0.2,-0.8942857142857142,True,False,True,0.05,False,MILD
090,40,2026-02-07 23:00:00,114.71,0.2,-0.9024489795918367,True,False,True,0.05,False,MILD
090,41,2026-02-08 00:00:00,114.71,0.2,-0.9053061224489796,True,False,True,0.05,False,MILD
090,42,2026-02-08 01:00:00,114.71,0.2,-0.9118367346938775,True,False,True,0.05,False,MILD
090,43,2026-02-08 02:00:00,99.85,0.2,-0.9183673469387755,True,False,True,0.05,False,MILD
090,44,2026-02-08 03:00:00,99.85,0.2,-0.9206122448979591,True,False,True,0.05,False,MILD
090,45,2026-02-08 04:00:00,99.85,0.2,-0.9318367346938775,True,False,True,0.05,False,MILD
090,46,2026-02-08 05:00:00,99.85,0.2,-0.9353061224489796,True,False,True,0.05,False,MILD
090,47,2026-02-08 06:00:00,225.16,0.2,-0.9277551020408162,True,False,True,0.05,False,MILD
090,48,2026-02-08 07:00:00,225.16,0.2,-0.9232653061224488,True,False,True,0.05,False,MILD
090,49,2026-02-08 08:00:00,225.16,0.2,-0.9255102040816325,True,False,True,0.05,False,MILD
090,50,2026-02-08 09:00:00,225.16,0.2,-0.927142857142857,True,False,True,0.05,False,MILD
090,51,2026-02-08 10:00:00,225.16,0.2,-0.9220408163265306,True,False,True,0.05,False,MILD
090,52,2026-02-08 11:00:00,225.16,0.2,-0.9232653061224488,True,False,True,0.05,False,MILD
090,53,2026-02-08 12:00:00,225.16,0.2,-0.9087755102040816,True,False,True,0.05,False,MILD
090,54,2026-02-08 13:00:00,225.16,0.2,-0.9044897959183673,True,False,True,0.05,False,MILD
090,55,2026-02-08 14:00:00,1.66,0.2,-0.890204081632653,True,True,True,0.05,False,MILD
090,56,2026-02-08 15:00:00,19.47,0.2,-0.8855102040816326,True,False,True,0.05,False,MILD
090,57,2026-02-08 16:00:00,19.47,0.2,-0.8791836734693877,True,False,True,0.05,False,MILD
090,58,2026-02-08 17:00:00,19.47,0.2,-0.8710204081632654,True,False,True,0.05,False,MILD
090,59,2026-02-08 18:00:00,19.47,0.2,-0.8702040816326531,True,False,True,0.05,False,MILD
090,60,2026-02-08 19:00:00,19.47,0.2,-0.8702040816326531,True,False,True,0.05,False,MILD
091,1,2026-04-20 09:00:00,4.49,1.6,-0.9714285714285714,True,True,True,0.0,False,MILD
091,2,2026-04-20 10:00:00,7.41,1.7,-0.9915384615384617,True,True,True,0.0,False,MILD
091,3,2026-04-20 11:00:00,7.5,1.7,-1.0110526315789474,True,True,True,0.0,False,MILD
091,4,2026-04-20 12:00:00,57.81,2.2,-1.0231999999999999,True,False,True,0.0,False,MILD
091,5,2026-04-20 13:00:00,57.81,2.2,-1.0183870967741935,True,False,True,0.0,False,MILD
091,6,2026-04-20 14:00:00,57.81,2.2,-1.0183783783783782,True,False,True,0.0,False,MILD
091,7,2026-04-20 15:00:00,57.81,2.2,-1.0165116279069768,True,False,True,0.0,False,MILD
091,8,2026-04-20 16:00:00,57.81,2.2,-1.0167346938775512,True,False,True,0.0,False,MILD
091,9,2026-04-20 17:00:00,57.81,2.2,-1.0187755102040816,True,False,True,0.0,False,MILD
091,10,2026-04-20 18:00:00,57.81,2.2,-1.0289795918367348,True,False,True,0.0,False,MILD
091,11,2026-04-20 19:00:00,57.81,2.2,-1.0126530612244897,True,False,True,0.0,False,MILD
091,12,2026-04-20 20:00:00,6.05,2.2,-0.993061224489796,True,True,True,0.05,False,MILD
091,13,2026-04-20 21:00:00,3.33,0.7,-0.9900000000000001,True,True,True,0.05,False,MILD
091,14,2026-04-20 22:00:00,3.33,0.7,-0.9920408163265307,True,True,True,0.05,False,MILD
091,15,2026-04-20 23:00:00,3.33,0.7,-0.9875510204081631,True,True,True,0.05,False,MILD
091,16,2026-04-21 00:00:00,2.97,0.6,-0.9787755102040816,True,True,True,0.05,False,MILD
091,17,2026-04-21 01:00:00,2.97,0.6,-0.9679591836734692,True,True,True,0.05,False,MILD
091,18,2026-04-21 02:00:00,2.97,0.6,-0.966530612244898,True,True,True,0.05,True,MILD
091,19,2026-04-21 03:00:00,50.34,0.6,-0.9840816326530613,True,False,True,0.05,False,MILD
091,20,2026-04-21 04:00:00,50.34,0.6,-1.0012244897959184,True,False,True,0.05,False,MILD
091,21,2026-04-21 05:00:00,50.34,0.6,-1.0044897959183674,True,False,True,0.05,False,MILD
091,22,2026-04-21 06:00:00,50.34,0.4,-1.0030612244897958,True,False,True,0.05,False,MILD
091,23,2026-04-21 07:00:00,50.34,0.4,-1.0214285714285714,True,False,True,0.05,False,MILD
091,24,2026-04-21 08:00:00,50.34,0.2,-1.039795918367347,True,False,True,0.05,False,MILD
091,25,2026-04-21 09:00:00,50.34,0.2,-1.0589795918367346,True,False,True,0.05,False,MILD
091,26,2026-04-21 10:00:00,375.75,0.2,-1.0744897959183672,True,False,True,0.05,False,MILD
091,27,2026-04-21 11:00:00,375.75,0.2,-1.0777551020408163,True,False,True,0.05,False,MILD
091,28,2026-04-21 12:00:00,375.75,0.2,-1.0953061224489797,True,False,True,0.05,False,MILD
091,29,2026-04-21 13:00:00,375.75,0.2,-1.1177551020408163,True,False,True,0.05,False,MILD
091,30,2026-04-21 14:00:00,375.75,0.2,-1.136530612244898,True,False,True,0.05,False,MILD
091,31,2026-04-21 15:00:00,375.75,0.2,-1.1420408163265305,True,False,True,0.05,False,MILD
091,32,2026-04-21 16:00:00,375.75,0.2,-1.1538775510204082,True,False,True,0.05,False,MILD
091,33,2026-04-21 17:00:00,375.75,0.2,-1.1585714285714286,True,False,True,0.05,False,MILD
091,34,2026-04-21 18:00:00,1.79,0.2,-1.163469387755102,True,True,True,0.05,False,MILD
091,35,2026-04-21 19:00:00,62.28,0.2,-1.1751020408163264,True,False,True,0.05,False,MILD
091,36,2026-04-21 20:00:00,62.28,0.2,-1.1751020408163264,True,False,True,0.05,False,MILD
091,37,2026-04-21 21:00:00,62.28,0.2,-1.1683673469387754,True,False,True,0.05,False,MILD
091,38,2026-04-21 22:00:00,62.28,0.2,-1.1587755102040818,True,False,True,0.05,False,MILD
091,39,2026-04-21 23:00:00,62.28,0.2,-1.1579591836734695,True,False,True,0.05,False,MILD
091,40,2026-04-22 00:00:00,62.28,0.2,-1.150612244897959,True,False,True,0.05,False,MILD
091,41,2026-04-22 01:00:00,117.87,0.2,-1.1440816326530612,True,False,True,0.05,False,MILD
092,1,2026-05-14 21:00:00,6.06,1.8,-0.42857142857142855,True,True,True,0.0,False,MILD
092,2,2026-05-14 22:00:00,6.06,1.9,-0.4423076923076923,True,True,True,0.0,False,MILD
092,3,2026-05-14 23:00:00,6.52,2.4,-0.4542105263157896,True,True,True,0.0,False,MILD
092,4,2026-05-15 00:00:00,6.52,2.9,-0.4632,True,True,False,0.0,False,MILD
092,5,2026-05-15 01:00:00,6.52,2.9,-0.4635483870967742,True,True,False,0.0,False,MILD
092,6,2026-05-15 02:00:00,6.52,2.9,-0.4600000000000001,True,True,False,0.0,False,MILD
092,7,2026-05-15 03:00:00,6.52,2.9,-0.4486046511627906,True,True,False,0.0,False,MILD
092,8,2026-05-15 04:00:00,6.52,2.9,-0.44387755102040816,True,True,False,0.0,False,MILD
092,9,2026-05-15 05:00:00,6.52,2.9,-0.4446938775510204,True,True,False,0.0,False,MILD
092,10,2026-05-15 06:00:00,6.52,2.9,-0.43897959183673463,True,True,False,0.0,False,MILD
092,11,2026-05-15 07:00:00,6.52,2.9,-0.43265306122448977,True,True,False,0.0,False,MILD
092,12,2026-05-15 08:00:00,3.73,0.8,-0.4246938775510204,True,True,False,0.05,False,MILD
092,13,2026-05-15 09:00:00,3.73,0.8,-0.4144897959183674,True,True,False,0.05,False,MILD
092,14,2026-05-15 10:00:00,3.73,0.8,-0.4097959183673469,True,True,False,0.05,False,MILD
092,15,2026-05-15 11:00:00,87.1,0.8,-0.4140816326530613,True,False,True,0.05,False,MILD
092,16,2026-05-15 12:00:00,87.1,0.7,-0.42387755102040814,True,False,True,0.05,False,MILD
092,17,2026-05-15 13:00:00,87.1,0.7,-0.4173469387755102,True,False,True,0.05,False,MILD
092,18,2026-05-15 14:00:00,87.1,0.7,-0.41591836734693877,True,False,True,0.05,False,MILD
092,19,2026-05-15 15:00:00,87.1,0.7,-0.4120408163265306,True,False,True,0.05,False,MILD
092,20,2026-05-15 16:00:00,87.1,0.7,-0.3993877551020409,True,False,True,0.05,False,MILD
092,21,2026-05-15 17:00:00,87.1,0.7,-0.39346938775510204,True,False,True,0.05,False,MILD
092,22,2026-05-15 18:00:00,87.1,0.7,-0.4028571428571429,True,False,True,0.05,False,MILD
092,23,2026-05-15 19:00:00,1.83,0.5,-0.4006122448979592,True,True,False,0.05,False,MILD
092,24,2026-05-15 20:00:00,1.74,0.5,-0.40102040816326534,True,True,False,0.05,False,MILD
092,25,2026-05-15 21:00:00,1.74,0.2,-0.40244897959183673,True,True,False,0.05,False,MILD
092,26,2026-05-15 22:00:00,338.87,0.2,-0.4034693877551021,True,False,True,0.05,False,MILD
092,27,2026-05-15 23:00:00,338.87,0.2,-0.41571428571428576,True,False,True,0.05,False,MILD
092,28,2026-05-16 00:00:00,338.87,0.1,-0.42755102040816323,True,False,True,0.05,False,MILD
092,29,2026-05-16 01:00:00,338.87,0.1,-0.43632653061224497,True,False,True,0.05,False,MILD
092,30,2026-05-16 02:00:00,338.87,0.2,-0.43551020408163266,True,False,True,0.05,False,MILD
092,31,2026-05-16 03:00:00,338.87,0.2,-0.42836734693877554,True,False,True,0.05,False,MILD
092,32,2026-05-16 04:00:00,338.87,0.2,-0.42367346938775513,True,False,True,0.05,False,MILD
092,33,2026-05-16 05:00:00,338.87,0.3,-0.4195918367346939,True,False,True,0.05,False,MILD
092,34,2026-05-16 06:00:00,1.41,0.3,-0.4091836734693878,True,True,False,0.05,False,MILD
092,35,2026-05-16 07:00:00,228.31,0.3,-0.38979591836734695,True,False,True,0.05,False,MILD
092,36,2026-05-16 08:00:00,228.31,0.3,-0.3787755102040816,True,False,True,0.05,False,MILD
092,37,2026-05-16 09:00:00,312.41,0.3,-0.36510204081632647,True,False,True,0.05,False,MILD
092,38,2026-05-16 10:00:00,312.41,0.3,-0.34653061224489795,True,False,True,0.05,False,MILD
092,39,2026-05-16 11:00:00,312.41,0.3,-0.34163265306122453,True,False,True,0.05,False,MILD
092,40,2026-05-16 12:00:00,312.41,0.3,-0.3314285714285714,True,False,True,0.05,False,MILD
092,41,2026-05-16 13:00:00,312.41,0.2,-0.3275510204081633,True,False,True,0.05,False,MILD
092,42,2026-05-16 14:00:00,312.41,0.2,-0.32653061224489793,True,False,True,0.05,False,MILD
092,43,2026-05-16 15:00:00,312.41,0.2,-0.3281632653061224,True,False,True,0.05,False,MILD
092,44,2026-05-16 16:00:00,312.41,0.2,-0.32551020408163267,True,False,True,0.05,False,MILD
092,45,2026-05-16 17:00:00,363.53,0.2,-0.31836734693877555,True,False,True,0.05,False,MILD
092,46,2026-05-16 18:00:00,363.53,0.2,-0.3116326530612245,True,False,True,0.05,False,MILD
092,47,2026-05-16 19:00:00,363.53,0.2,-0.31183673469387757,True,False,True,0.05,False,MILD
092,48,2026-05-16 20:00:00,363.53,0.2,-0.31142857142857144,True,False,True,0.05,False,MILD
093,1,2026-04-27 16:00:00,3.21,1.0,-1.4642857142857146,True,True,True,0.0,False,MILD
093,2,2026-04-27 17:00:00,3.51,1.7,-1.4823076923076925,True,True,True,0.0,False,MILD
093,3,2026-04-27 18:00:00,3.51,2.1,-1.4689473684210526,True,True,True,0.0,False,MILD
093,4,2026-04-27 19:00:00,109.31,2.7,-1.4696,True,False,True,0.0,False,MILD
093,5,2026-04-27 20:00:00,109.31,2.7,-1.4903225806451612,True,False,True,0.0,False,MILD
093,6,2026-04-27 21:00:00,109.31,2.7,-1.4813513513513514,True,False,True,0.0,False,MILD
093,7,2026-04-27 22:00:00,109.31,2.7,-1.4899999999999998,True,False,True,0.0,False,MILD
093,8,2026-04-27 23:00:00,109.31,2.7,-1.4855102040816326,True,False,True,0.0,False,MILD
093,9,2026-04-28 00:00:00,109.31,2.7,-1.4993877551020407,True,False,True,0.0,False,MILD
093,10,2026-04-28 01:00:00,109.31,2.7,-1.5083673469387755,True,False,True,0.0,False,MILD
093,11,2026-04-28 02:00:00,109.31,2.7,-1.5171428571428571,True,False,True,0.0,False,MILD
093,12,2026-04-28 03:00:00,3.35,0.8,-1.5320408163265307,True,True,False,0.05,False,MILD
093,13,2026-04-28 04:00:00,3.29,0.8,-1.5159183673469387,True,True,False,0.05,False,MILD
093,14,2026-04-28 05:00:00,3.29,0.8,-1.5234693877551022,True,True,False,0.05,False,MILD
093,15,2026-04-28 06:00:00,2.64,0.8,-1.5316326530612245,True,True,False,0.05,False,MILD
093,16,2026-04-28 07:00:00,2.51,0.8,-1.5420408163265305,True,True,False,0.05,False,MILD
093,17,2026-04-28 08:00:00,2.49,0.8,-1.5293877551020407,True,True,False,0.05,False,MILD
093,18,2026-04-28 09:00:00,2.49,0.8,-1.523673469387755,True,True,False,0.05,False,MILD
093,19,2026-04-28 10:00:00,2.49,0.6,-1.5102040816326527,True,True,False,0.05,False,MILD
093,20,2026-04-28 11:00:00,2.47,0.6,-1.5018367346938777,True,True,False,0.05,False,MILD
093,21,2026-04-28 12:00:00,1.86,0.6,-1.4969387755102042,True,True,False,0.05,False,MILD
093,22,2026-04-28 13:00:00,1.82,0.3,-1.4940816326530615,True,True,False,0.05,False,MILD
093,23,2026-04-28 14:00:00,1.37,0.2,-1.482857142857143,True,True,False,0.05,False,MILD
093,24,2026-04-28 15:00:00,209.71,0.2,-1.473877551020408,True,False,True,0.05,False,MILD
093,25,2026-04-28 16:00:00,209.71,0.2,-1.4712244897959184,True,False,True,0.05,False,MILD
093,26,2026-04-28 17:00:00,209.71,0.2,-1.483469387755102,True,False,True,0.05,False,MILD
093,27,2026-04-28 18:00:00,209.71,0.2,-1.4871428571428573,True,False,True,0.05,False,MILD
093,28,2026-04-28 19:00:00,209.71,0.2,-1.4938775510204083,True,False,True,0.05,False,MILD
093,29,2026-04-28 20:00:00,209.71,0.2,-1.4965306122448983,True,False,True,0.05,False,MILD
093,30,2026-04-28 21:00:00,209.71,0.2,-1.493265306122449,True,False,True,0.05,False,MILD
093,31,2026-04-28 22:00:00,209.71,0.2,-1.4918367346938777,True,False,True,0.05,False,MILD
093,32,2026-04-28 23:00:00,78.39,0.2,-1.496530612244898,True,False,True,0.05,False,MILD
093,33,2026-04-29 00:00:00,1.29,0.2,-1.4977551020408164,True,True,False,0.05,False,MILD
093,34,2026-04-29 01:00:00,1.05,0.2,-1.4789795918367348,True,True,False,0.05,False,MILD
093,35,2026-04-29 02:00:00,1.05,0.2,-1.4653061224489796,True,True,False,0.05,False,MILD
093,36,2026-04-29 03:00:00,1.53,0.2,-1.4512244897959183,True,True,False,0.05,False,MILD
093,37,2026-04-29 04:00:00,1.53,0.2,-1.4544897959183676,True,True,False,0.05,False,MILD
093,38,2026-04-29 05:00:00,1.53,0.2,-1.4485714285714284,True,True,False,0.05,False,MILD
093,39,2026-04-29 06:00:00,1.57,0.2,-1.4387755102040816,True,True,False,0.05,False,MILD
093,40,2026-04-29 07:00:00,44.75,0.2,-1.433673469387755,True,False,True,0.05,False,MILD
094,1,2026-01-23 06:00:00,79.15,1.8,-0.05857142857142857,True,False,True,0.0,False,MILD
094,2,2026-01-23 07:00:00,79.15,1.8,-0.08307692307692308,True,False,True,0.0,False,MILD
094,3,2026-01-23 08:00:00,87.39,1.8,-0.09052631578947368,True,False,True,0.0,False,MILD
094,4,2026-01-23 09:00:00,87.39,1.8,-0.096,True,False,True,0.0,False,MILD
094,5,2026-01-23 10:00:00,87.39,1.8,-0.08548387096774192,True,False,True,0.0,False,MILD
094,6,2026-01-23 11:00:00,87.39,1.8,-0.09216216216216218,True,False,True,0.0,False,MILD
094,7,2026-01-23 12:00:00,349.85,1.8,-0.09651162790697673,True,False,True,0.0,False,MILD
094,8,2026-01-23 13:00:00,349.85,1.8,-0.10142857142857142,True,False,True,0.0,False,MILD
094,9,2026-01-23 14:00:00,349.85,1.7,-0.11163265306122448,True,False,True,0.0,False,MILD
094,10,2026-01-23 15:00:00,349.85,1.7,-0.10367346938775511,True,False,True,0.0,False,MILD
094,11,2026-01-23 16:00:00,349.85,0.9,-0.10428571428571427,True,False,True,0.0,False,MILD
094,12,2026-01-23 17:00:00,349.85,0.9,-0.1063265306122449,True,False,True,0.05,False,MILD
094,13,2026-01-23 18:00:00,349.85,0.9,-0.11040816326530614,True,False,True,0.05,False,MILD
094,14,2026-01-23 19:00:00,349.85,0.9,-0.10122448979591836,True,False,True,0.05,False,MILD
094,15,2026-01-23 20:00:00,2.57,0.9,-0.0977551020408163,True,True,True,0.05,False,MILD
094,16,2026-01-23 21:00:00,282.83,0.9,-0.08775510204081634,True,False,True,0.05,False,MILD
094,17,2026-01-23 22:00:00,282.83,0.9,-0.06530612244897958,True,False,True,0.05,False,MILD
094,18,2026-01-23 23:00:00,282.83,0.4,-0.0626530612244898,True,False,True,0.05,False,MILD
094,19,2026-01-24 00:00:00,282.83,0.3,-0.059795918367346934,True,False,True,0.05,False,MILD
094,20,2026-01-24 01:00:00,282.83,0.2,-0.06183673469387756,True,False,True,0.05,False,MILD
094,21,2026-01-24 02:00:00,282.83,0.2,-0.05306122448979592,True,False,True,0.05,False,MILD
094,22,2026-01-24 03:00:00,282.83,0.1,-0.05530612244897959,True,False,True,0.05,False,MILD
094,23,2026-01-24 04:00:00,282.83,0.3,-0.0653061224489796,True,False,True,0.05,False,MILD
094,24,2026-01-24 05:00:00,205.26,0.3,-0.07979591836734694,True,False,True,0.05,False,MILD
094,25,2026-01-24 06:00:00,263.88,0.3,-0.10224489795918366,True,False,True,0.05,False,MILD
094,26,2026-01-24 07:00:00,263.88,0.3,-0.1016326530612245,True,False,True,0.05,False,MILD
094,27,2026-01-24 08:00:00,263.88,0.3,-0.10999999999999999,True,False,True,0.05,False,MILD
094,28,2026-01-24 09:00:00,263.88,0.3,-0.12122448979591836,True,False,True,0.05,False,MILD
094,29,2026-01-24 10:00:00,263.88,0.3,-0.13591836734693877,True,False,True,0.05,False,MILD
094,30,2026-01-24 11:00:00,263.88,0.3,-0.16326530612244897,True,False,True,0.05,False,MILD
094,31,2026-01-24 12:00:00,263.88,0.2,-0.17122448979591834,True,False,True,0.05,False,MILD
095,1,2026-05-14 12:00:00,4.22,1.9,-1.455714285714286,True,True,True,0.0,False,MILD
095,2,2026-05-14 13:00:00,4.22,1.9,-1.4538461538461538,True,True,True,0.0,False,MILD
095,3,2026-05-14 14:00:00,4.43,1.9,-1.4594736842105263,True,True,True,0.0,False,MILD
095,4,2026-05-14 15:00:00,219.24,2.6,-1.4772,True,False,True,0.0,False,MILD
095,5,2026-05-14 16:00:00,219.24,2.6,-1.481935483870968,True,False,True,0.0,False,MILD
095,6,2026-05-14 17:00:00,219.24,2.6,-1.4837837837837835,True,False,True,0.0,False,MILD
095,7,2026-05-14 18:00:00,219.24,2.6,-1.4937209302325578,True,False,True,0.0,False,MILD
095,8,2026-05-14 19:00:00,219.24,2.8,-1.4922448979591838,True,False,True,0.0,False,MILD
095,9,2026-05-14 20:00:00,219.24,3.2,-1.5018367346938777,True,False,True,0.0,False,MILD
095,10,2026-05-14 21:00:00,219.24,3.2,-1.509795918367347,True,False,True,0.0,False,MILD
095,11,2026-05-14 22:00:00,219.24,3.2,-1.516530612244898,True,False,True,0.0,False,MILD
095,12,2026-05-14 23:00:00,219.24,3.2,-1.5222448979591838,True,False,True,0.05,False,MILD
095,13,2026-05-15 00:00:00,6.69,3.2,-1.5167346938775508,True,False,True,0.05,False,MILD
095,14,2026-05-15 01:00:00,6.69,3.2,-1.5120408163265306,True,False,True,0.05,False,MILD
095,15,2026-05-15 02:00:00,6.69,3.2,-1.503673469387755,True,False,True,0.05,False,MILD
095,16,2026-05-15 03:00:00,307.96,3.2,-1.4987755102040816,True,False,True,0.05,False,MILD
095,17,2026-05-15 04:00:00,307.96,0.6,-1.503469387755102,True,False,True,0.05,False,MILD
095,18,2026-05-15 05:00:00,307.96,0.5,-1.5114285714285716,True,False,True,0.05,False,MILD
095,19,2026-05-15 06:00:00,307.96,0.5,-1.510204081632653,True,False,True,0.05,False,MILD
095,20,2026-05-15 07:00:00,307.96,0.5,-1.5053061224489794,True,False,True,0.05,False,MILD
095,21,2026-05-15 08:00:00,307.96,0.5,-1.5006122448979593,True,False,True,0.05,False,MILD
095,22,2026-05-15 09:00:00,307.96,0.5,-1.5091836734693878,True,False,True,0.05,False,MILD
095,23,2026-05-15 10:00:00,307.96,0.5,-1.5110204081632654,True,False,True,0.05,False,MILD
095,24,2026-05-15 11:00:00,165.05,0.5,-1.5114285714285711,True,False,True,0.05,False,MILD
095,25,2026-05-15 12:00:00,165.05,0.5,-1.510612244897959,True,False,True,0.05,False,MILD
095,26,2026-05-15 13:00:00,165.05,0.5,-1.5006122448979593,True,False,True,0.05,False,MILD
095,27,2026-05-15 14:00:00,84.22,0.5,-1.5020408163265304,True,False,True,0.05,False,MILD
095,28,2026-05-15 15:00:00,84.22,0.5,-1.5030612244897958,True,False,True,0.05,False,MILD
095,29,2026-05-15 16:00:00,84.22,0.5,-1.501836734693878,True,False,True,0.05,False,MILD
095,30,2026-05-15 17:00:00,84.22,0.5,-1.496734693877551,True,False,True,0.05,False,MILD
095,31,2026-05-15 18:00:00,2.97,0.6,-1.4851020408163265,True,True,False,0.05,False,MILD
095,32,2026-05-15 19:00:00,2.8,0.6,-1.4753061224489794,True,True,False,0.05,False,MILD
095,33,2026-05-15 20:00:00,2.56,0.6,-1.469591836734694,True,True,False,0.05,False,MILD
095,34,2026-05-15 21:00:00,2.31,0.6,-1.4638775510204083,True,True,False,0.05,False,MILD
095,35,2026-05-15 22:00:00,2.31,0.6,-1.448979591836735,True,True,False,0.05,False,MILD
095,36,2026-05-15 23:00:00,2.31,0.6,-1.4383673469387752,True,True,False,0.05,False,MILD
095,37,2026-05-16 00:00:00,2.31,0.6,-1.4212244897959183,True,True,False,0.05,False,MILD
095,38,2026-05-16 01:00:00,2.31,0.6,-1.4004081632653063,True,True,False,0.05,False,MILD
095,39,2026-05-16 02:00:00,2.31,0.6,-1.3955102040816325,True,True,False,0.05,False,MILD
095,40,2026-05-16 03:00:00,320.22,0.6,-1.4002040816326529,True,False,True,0.05,False,MILD
095,41,2026-05-16 04:00:00,320.22,0.5,-1.3989795918367347,True,False,True,0.05,False,MILD
095,42,2026-05-16 05:00:00,320.22,0.2,-1.3995918367346938,True,False,True,0.05,False,MILD
095,43,2026-05-16 06:00:00,320.22,0.2,-1.403877551020408,True,False,True,0.05,False,MILD
095,44,2026-05-16 07:00:00,320.22,0.2,-1.4153061224489796,True,False,True,0.05,False,MILD
095,45,2026-05-16 08:00:00,320.22,0.2,-1.4234693877551021,True,False,True,0.05,False,MILD
095,46,2026-05-16 09:00:00,320.22,0.2,-1.453469387755102,True,False,True,0.05,False,MILD
095,47,2026-05-16 10:00:00,320.22,0.2,-1.4734693877551022,True,False,True,0.05,False,MILD
095,48,2026-05-16 11:00:00,1.65,0.2,-1.48734693877551,True,True,False,0.05,False,MILD
095,49,2026-05-16 12:00:00,207.96,0.2,-1.503469387755102,True,False,True,0.05,False,MILD
095,50,2026-05-16 13:00:00,207.96,0.2,-1.5151020408163267,True,False,True,0.05,False,MILD
095,51,2026-05-16 14:00:00,207.96,0.2,-1.527551020408163,True,False,True,0.05,False,MILD
095,52,2026-05-16 15:00:00,207.96,0.2,-1.5328571428571431,True,False,True,0.05,False,MILD
095,53,2026-05-16 16:00:00,207.96,0.2,-1.5314285714285714,True,False,True,0.05,False,MILD
095,54,2026-05-16 17:00:00,207.96,0.2,-1.5253061224489795,True,False,True,0.05,False,MILD
095,55,2026-05-16 18:00:00,234.61,0.2,-1.5130612244897959,True,False,True,0.05,False,MILD
095,56,2026-05-16 19:00:00,234.61,0.2,-1.5002040816326532,True,False,True,0.05,False,MILD
095,57,2026-05-16 20:00:00,234.61,0.1,-1.482040816326531,True,False,True,0.05,False,MILD
095,58,2026-05-16 21:00:00,234.61,0.2,-1.4685714285714284,True,False,True,0.05,False,MILD
095,59,2026-05-16 22:00:00,234.61,0.2,-1.4528571428571428,True,False,True,0.05,False,MILD
095,60,2026-05-16 23:00:00,234.61,0.2,-1.432857142857143,True,False,True,0.05,False,MILD
095,61,2026-05-17 00:00:00,234.61,0.2,-1.430612244897959,True,False,True,0.05,False,MILD
095,62,2026-05-17 01:00:00,234.61,0.2,-1.4214285714285713,True,False,True,0.05,False,MILD
095,63,2026-05-17 02:00:00,91.24,0.2,-1.4236734693877553,True,False,True,0.05,False,MILD
095,64,2026-05-17 03:00:00,91.24,0.2,-1.4277551020408166,True,False,True,0.05,False,MILD
095,65,2026-05-17 04:00:00,485.95,0.2,-1.4302040816326533,True,False,True,0.05,False,MILD
095,66,2026-05-17 05:00:00,485.95,0.2,-1.4312244897959183,True,False,True,0.05,False,MILD
095,67,2026-05-17 06:00:00,485.95,0.2,-1.433061224489796,True,False,True,0.05,False,MILD
095,68,2026-05-17 07:00:00,485.95,0.2,-1.4395918367346938,True,False,True,0.05,False,MILD
095,69,2026-05-17 08:00:00,485.95,0.2,-1.445918367346939,True,False,True,0.05,False,MILD
095,70,2026-05-17 09:00:00,485.95,0.1,-1.4481632653061223,True,False,True,0.05,False,MILD
095,71,2026-05-17 10:00:00,485.95,0.1,-1.4520408163265304,True,False,True,0.05,False,MILD
095,72,2026-05-17 11:00:00,485.95,0.2,-1.4428571428571426,True,False,True,0.05,False,MILD
095,73,2026-05-17 12:00:00,134.69,0.2,-1.4381632653061225,True,False,True,0.05,False,MILD
095,74,2026-05-17 13:00:00,134.69,0.3,-1.4357142857142855,True,False,True,0.05,False,MILD
095,75,2026-05-17 14:00:00,134.69,0.3,-1.4316326530612247,True,False,True,0.05,False,MILD
095,76,2026-05-17 15:00:00,134.69,0.3,-1.4277551020408166,True,False,True,0.05,False,MILD
095,77,2026-05-17 16:00:00,134.69,0.3,-1.4187755102040815,True,False,True,0.05,False,MILD
095,78,2026-05-17 17:00:00,134.69,0.3,-1.4102040816326529,True,False,True,0.05,False,MILD
095,79,2026-05-17 18:00:00,134.69,0.3,-1.4026530612244898,True,False,True,0.05,False,MILD
095,80,2026-05-17 19:00:00,134.69,0.3,-1.4057142857142857,True,False,True,0.05,False,MILD
095,81,2026-05-17 20:00:00,1.25,0.3,-1.400204081632653,True,True,True,0.05,False,MILD
095,82,2026-05-17 21:00:00,1.08,0.3,-1.3900000000000003,True,True,True,0.05,False,MILD
095,83,2026-05-17 22:00:00,1.08,0.3,-1.3846938775510207,True,True,True,0.05,False,MILD
095,84,2026-05-17 23:00:00,1.09,0.3,-1.3869387755102043,True,True,True,0.05,False,MILD
095,85,2026-05-18 00:00:00,1.09,0.3,-1.383469387755102,True,True,True,0.05,False,MILD
095,86,2026-05-18 01:00:00,1.09,0.3,-1.3804081632653062,True,True,True,0.05,False,MILD
095,87,2026-05-18 02:00:00,1.09,0.3,-1.3863265306122448,True,True,True,0.05,False,MILD
095,88,2026-05-18 03:00:00,1.46,0.3,-1.3897959183673472,True,True,True,0.05,True,MILD
095,89,2026-05-18 04:00:00,1.46,0.3,-1.3873469387755102,True,True,True,0.05,False,MILD
095,90,2026-05-18 05:00:00,143.41,0.2,-1.396122448979592,True,False,True,0.05,False,MILD
095,91,2026-05-18 06:00:00,350.68,0.2,-1.3979591836734697,True,False,True,0.05,False,MILD
095,92,2026-05-18 07:00:00,350.68,0.2,-1.377755102040816,True,False,True,0.05,False,MILD
095,93,2026-05-18 08:00:00,350.68,0.2,-1.3579591836734695,True,False,True,0.05,False,MILD
095,94,2026-05-18 09:00:00,350.68,0.2,-1.340204081632653,True,False,True,0.05,False,MILD
095,95,2026-05-18 10:00:00,350.68,0.2,-1.3155102040816324,True,False,True,0.05,False,MILD
095,96,2026-05-18 11:00:00,350.68,0.2,-1.2922448979591836,True,False,True,0.05,False,MILD
095,97,2026-05-18 12:00:00,350.68,0.2,-1.2718367346938775,True,False,True,0.05,False,MILD
095,98,2026-05-18 13:00:00,350.68,0.2,-1.2518367346938775,True,False,True,0.05,False,MILD
095,99,2026-05-18 14:00:00,206.33,0.2,-1.239795918367347,True,False,True,0.05,False,MILD
096,1,2026-02-13 23:00:00,6.74,1.8,-1.2157142857142857,True,True,True,0.0,False,MILD
096,2,2026-02-14 00:00:00,7.72,2.8,-1.2115384615384615,True,True,True,0.0,False,MILD
096,3,2026-02-14 01:00:00,7.72,2.8,-1.2121052631578948,True,True,True,0.0,False,MILD
096,4,2026-02-14 02:00:00,7.72,2.8,-1.2024,True,True,False,0.0,False,MILD
096,5,2026-02-14 03:00:00,7.72,2.8,-1.1951612903225803,True,True,False,0.0,False,MILD
096,6,2026-02-14 04:00:00,7.74,2.8,-1.1810810810810812,True,True,False,0.0,False,MILD
096,7,2026-02-14 05:00:00,7.74,2.8,-1.1769767441860466,True,True,False,0.0,False,MILD
096,8,2026-02-14 06:00:00,7.74,2.8,-1.1734693877551021,True,True,False,0.0,False,MILD
096,9,2026-02-14 07:00:00,7.74,2.8,-1.1589795918367347,True,True,False,0.0,False,MILD
096,10,2026-02-14 08:00:00,7.74,2.8,-1.145714285714286,True,True,False,0.0,False,MILD
096,11,2026-02-14 09:00:00,7.74,2.7,-1.1232653061224491,True,True,False,0.0,False,MILD
096,12,2026-02-14 10:00:00,7.74,2.7,-1.1224489795918369,True,True,False,0.05,False,MILD
096,13,2026-02-14 11:00:00,7.74,2.7,-1.1073469387755102,True,True,False,0.05,False,MILD
096,14,2026-02-14 12:00:00,7.32,2.2,-1.1018367346938776,True,True,False,0.05,False,MILD
096,15,2026-02-14 13:00:00,2.52,0.7,-1.08265306122449,True,True,False,0.05,False,MILD
096,16,2026-02-14 14:00:00,2.52,0.7,-1.0814285714285714,True,True,False,0.05,False,MILD
096,17,2026-02-14 15:00:00,2.52,0.7,-1.0632653061224488,True,True,False,0.05,False,MILD
096,18,2026-02-14 16:00:00,2.52,0.7,-1.0561224489795917,True,True,False,0.05,False,MILD
096,19,2026-02-14 17:00:00,2.52,0.7,-1.0355102040816329,True,True,False,0.05,False,MILD
096,20,2026-02-14 18:00:00,2.52,0.7,-1.022857142857143,True,True,False,0.05,False,MILD
096,21,2026-02-14 19:00:00,2.52,0.7,-1.0042857142857142,True,True,False,0.05,False,MILD
096,22,2026-02-14 20:00:00,1.95,0.7,-1.0018367346938777,True,True,False,0.05,False,MILD
096,23,2026-02-14 21:00:00,2.27,0.7,-0.9940816326530614,True,True,False,0.05,False,MILD
096,24,2026-02-14 22:00:00,2.27,0.7,-0.9710204081632653,True,True,False,0.05,False,MILD
096,25,2026-02-14 23:00:00,222.1,0.6,-0.9687755102040817,True,False,True,0.05,False,MILD
096,26,2026-02-15 00:00:00,222.1,0.6,-0.9659183673469386,True,False,True,0.05,False,MILD
096,27,2026-02-15 01:00:00,222.1,0.6,-0.9757142857142856,True,False,True,0.05,False,MILD
096,28,2026-02-15 02:00:00,222.1,0.4,-0.9818367346938776,True,False,True,0.05,False,MILD
096,29,2026-02-15 03:00:00,222.1,0.4,-0.9951020408163266,True,False,True,0.05,False,MILD
096,30,2026-02-15 04:00:00,222.1,0.4,-0.9975510204081633,True,False,True,0.05,False,MILD
096,31,2026-02-15 05:00:00,222.1,0.4,-1.0020408163265306,True,False,True,0.05,False,MILD
096,32,2026-02-15 06:00:00,222.1,0.4,-1.006938775510204,True,False,True,0.05,False,MILD
096,33,2026-02-15 07:00:00,3.23,0.4,-1.0089795918367346,True,True,False,0.05,False,MILD
096,34,2026-02-15 08:00:00,2.16,0.4,-0.9985714285714286,True,True,False,0.05,False,MILD
096,35,2026-02-15 09:00:00,1.53,0.2,-0.9924489795918368,True,True,False,0.05,False,MILD
096,36,2026-02-15 10:00:00,1.73,0.2,-0.9910204081632653,True,True,False,0.05,False,MILD
096,37,2026-02-15 11:00:00,1.73,0.2,-0.9865306122448979,True,True,False,0.05,False,MILD
096,38,2026-02-15 12:00:00,1.73,0.2,-0.9851020408163266,True,True,False,0.05,False,MILD
096,39,2026-02-15 13:00:00,1.73,0.2,-0.9922448979591836,True,True,False,0.05,False,MILD
096,40,2026-02-15 14:00:00,1.73,0.2,-0.9875510204081632,True,True,False,0.05,False,MILD
096,41,2026-02-15 15:00:00,1.73,0.2,-0.9861224489795919,True,True,False,0.05,False,MILD
096,42,2026-02-15 16:00:00,1.73,0.2,-1.00734693877551,True,True,False,0.05,False,MILD
096,43,2026-02-15 17:00:00,1.73,0.2,-1.0202040816326532,True,True,False,0.05,False,MILD
096,44,2026-02-15 18:00:00,1.67,0.2,-1.0251020408163267,True,True,False,0.05,False,MILD
096,45,2026-02-15 19:00:00,1.67,0.2,-1.0255102040816328,True,True,False,0.05,False,MILD
096,46,2026-02-15 20:00:00,1.67,0.2,-1.0220408163265307,True,True,False,0.05,False,MILD
096,47,2026-02-15 21:00:00,1.73,0.2,-1.0271428571428574,True,True,False,0.05,False,MILD
096,48,2026-02-15 22:00:00,1.73,0.2,-1.0412244897959182,True,True,False,0.05,False,MILD
096,49,2026-02-15 23:00:00,1.73,0.2,-1.0604081632653062,True,True,False,0.05,False,MILD
096,50,2026-02-16 00:00:00,1.73,0.2,-1.053061224489796,True,True,False,0.05,False,MILD
096,51,2026-02-16 01:00:00,1.73,0.2,-1.0618367346938775,True,True,False,0.05,False,MILD
096,52,2026-02-16 02:00:00,1.73,0.2,-1.0781632653061224,True,True,False,0.05,False,MILD
096,53,2026-02-16 03:00:00,1.73,0.2,-1.0916326530612246,True,True,False,0.05,False,MILD
096,54,2026-02-16 04:00:00,1.73,0.2,-1.099387755102041,True,True,False,0.05,False,MILD
096,55,2026-02-16 05:00:00,1.5,0.2,-1.1028571428571428,True,True,False,0.05,False,MILD
096,56,2026-02-16 06:00:00,1.5,0.2,-1.1083673469387754,True,True,False,0.05,False,MILD
096,57,2026-02-16 07:00:00,100.47,0.2,-1.1059183673469388,True,False,True,0.05,False,MILD
096,58,2026-02-16 08:00:00,100.47,0.2,-1.106326530612245,True,False,True,0.05,False,MILD
096,59,2026-02-16 09:00:00,100.47,0.2,-1.103265306122449,True,False,True,0.05,False,MILD
096,60,2026-02-16 10:00:00,100.47,0.2,-1.0918367346938775,True,False,True,0.05,False,MILD
096,61,2026-02-16 11:00:00,100.47,0.2,-1.0820408163265305,True,False,True,0.05,False,MILD
096,62,2026-02-16 12:00:00,100.47,0.2,-1.0793877551020408,True,False,True,0.05,False,MILD
096,63,2026-02-16 13:00:00,100.47,0.2,-1.0818367346938775,True,False,True,0.05,False,MILD
096,64,2026-02-16 14:00:00,100.47,0.2,-1.0869387755102038,True,False,True,0.05,False,MILD
096,65,2026-02-16 15:00:00,70.51,0.2,-1.0899999999999999,True,False,True,0.05,False,MILD
096,66,2026-02-16 16:00:00,70.51,0.2,-1.0944897959183675,True,False,True,0.05,False,MILD
096,67,2026-02-16 17:00:00,70.51,0.2,-1.1046938775510202,True,False,True,0.05,False,MILD
096,68,2026-02-16 18:00:00,70.51,0.2,-1.1026530612244896,True,False,True,0.05,False,MILD
096,69,2026-02-16 19:00:00,70.51,0.2,-1.0942857142857143,True,False,True,0.05,False,MILD
096,70,2026-02-16 20:00:00,70.51,0.2,-1.0916326530612246,True,False,True,0.05,False,MILD
096,71,2026-02-16 21:00:00,1.63,0.2,-1.0859183673469388,True,True,False,0.05,False,MILD
096,72,2026-02-16 22:00:00,1.63,0.1,-1.0777551020408165,True,True,False,0.05,False,MILD
096,73,2026-02-16 23:00:00,1.63,0.1,-1.0746938775510204,True,True,True,0.05,False,MILD
096,74,2026-02-17 00:00:00,1.62,0.2,-1.07,True,True,True,0.05,False,MILD
096,75,2026-02-17 01:00:00,1.61,0.2,-1.0704081632653062,True,True,True,0.05,False,MILD
096,76,2026-02-17 02:00:00,1.61,0.2,-1.0577551020408165,True,True,True,0.05,False,MILD
096,77,2026-02-17 03:00:00,1.61,0.2,-1.0646938775510204,True,True,True,0.05,False,MILD
096,78,2026-02-17 04:00:00,1.71,0.2,-1.0538775510204081,True,True,True,0.05,False,MILD
096,79,2026-02-17 05:00:00,47.42,0.2,-1.0581632653061224,True,False,True,0.05,False,MILD
096,80,2026-02-17 06:00:00,47.42,0.2,-1.04265306122449,True,False,True,0.05,False,MILD
097,1,2026-05-05 05:00:00,4.91,1.9,-0.06857142857142857,True,True,True,0.0,False,MILD
097,2,2026-05-05 06:00:00,4.91,1.9,-0.043076923076923075,True,True,True,0.0,False,MILD
097,3,2026-05-05 07:00:00,6.21,2.1,-0.02947368421052632,True,True,True,0.0,False,MILD
097,4,2026-05-05 08:00:00,6.21,2.5,-0.0184,True,True,False,0.0,False,MILD
097,5,2026-05-05 09:00:00,7.95,2.5,-0.0012903225806451615,True,True,False,0.0,False,MILD
097,6,2026-05-05 10:00:00,7.95,2.5,0.005135135135135134,False,False,True,0.0,False,MILD
097,7,2026-05-05 11:00:00,251.02,2.5,0.006511627906976742,False,False,True,0.0,False,MILD
097,8,2026-05-05 12:00:00,251.02,2.5,0.0065306122448979586,False,False,True,0.0,False,MILD
097,9,2026-05-05 13:00:00,251.02,2.5,0.021632653061224492,False,False,True,0.0,False,MILD
097,10,2026-05-05 14:00:00,251.02,2.5,0.028775510204081634,False,False,True,0.0,False,MILD
097,11,2026-05-05 15:00:00,251.02,2.5,0.04204081632653062,False,False,True,0.0,False,MILD
097,12,2026-05-05 16:00:00,251.02,2.5,0.04163265306122449,False,False,True,0.05,False,MILD
097,13,2026-05-05 17:00:00,251.02,2.5,0.03489795918367347,False,False,True,0.05,False,MILD
097,14,2026-05-05 18:00:00,251.02,2.3,0.025918367346938778,False,False,True,0.05,False,MILD
097,15,2026-05-05 19:00:00,46.36,0.8,0.018367346938775512,False,False,True,0.05,False,MILD
097,16,2026-05-05 20:00:00,46.36,0.8,0.022040816326530613,False,False,True,0.05,False,MILD
097,17,2026-05-05 21:00:00,46.36,0.8,0.007142857142857144,False,False,True,0.05,False,MILD
097,18,2026-05-05 22:00:00,46.36,0.8,0.00040816326530612225,False,False,True,0.05,False,MILD
097,19,2026-05-05 23:00:00,46.36,0.8,-0.006938775510204082,True,False,True,0.05,False,MILD
097,20,2026-05-06 00:00:00,46.36,0.8,-0.026734693877551022,True,False,True,0.05,False,MILD
097,21,2026-05-06 01:00:00,46.36,0.8,-0.03,True,False,True,0.05,False,MILD
097,22,2026-05-06 02:00:00,79.14,0.7,-0.02551020408163265,True,False,True,0.05,False,MILD
097,23,2026-05-06 03:00:00,79.14,0.7,-0.010816326530612246,True,False,True,0.05,False,MILD
097,24,2026-05-06 04:00:00,79.14,0.7,-0.01122448979591837,True,False,True,0.05,False,MILD
097,25,2026-05-06 05:00:00,159.45,0.7,-0.007346938775510205,True,False,True,0.05,False,MILD
097,26,2026-05-06 06:00:00,159.45,0.7,-0.004489795918367348,True,False,True,0.05,False,MILD
097,27,2026-05-06 07:00:00,159.45,0.7,-0.007551020408163267,True,False,True,0.05,False,MILD
097,28,2026-05-06 08:00:00,159.45,0.7,0.001836734693877549,False,False,True,0.05,False,MILD
097,29,2026-05-06 09:00:00,159.45,0.6,0.002040816326530611,False,False,True,0.05,False,MILD
097,30,2026-05-06 10:00:00,159.45,0.4,0.00489795918367347,False,False,True,0.05,False,MILD
097,31,2026-05-06 11:00:00,268.58,0.2,-0.0061224489795918356,True,False,True,0.05,False,MILD
097,32,2026-05-06 12:00:00,268.58,0.2,-0.0026530612244897956,True,False,True,0.05,False,MILD
097,33,2026-05-06 13:00:00,268.58,0.2,0.0010204081632653075,False,False,True,0.05,False,MILD
097,34,2026-05-06 14:00:00,268.58,0.2,-0.010612244897959184,True,False,True,0.05,False,MILD
097,35,2026-05-06 15:00:00,268.58,0.2,-0.01469387755102041,True,False,True,0.05,False,MILD
097,36,2026-05-06 16:00:00,268.58,0.2,-0.015102040816326531,True,False,True,0.05,False,MILD
097,37,2026-05-06 17:00:00,268.58,0.2,-0.02448979591836735,True,False,True,0.05,False,MILD
097,38,2026-05-06 18:00:00,285.96,0.2,-0.03571428571428571,True,False,True,0.05,False,MILD
097,39,2026-05-06 19:00:00,285.96,0.2,-0.04224489795918368,True,False,True,0.05,False,MILD
097,40,2026-05-06 20:00:00,285.96,0.2,-0.05959183673469388,True,False,True,0.05,False,MILD
097,41,2026-05-06 21:00:00,285.96,0.2,-0.05918367346938775,True,False,True,0.05,False,MILD
097,42,2026-05-06 22:00:00,285.96,0.1,-0.061224489795918366,True,False,True,0.05,False,MILD
097,43,2026-05-06 23:00:00,285.96,0.1,-0.0626530612244898,True,False,True,0.05,False,MILD
097,44,2026-05-07 00:00:00,285.96,0.1,-0.05918367346938775,True,False,True,0.05,False,MILD
097,45,2026-05-07 01:00:00,285.96,0.1,-0.06326530612244897,True,False,True,0.05,False,MILD
097,46,2026-05-07 02:00:00,129.33,0.1,-0.07183673469387757,True,False,True,0.05,False,MILD
097,47,2026-05-07 03:00:00,129.33,0.2,-0.08163265306122448,True,False,True,0.05,False,MILD
097,48,2026-05-07 04:00:00,129.33,0.2,-0.08959183673469387,True,False,True,0.05,False,MILD
097,49,2026-05-07 05:00:00,129.33,0.2,-0.11224489795918367,True,False,True,0.05,False,MILD
097,50,2026-05-07 06:00:00,129.33,0.2,-0.13244897959183677,True,False,True,0.05,False,MILD
097,51,2026-05-07 07:00:00,129.33,0.2,-0.15040816326530612,True,False,True,0.05,False,MILD
097,52,2026-05-07 08:00:00,12.51,0.2,-0.18020408163265306,True,False,True,0.05,False,MILD
097,53,2026-05-07 09:00:00,31.26,0.2,-0.19673469387755102,True,False,True,0.05,False,MILD
097,54,2026-05-07 10:00:00,31.26,0.2,-0.2110204081632653,True,False,True,0.05,False,MILD
097,55,2026-05-07 11:00:00,31.26,0.2,-0.21448979591836737,True,False,True,0.05,False,MILD
097,56,2026-05-07 12:00:00,31.26,0.2,-0.23591836734693877,True,False,True,0.05,False,MILD
097,57,2026-05-07 13:00:00,31.26,0.2,-0.2453061224489796,True,False,True,0.05,False,MILD
097,58,2026-05-07 14:00:00,31.26,0.2,-0.253469387755102,True,False,True,0.05,False,MILD
097,59,2026-05-07 15:00:00,263.55,0.2,-0.26040816326530614,True,False,True,0.05,False,MILD
097,60,2026-05-07 16:00:00,263.55,0.2,-0.2618367346938775,True,False,True,0.05,False,MILD
097,61,2026-05-07 17:00:00,263.55,0.2,-0.2573469387755102,True,False,True,0.05,False,MILD
097,62,2026-05-07 18:00:00,263.55,0.2,-0.25755102040816324,True,False,True,0.05,False,MILD
097,63,2026-05-07 19:00:00,263.55,0.2,-0.25673469387755105,True,False,True,0.05,False,MILD
097,64,2026-05-07 20:00:00,263.55,0.2,-0.2516326530612245,True,False,True,0.05,False,MILD
097,65,2026-05-07 21:00:00,263.55,0.2,-0.24551020408163263,True,False,True,0.05,False,MILD
097,66,2026-05-07 22:00:00,263.55,0.2,-0.23959183673469384,True,False,True,0.05,False,MILD
097,67,2026-05-07 23:00:00,1.29,0.2,-0.23591836734693877,True,True,False,0.05,False,MILD
097,68,2026-05-08 00:00:00,1.29,0.2,-0.24,True,True,False,0.05,False,MILD
098,1,2026-03-21 14:00:00,6.82,2.1,-0.3514285714285715,True,True,True,0.0,False,MILD
098,2,2026-03-21 15:00:00,6.82,2.1,-0.3584615384615385,True,True,True,0.0,False,MILD
098,3,2026-03-21 16:00:00,88.54,2.5,-0.3536842105263158,True,False,True,0.0,False,MILD
098,4,2026-03-21 17:00:00,137.01,2.5,-0.35119999999999996,True,False,True,0.0,False,MILD
098,5,2026-03-21 18:00:00,137.01,2.5,-0.35096774193548386,True,False,True,0.0,False,MILD
098,6,2026-03-21 19:00:00,137.01,2.5,-0.3632432432432432,True,False,True,0.0,False,MILD
098,7,2026-03-21 20:00:00,137.01,2.5,-0.36302325581395345,True,False,True,0.0,False,MILD
098,8,2026-03-21 21:00:00,137.01,2.5,-0.36061224489795923,True,False,True,0.0,False,MILD
098,9,2026-03-21 22:00:00,137.01,2.5,-0.3591836734693878,True,False,True,0.0,False,MILD
098,10,2026-03-21 23:00:00,137.01,2.5,-0.35734693877551016,True,False,True,0.0,False,MILD
098,11,2026-03-22 00:00:00,137.01,2.1,-0.36142857142857143,True,False,True,0.0,False,MILD
098,12,2026-03-22 01:00:00,6.65,2.1,-0.36448979591836733,True,True,False,0.05,False,MILD
098,13,2026-03-22 02:00:00,6.65,2.1,-0.36653061224489797,True,True,False,0.05,False,MILD
098,14,2026-03-22 03:00:00,6.65,2.1,-0.36387755102040814,True,True,False,0.05,False,MILD
098,15,2026-03-22 04:00:00,6.65,2.1,-0.3663265306122449,True,True,False,0.05,False,MILD
098,16,2026-03-22 05:00:00,3.02,2.0,-0.3818367346938776,True,True,False,0.05,False,MILD
098,17,2026-03-22 06:00:00,103.63,0.6,-0.3926530612244898,True,False,True,0.05,False,MILD
098,18,2026-03-22 07:00:00,103.63,0.6,-0.39979591836734696,True,False,True,0.05,False,MILD
098,19,2026-03-22 08:00:00,103.63,0.6,-0.3957142857142858,True,False,True,0.05,False,MILD
098,20,2026-03-22 09:00:00,103.63,0.6,-0.3946938775510204,True,False,True,0.05,False,MILD
098,21,2026-03-22 10:00:00,103.63,0.8,-0.3977551020408164,True,False,True,0.05,False,MILD
098,22,2026-03-22 11:00:00,103.63,0.8,-0.3826530612244898,True,False,True,0.05,False,MILD
098,23,2026-03-22 12:00:00,353.72,0.8,-0.3812244897959184,True,False,True,0.05,False,MILD
098,24,2026-03-22 13:00:00,353.72,0.8,-0.36142857142857143,True,False,True,0.05,False,MILD
098,25,2026-03-22 14:00:00,353.72,0.8,-0.34,True,False,True,0.05,False,MILD
098,26,2026-03-22 15:00:00,353.72,0.8,-0.3255102040816327,True,False,True,0.05,False,MILD
098,27,2026-03-22 16:00:00,353.72,0.8,-0.3195918367346939,True,False,True,0.05,False,MILD
098,28,2026-03-22 17:00:00,353.72,0.8,-0.3087755102040816,True,False,True,0.05,False,MILD
098,29,2026-03-22 18:00:00,353.72,0.8,-0.2942857142857143,True,False,True,0.05,False,MILD
098,30,2026-03-22 19:00:00,353.72,0.4,-0.28122448979591835,True,False,True,0.05,False,MILD
098,31,2026-03-22 20:00:00,161.41,0.4,-0.2593877551020408,True,False,True,0.05,False,MILD
098,32,2026-03-22 21:00:00,868.49,0.7,-0.26122448979591834,True,False,True,0.05,False,MILD
098,33,2026-03-22 22:00:00,868.49,0.7,-0.2642857142857143,True,False,True,0.05,False,MILD
098,34,2026-03-22 23:00:00,868.49,0.7,-0.26040816326530614,True,False,True,0.05,False,MILD
098,35,2026-03-23 00:00:00,868.49,0.7,-0.2730612244897959,True,False,True,0.05,False,MILD
098,36,2026-03-23 01:00:00,868.49,0.7,-0.2777551020408163,True,False,True,0.05,False,MILD
098,37,2026-03-23 02:00:00,868.49,0.7,-0.2783673469387755,True,False,True,0.05,False,MILD
098,38,2026-03-23 03:00:00,868.49,0.7,-0.2873469387755102,True,False,True,0.05,False,MILD
098,39,2026-03-23 04:00:00,868.49,0.7,-0.30224489795918363,True,False,True,0.05,False,MILD
098,40,2026-03-23 05:00:00,357.64,0.5,-0.2997959183673469,True,False,True,0.05,False,MILD
098,41,2026-03-23 06:00:00,357.64,0.4,-0.296734693877551,True,False,True,0.05,False,MILD
098,42,2026-03-23 07:00:00,357.64,0.2,-0.2985714285714286,True,False,True,0.05,False,MILD
098,43,2026-03-23 08:00:00,357.64,0.2,-0.2885714285714286,True,False,True,0.05,False,MILD
098,44,2026-03-23 09:00:00,357.64,0.2,-0.2820408163265306,True,False,True,0.05,False,MILD
098,45,2026-03-23 10:00:00,357.64,0.2,-0.2814285714285715,True,False,True,0.05,False,MILD
098,46,2026-03-23 11:00:00,357.64,0.2,-0.2830612244897959,True,False,True,0.05,False,MILD
098,47,2026-03-23 12:00:00,357.64,0.2,-0.2751020408163265,True,False,True,0.05,False,MILD
098,48,2026-03-23 13:00:00,78.73,0.2,-0.2653061224489796,True,False,True,0.05,False,MILD
098,49,2026-03-23 14:00:00,78.73,0.2,-0.2516326530612245,True,False,True,0.05,False,MILD
098,50,2026-03-23 15:00:00,1.32,0.2,-0.24204081632653063,True,True,False,0.05,False,MILD
098,51,2026-03-23 16:00:00,1.32,0.2,-0.21979591836734697,True,True,False,0.05,False,MILD
098,52,2026-03-23 17:00:00,1.32,0.2,-0.21428571428571427,True,True,False,0.05,False,MILD
098,53,2026-03-23 18:00:00,274.83,0.2,-0.2171428571428571,True,False,True,0.05,False,MILD
098,54,2026-03-23 19:00:00,274.83,0.2,-0.2030612244897959,True,False,True,0.05,False,MILD
098,55,2026-03-23 20:00:00,274.83,0.2,-0.20551020408163262,True,False,True,0.05,False,MILD
098,56,2026-03-23 21:00:00,274.83,0.2,-0.20081632653061227,True,False,True,0.05,False,MILD
098,57,2026-03-23 22:00:00,274.83,0.2,-0.2020408163265306,True,False,True,0.05,False,MILD
098,58,2026-03-23 23:00:00,274.83,0.3,-0.20918367346938777,True,False,True,0.05,False,MILD
098,59,2026-03-24 00:00:00,274.83,0.3,-0.22673469387755102,True,False,True,0.05,False,MILD
098,60,2026-03-24 01:00:00,274.83,0.3,-0.223265306122449,True,False,True,0.05,False,MILD
098,61,2026-03-24 02:00:00,101.6,0.3,-0.21326530612244896,True,False,True,0.05,False,MILD
098,62,2026-03-24 03:00:00,101.6,0.3,-0.20469387755102042,True,False,True,0.05,False,MILD
098,63,2026-03-24 04:00:00,101.6,0.3,-0.1957142857142857,True,False,True,0.05,False,MILD
098,64,2026-03-24 05:00:00,113.49,0.3,-0.193265306122449,True,False,True,0.05,False,MILD
098,65,2026-03-24 06:00:00,113.49,0.3,-0.193265306122449,True,False,True,0.05,False,MILD
098,66,2026-03-24 07:00:00,113.49,0.2,-0.1820408163265306,True,False,True,0.05,False,MILD
098,67,2026-03-24 08:00:00,113.49,0.2,-0.17,True,False,True,0.05,False,MILD
098,68,2026-03-24 09:00:00,113.49,0.2,-0.1636734693877551,True,False,True,0.05,False,MILD
098,69,2026-03-24 10:00:00,113.49,0.2,-0.15938775510204084,True,False,True,0.05,False,MILD
098,70,2026-03-24 11:00:00,113.49,0.2,-0.1663265306122449,True,False,True,0.05,False,MILD
098,71,2026-03-24 12:00:00,113.49,0.2,-0.1663265306122449,True,False,True,0.05,False,MILD
098,72,2026-03-24 13:00:00,1.37,0.2,-0.15897959183673468,True,True,False,0.05,False,MILD
098,73,2026-03-24 14:00:00,1.37,0.2,-0.1495918367346939,True,True,True,0.05,False,MILD
098,74,2026-03-24 15:00:00,1.37,0.2,-0.1389795918367347,True,True,True,0.05,False,MILD
098,75,2026-03-24 16:00:00,1.37,0.2,-0.1306122448979592,True,True,True,0.05,False,MILD
098,76,2026-03-24 17:00:00,449.11,0.2,-0.11897959183673469,True,False,True,0.05,False,MILD
098,77,2026-03-24 18:00:00,449.44,0.2,-0.11020408163265306,True,False,True,0.05,False,MILD
098,78,2026-03-24 19:00:00,449.44,0.2,-0.0889795918367347,True,False,True,0.05,False,MILD
098,79,2026-03-24 20:00:00,449.44,0.2,-0.0889795918367347,True,False,True,0.05,False,MILD
098,80,2026-03-24 21:00:00,449.44,0.3,-0.08673469387755102,True,False,True,0.05,False,MILD
098,81,2026-03-24 22:00:00,449.44,0.3,-0.09408163265306121,True,False,True,0.05,False,MILD
098,82,2026-03-24 23:00:00,449.44,0.3,-0.10387755102040816,True,False,True,0.05,False,MILD
098,83,2026-03-25 00:00:00,449.44,0.3,-0.11510204081632652,True,False,True,0.05,False,MILD
098,84,2026-03-25 01:00:00,449.44,0.3,-0.1269387755102041,True,False,True,0.05,False,MILD
098,85,2026-03-25 02:00:00,270.72,0.3,-0.14163265306122447,True,False,True,0.05,False,MILD
098,86,2026-03-25 03:00:00,270.72,0.3,-0.15081632653061225,True,False,True,0.05,False,MILD
098,87,2026-03-25 04:00:00,270.72,0.3,-0.15367346938775509,True,False,True,0.05,False,MILD
098,88,2026-03-25 05:00:00,270.72,0.2,-0.1542857142857143,True,False,True,0.05,False,MILD
098,89,2026-03-25 06:00:00,270.72,0.2,-0.15244897959183676,True,False,True,0.05,False,MILD
098,90,2026-03-25 07:00:00,270.72,0.2,-0.14938775510204083,True,False,True,0.05,False,MILD
098,91,2026-03-25 08:00:00,2.23,0.2,-0.15081632653061225,True,True,True,0.05,False,MILD
098,92,2026-03-25 09:00:00,2.23,0.2,-0.14959183673469387,True,True,True,0.05,False,MILD
098,93,2026-03-25 10:00:00,2.23,0.2,-0.14530612244897959,True,True,True,0.05,False,MILD
098,94,2026-03-25 11:00:00,1.46,0.2,-0.15938775510204084,True,True,True,0.05,False,MILD
098,95,2026-03-25 12:00:00,1.46,0.2,-0.17571428571428574,True,True,True,0.05,False,MILD
098,96,2026-03-25 13:00:00,1.46,0.2,-0.18612244897959182,True,True,True,0.05,False,MILD
098,97,2026-03-25 14:00:00,1.46,0.2,-0.21244897959183673,True,True,True,0.05,False,MILD
099,1,2026-05-06 10:00:00,24.35,1.4,0.09857142857142856,False,False,True,0.0,False,MILD
099,2,2026-05-06 11:00:00,24.35,1.4,0.07923076923076923,False,False,True,0.0,False,MILD
099,3,2026-05-06 12:00:00,24.35,1.5,0.06736842105263156,False,False,True,0.0,False,MILD
099,4,2026-05-06 13:00:00,24.35,1.5,0.064,False,False,True,0.0,False,MILD
099,5,2026-05-06 14:00:00,61.09,1.5,0.06322580645161292,False,False,True,0.0,False,MILD
099,6,2026-05-06 15:00:00,61.09,2.5,0.0681081081081081,False,False,True,0.0,False,MILD
099,7,2026-05-06 16:00:00,61.09,2.7,0.07395348837209302,False,False,True,0.0,False,MILD
099,8,2026-05-06 17:00:00,61.09,2.7,0.07877551020408163,False,False,True,0.0,False,MILD
099,9,2026-05-06 18:00:00,61.09,2.7,0.07530612244897959,False,False,True,0.0,False,MILD
099,10,2026-05-06 19:00:00,61.09,2.7,0.08673469387755102,False,False,True,0.0,False,MILD
099,11,2026-05-06 20:00:00,61.09,2.7,0.10693877551020409,False,False,True,0.0,False,MILD
099,12,2026-05-06 21:00:00,61.09,2.7,0.11816326530612246,False,False,True,0.05,False,MILD
099,13,2026-05-06 22:00:00,707.1,2.7,0.13428571428571429,False,False,True,0.05,False,MILD
099,14,2026-05-06 23:00:00,707.1,2.7,0.15285714285714286,False,False,True,0.05,False,MILD
099,15,2026-05-07 00:00:00,707.1,1.9,0.16836734693877548,False,False,True,0.05,False,MILD
099,16,2026-05-07 01:00:00,707.1,1.9,0.1689795918367347,False,False,True,0.05,False,MILD
099,17,2026-05-07 02:00:00,707.1,1.2,0.18653061224489795,False,False,True,0.05,False,MILD
099,18,2026-05-07 03:00:00,707.1,0.8,0.19979591836734695,False,False,True,0.05,False,MILD
099,19,2026-05-07 04:00:00,707.1,0.6,0.19714285714285712,False,False,True,0.05,False,MILD
099,20,2026-05-07 05:00:00,707.1,0.6,0.19816326530612247,False,False,True,0.05,False,MILD
099,21,2026-05-07 06:00:00,62.9,0.6,0.20448979591836733,False,False,True,0.05,False,MILD
099,22,2026-05-07 07:00:00,62.9,0.6,0.20265306122448984,False,False,True,0.05,False,MILD
099,23,2026-05-07 08:00:00,62.9,0.6,0.2012244897959184,False,False,True,0.05,False,MILD
099,24,2026-05-07 09:00:00,32.7,0.6,0.21795918367346942,False,False,True,0.05,False,MILD
099,25,2026-05-07 10:00:00,32.7,0.6,0.22387755102040818,False,False,True,0.05,False,MILD
099,26,2026-05-07 11:00:00,32.7,0.7,0.22346938775510206,False,False,True,0.05,False,MILD
099,27,2026-05-07 12:00:00,32.7,0.7,0.2361224489795919,False,False,True,0.05,False,MILD
099,28,2026-05-07 13:00:00,78.92,0.7,0.236530612244898,False,False,True,0.05,False,MILD
099,29,2026-05-07 14:00:00,78.92,0.7,0.23571428571428568,False,False,True,0.05,False,MILD
099,30,2026-05-07 15:00:00,78.92,0.7,0.2442857142857143,False,False,True,0.05,False,MILD
099,31,2026-05-07 16:00:00,78.92,0.7,0.2512244897959184,False,False,True,0.05,False,MILD
099,32,2026-05-07 17:00:00,78.92,0.7,0.25387755102040815,False,False,True,0.05,False,MILD
099,33,2026-05-07 18:00:00,78.92,0.7,0.25632653061224486,False,False,True,0.05,False,MILD
099,34,2026-05-07 19:00:00,78.92,0.7,0.2540816326530613,False,False,True,0.05,False,MILD
099,35,2026-05-07 20:00:00,78.92,0.7,0.2536734693877551,False,False,True,0.05,False,MILD
099,36,2026-05-07 21:00:00,46.08,0.7,0.25918367346938775,False,False,True,0.05,False,MILD
099,37,2026-05-07 22:00:00,46.08,0.5,0.26734693877551025,False,False,True,0.05,False,MILD
099,38,2026-05-07 23:00:00,46.08,0.5,0.2655102040816327,False,False,True,0.05,False,MILD
099,39,2026-05-08 00:00:00,46.08,0.5,0.26142857142857145,False,False,True,0.05,False,MILD
099,40,2026-05-08 01:00:00,46.08,0.5,0.24714285714285714,False,False,True,0.05,False,MILD
099,41,2026-05-08 02:00:00,46.08,0.5,0.24,False,False,True,0.05,False,MILD
099,42,2026-05-08 03:00:00,33.61,0.5,0.23693877551020406,False,False,True,0.05,False,MILD
099,43,2026-05-08 04:00:00,33.61,0.5,0.23469387755102042,False,False,True,0.05,False,MILD
099,44,2026-05-08 05:00:00,33.61,0.5,0.24061224489795915,False,False,True,0.05,False,MILD
099,45,2026-05-08 06:00:00,33.61,0.5,0.23938775510204083,False,False,True,0.05,False,MILD
099,46,2026-05-08 07:00:00,33.61,0.5,0.23918367346938774,False,False,True,0.05,False,MILD
099,47,2026-05-08 08:00:00,33.61,0.2,0.22244897959183674,False,False,True,0.05,False,MILD
099,48,2026-05-08 09:00:00,2.02,0.2,0.22081632653061226,False,False,True,0.05,False,MILD
099,49,2026-05-08 10:00:00,2.02,0.2,0.21408163265306124,False,False,True,0.05,False,MILD
099,50,2026-05-08 11:00:00,1.47,0.2,0.19693877551020408,False,False,True,0.05,False,MILD
099,51,2026-05-08 12:00:00,91.68,0.2,0.19591836734693877,False,False,True,0.05,False,MILD
099,52,2026-05-08 13:00:00,91.68,0.2,0.18673469387755104,False,False,True,0.05,False,MILD
099,53,2026-05-08 14:00:00,91.68,0.2,0.17714285714285713,False,False,True,0.05,False,MILD
099,54,2026-05-08 15:00:00,91.68,0.2,0.17061224489795918,False,False,True,0.05,False,MILD
099,55,2026-05-08 16:00:00,91.68,0.2,0.1720408163265306,False,False,True,0.05,False,MILD
099,56,2026-05-08 17:00:00,91.68,0.2,0.1851020408163265,False,False,True,0.05,False,MILD
099,57,2026-05-08 18:00:00,91.68,0.2,0.19326530612244897,False,False,True,0.05,False,MILD
099,58,2026-05-08 19:00:00,91.68,0.2,0.21959183673469387,False,False,True,0.05,False,MILD
099,59,2026-05-08 20:00:00,1.49,0.2,0.21979591836734697,False,False,True,0.05,False,MILD
099,60,2026-05-08 21:00:00,1.1,0.2,0.22673469387755105,False,False,True,0.05,False,MILD
099,61,2026-05-08 22:00:00,1.09,0.2,0.23204081632653062,False,False,True,0.05,False,MILD
099,62,2026-05-08 23:00:00,1.31,0.2,0.246530612244898,False,False,True,0.05,False,MILD
099,63,2026-05-09 00:00:00,77.56,0.2,0.25816326530612244,False,False,True,0.05,False,MILD
099,64,2026-05-09 01:00:00,77.56,0.2,0.26816326530612244,False,False,True,0.05,False,MILD
099,65,2026-05-09 02:00:00,77.56,0.2,0.2655102040816327,False,False,True,0.05,False,MILD
099,66,2026-05-09 03:00:00,77.56,0.2,0.2542857142857143,False,False,True,0.05,False,MILD
099,67,2026-05-09 04:00:00,95.32,0.2,0.24897959183673465,False,False,True,0.05,False,MILD
099,68,2026-05-09 05:00:00,95.32,0.2,0.23163265306122452,False,False,True,0.05,False,MILD
099,69,2026-05-09 06:00:00,95.32,0.2,0.23224489795918365,False,False,True,0.05,False,MILD
099,70,2026-05-09 07:00:00,95.32,0.2,0.2338775510204082,False,False,True,0.05,False,MILD
099,71,2026-05-09 08:00:00,95.32,0.2,0.2248979591836735,False,False,True,0.05,False,MILD
099,72,2026-05-09 09:00:00,95.32,0.2,0.22918367346938776,False,False,True,0.05,False,MILD
099,73,2026-05-09 10:00:00,95.32,0.2,0.22346938775510203,False,False,True,0.05,False,MILD
099,74,2026-05-09 11:00:00,95.32,0.2,0.22224489795918367,False,False,True,0.05,False,MILD
099,75,2026-05-09 12:00:00,30.32,0.2,0.21836734693877552,False,False,True,0.05,False,MILD
099,76,2026-05-09 13:00:00,30.32,0.2,0.22367346938775512,False,False,True,0.05,False,MILD
099,77,2026-05-09 14:00:00,1.82,0.2,0.22673469387755102,False,False,True,0.05,False,MILD
099,78,2026-05-09 15:00:00,1.82,0.2,0.20877551020408164,False,False,True,0.05,False,MILD
099,79,2026-05-09 16:00:00,1.26,0.2,0.19224489795918365,False,False,True,0.05,False,MILD
099,80,2026-05-09 17:00:00,1.26,0.2,0.1763265306122449,False,False,True,0.05,False,MILD
099,81,2026-05-09 18:00:00,1.26,0.2,0.1546938775510204,False,False,True,0.05,False,MILD
099,82,2026-05-09 19:00:00,1.17,0.2,0.13653061224489796,False,False,True,0.05,False,MILD
099,83,2026-05-09 20:00:00,1.54,0.2,0.12428571428571428,False,False,True,0.05,False,MILD
099,84,2026-05-09 21:00:00,15.94,0.2,0.13040816326530613,False,False,True,0.05,False,MILD
099,85,2026-05-09 22:00:00,157.97,0.2,0.12224489795918368,False,False,True,0.05,False,MILD
099,86,2026-05-09 23:00:00,157.97,0.3,0.13612244897959186,False,False,True,0.05,False,MILD
099,87,2026-05-10 00:00:00,157.97,0.3,0.14204081632653062,False,False,True,0.05,False,MILD
099,88,2026-05-10 01:00:00,157.97,0.3,0.14122448979591837,False,False,True,0.05,False,MILD
099,89,2026-05-10 02:00:00,157.97,0.3,0.1393877551020408,False,False,True,0.05,False,MILD
099,90,2026-05-10 03:00:00,157.97,0.3,0.13448979591836732,False,False,True,0.05,False,MILD
099,91,2026-05-10 04:00:00,157.97,0.3,0.1389795918367347,False,False,True,0.05,False,MILD
099,92,2026-05-10 05:00:00,157.97,0.3,0.12469387755102042,False,False,True,0.05,False,MILD
099,93,2026-05-10 06:00:00,108.35,0.3,0.11959183673469387,False,False,True,0.05,False,MILD
099,94,2026-05-10 07:00:00,1.83,0.2,0.10653061224489796,False,False,True,0.05,False,MILD
099,95,2026-05-10 08:00:00,1.83,0.2,0.11183673469387755,False,False,True,0.05,False,MILD
099,96,2026-05-10 09:00:00,1.83,0.2,0.1210204081632653,False,False,True,0.05,False,MILD
099,97,2026-05-10 10:00:00,1.83,0.2,0.12714285714285714,False,False,True,0.05,False,MILD
099,98,2026-05-10 11:00:00,1.83,0.2,0.14142857142857143,False,False,True,0.05,False,MILD
099,99,2026-05-10 12:00:00,1.83,0.2,0.14102040816326533,False,False,True,0.05,False,MILD
099,100,2026-05-10 13:00:00,1.83,0.2,0.14714285714285713,False,False,True,0.05,False,MILD
099,101,2026-05-10 14:00:00,1.83,0.2,0.15081632653061225,False,False,True,0.05,False,MILD
099,102,2026-05-10 15:00:00,150.97,0.2,0.1546938775510204,False,False,True,0.05,False,MILD
099,103,2026-05-10 16:00:00,150.97,0.2,0.1489795918367347,False,False,True,0.05,False,MILD
099,104,2026-05-10 17:00:00,150.97,0.2,0.13530612244897958,False,False,True,0.05,False,MILD
099,105,2026-05-10 18:00:00,150.97,0.2,0.11918367346938775,False,False,True,0.05,False,MILD
099,106,2026-05-10 19:00:00,150.97,0.2,0.11448979591836737,False,False,True,0.05,False,MILD
099,107,2026-05-10 20:00:00,150.97,0.2,0.09816326530612245,False,False,True,0.05,False,MILD
099,108,2026-05-10 21:00:00,150.97,0.2,0.0763265306122449,False,False,True,0.05,False,MILD
099,109,2026-05-10 22:00:00,150.97,0.2,0.05816326530612245,False,False,True,0.05,False,MILD
099,110,2026-05-10 23:00:00,150.97,0.2,0.03836734693877551,False,False,True,0.05,False,MILD
099,111,2026-05-11 00:00:00,78.13,0.2,0.012040816326530611,False,False,True,0.05,False,MILD
099,112,2026-05-11 01:00:00,78.13,0.2,-0.007551020408163266,True,False,True,0.05,False,MILD
099,113,2026-05-11 02:00:00,143.58,0.2,-0.01959183673469388,True,False,True,0.05,False,MILD
100,1,2026-05-27 12:00:00,179.88,2.8,0.22999999999999998,False,False,True,0.0,False,MILD
100,2,2026-05-27 13:00:00,179.88,2.8,0.21538461538461537,False,False,True,0.0,False,MILD
100,3,2026-05-27 14:00:00,179.88,2.8,0.19842105263157891,False,False,True,0.0,False,MILD
100,4,2026-05-27 15:00:00,179.88,2.8,0.204,False,False,True,0.0,False,MILD
100,5,2026-05-27 16:00:00,179.88,2.8,0.22193548387096773,False,False,True,0.0,False,MILD
100,6,2026-05-27 17:00:00,227.14,2.8,0.22108108108108102,False,False,True,0.0,False,MILD
100,7,2026-05-27 18:00:00,227.14,2.8,0.2286046511627907,False,False,True,0.0,False,MILD
100,8,2026-05-27 19:00:00,227.14,2.8,0.23469387755102036,False,False,True,0.0,False,MILD
100,9,2026-05-27 20:00:00,227.14,2.6,0.2463265306122449,False,False,True,0.0,False,MILD
100,10,2026-05-27 21:00:00,227.14,2.6,0.2608163265306122,False,False,True,0.0,False,MILD
100,11,2026-05-27 22:00:00,227.14,2.6,0.2624489795918368,False,False,True,0.0,False,MILD
100,12,2026-05-27 23:00:00,227.14,1.8,0.2716326530612245,False,False,True,0.0,False,MILD
100,13,2026-05-28 00:00:00,227.14,1.8,0.2761224489795919,False,False,True,0.0,False,MILD
100,14,2026-05-28 01:00:00,137.22,1.8,0.2816326530612245,False,False,True,0.0,False,MILD
100,15,2026-05-28 02:00:00,137.22,1.8,0.29367346938775507,False,False,True,0.0,False,MILD
100,16,2026-05-28 03:00:00,137.22,1.8,0.2879591836734694,False,False,True,0.0,False,MILD
100,17,2026-05-28 04:00:00,137.22,1.8,0.2879591836734694,False,False,True,0.0,False,MILD
100,18,2026-05-28 05:00:00,137.22,1.2,0.2844897959183673,False,False,True,0.0,False,MILD
100,19,2026-05-28 06:00:00,137.22,0.8,0.2883673469387755,False,False,True,0.0,False,MILD
100,20,2026-05-28 07:00:00,137.22,0.8,0.2922448979591837,False,False,True,0.0,False,MILD
100,21,2026-05-28 08:00:00,96.17,0.8,0.29122448979591836,False,False,True,0.0,False,MILD
100,22,2026-05-28 09:00:00,96.17,0.8,0.2904081632653061,False,False,True,0.0,False,MILD
100,23,2026-05-28 10:00:00,96.17,0.6,0.29224489795918374,False,False,True,0.0,False,MILD
100,24,2026-05-28 11:00:00,96.17,0.6,0.3008163265306123,False,False,True,0.0,False,MILD
100,25,2026-05-28 12:00:00,33.25,0.6,0.2969387755102041,False,False,True,0.0,False,MILD
100,26,2026-05-28 13:00:00,33.25,0.6,0.3051020408163265,False,False,True,0.0,False,MILD
100,27,2026-05-28 14:00:00,33.25,0.6,0.3193877551020408,False,False,True,0.0,False,MILD
100,28,2026-05-28 15:00:00,33.25,0.6,0.33714285714285713,False,False,True,0.0,False,MILD
100,29,2026-05-28 16:00:00,33.25,0.6,0.3553061224489797,False,False,True,0.0,False,MILD
100,30,2026-05-28 17:00:00,79.77,0.6,0.36183673469387756,False,False,True,0.0,False,MILD
100,31,2026-05-28 18:00:00,79.77,0.5,0.3687755102040816,False,False,True,0.0,False,MILD
100,32,2026-05-28 19:00:00,79.77,0.5,0.37959183673469393,False,False,True,0.0,False,MILD
100,33,2026-05-28 20:00:00,79.77,0.5,0.39081632653061227,False,False,True,0.0,False,MILD
100,34,2026-05-28 21:00:00,79.77,0.9,0.4012244897959183,False,False,True,0.0,False,MILD
100,35,2026-05-28 22:00:00,79.77,0.9,0.4095918367346939,False,False,True,0.0,False,MILD
100,36,2026-05-28 23:00:00,79.77,0.9,0.40224489795918367,False,False,True,0.0,False,MILD
100,37,2026-05-29 00:00:00,79.77,0.9,0.3951020408163266,False,False,True,0.0,False,MILD
100,38,2026-05-29 01:00:00,79.77,0.9,0.3897959183673469,False,False,True,0.0,False,MILD
100,39,2026-05-29 02:00:00,3.21,0.9,0.3791836734693878,False,False,True,0.0,False,MILD
100,40,2026-05-29 03:00:00,3.21,0.9,0.3677551020408164,False,False,True,0.0,False,MILD
100,41,2026-05-29 04:00:00,3.21,0.9,0.36142857142857143,False,False,True,0.0,False,MILD
100,42,2026-05-29 05:00:00,3.21,0.9,0.35795918367346946,False,False,True,0.0,False,MILD
100,43,2026-05-29 06:00:00,3.21,0.5,0.3459183673469388,False,False,True,0.0,False,MILD
100,44,2026-05-29 07:00:00,3.21,0.5,0.33367346938775505,False,False,True,0.0,False,MILD
100,45,2026-05-29 08:00:00,110.97,0.5,0.3183673469387755,False,False,True,0.0,False,MILD
100,46,2026-05-29 09:00:00,110.97,0.5,0.31285714285714283,False,False,True,0.0,False,MILD
100,47,2026-05-29 10:00:00,110.97,0.4,0.31551020408163266,False,False,True,0.0,False,MILD
100,48,2026-05-29 11:00:00,110.97,0.4,0.31204081632653063,False,False,True,0.0,False,MILD
100,49,2026-05-29 12:00:00,110.97,0.4,0.3051020408163265,False,False,True,0.0,False,MILD
100,50,2026-05-29 13:00:00,110.97,0.2,0.2816326530612245,False,False,True,0.0,False,MILD
100,51,2026-05-29 14:00:00,110.97,0.2,0.2620408163265306,False,False,True,0.0,False,MILD
100,52,2026-05-29 15:00:00,110.97,0.2,0.2557142857142857,False,False,True,0.0,False,MILD
100,53,2026-05-29 16:00:00,1.34,0.2,0.2528571428571429,False,False,True,0.0,False,MILD
100,54,2026-05-29 17:00:00,434.46,0.2,0.2330612244897959,False,False,True,0.0,False,MILD
100,55,2026-05-29 18:00:00,434.46,0.2,0.21551020408163263,False,False,True,0.0,False,MILD
100,56,2026-05-29 19:00:00,434.46,0.2,0.2089795918367347,False,False,True,0.0,False,MILD
100,57,2026-05-29 20:00:00,434.46,0.2,0.20204081632653062,False,False,True,0.0,False,MILD
100,58,2026-05-29 21:00:00,434.46,0.2,0.20510204081632655,False,False,True,0.0,False,MILD
100,59,2026-05-29 22:00:00,434.46,0.2,0.2095918367346939,False,False,True,0.0,False,MILD
100,60,2026-05-29 23:00:00,434.46,0.2,0.20408163265306123,False,False,True,0.0,False,MILD
100,61,2026-05-30 00:00:00,434.46,0.2,0.2030612244897959,False,False,True,0.0,False,MILD
100,62,2026-05-30 01:00:00,86.85,0.2,0.20510204081632655,False,False,True,0.0,False,MILD
100,63,2026-05-30 02:00:00,86.85,0.2,0.20816326530612245,False,False,True,0.0,False,MILD
100,64,2026-05-30 03:00:00,553.72,0.2,0.18571428571428575,False,False,True,0.0,False,MILD
100,65,2026-05-30 04:00:00,553.72,0.2,0.1906122448979592,False,False,True,0.0,False,MILD
100,66,2026-05-30 05:00:00,553.72,0.2,0.18959183673469385,False,False,True,0.0,False,MILD
100,67,2026-05-30 06:00:00,553.72,0.1,0.19265306122448975,False,False,True,0.0,False,MILD
100,68,2026-05-30 07:00:00,553.72,0.2,0.19816326530612247,False,False,True,0.0,False,MILD
100,69,2026-05-30 08:00:00,553.72,0.2,0.20163265306122446,False,False,True,0.0,False,MILD
100,70,2026-05-30 09:00:00,553.72,0.2,0.2116326530612245,False,False,True,0.0,False,MILD
100,71,2026-05-30 10:00:00,553.72,0.2,0.21775510204081633,False,False,True,0.0,False,MILD
100,72,2026-05-30 11:00:00,504.61,0.2,0.2383673469387755,False,False,True,0.0,False,MILD
100,73,2026-05-30 12:00:00,504.61,0.2,0.23734693877551022,False,False,True,0.0,False,MILD
100,74,2026-05-30 13:00:00,504.61,0.2,0.2342857142857143,False,False,True,0.0,False,MILD
100,75,2026-05-30 14:00:00,504.61,0.2,0.22857142857142856,False,False,True,0.0,False,MILD
100,76,2026-05-30 15:00:00,504.61,0.2,0.22204081632653058,False,False,True,0.0,False,MILD
100,77,2026-05-30 16:00:00,197.07,0.2,0.21285714285714286,False,False,True,0.0,False,MILD
100,78,2026-05-30 17:00:00,197.07,0.2,0.2146938775510204,False,False,True,0.0,False,MILD
100,79,2026-05-30 18:00:00,1.22,0.2,0.21142857142857147,False,False,True,0.0,False,MILD
100,80,2026-05-30 19:00:00,1.22,0.2,0.20489795918367348,False,False,True,0.0,False,MILD
100,81,2026-05-30 20:00:00,1.22,0.2,0.1875510204081633,False,False,True,0.0,False,MILD
100,82,2026-05-30 21:00:00,550.86,0.2,0.18673469387755104,False,False,True,0.0,False,MILD
100,83,2026-05-30 22:00:00,550.86,0.2,0.18346938775510205,False,False,True,0.0,False,MILD
100,84,2026-05-30 23:00:00,550.86,0.2,0.18448979591836734,False,False,True,0.0,False,MILD
100,85,2026-05-31 00:00:00,550.86,0.2,0.18714285714285717,False,False,True,0.0,False,MILD
100,86,2026-05-31 01:00:00,550.86,0.2,0.1783673469387755,False,False,True,0.0,False,MILD
100,87,2026-05-31 02:00:00,550.86,0.2,0.1704081632653061,False,False,True,0.0,False,MILD
100,88,2026-05-31 03:00:00,550.86,0.2,0.16163265306122448,False,False,True,0.0,False,MILD
100,89,2026-05-31 04:00:00,550.86,0.2,0.16163265306122448,False,False,True,0.0,False,MILD
100,90,2026-05-31 05:00:00,93.88,0.2,0.16142857142857145,False,False,True,0.0,False,MILD
100,91,2026-05-31 06:00:00,111.62,0.2,0.1622448979591837,False,False,True,0.0,False,MILD
100,92,2026-05-31 07:00:00,111.62,0.2,0.15,False,False,True,0.0,False,MILD
100,93,2026-05-31 08:00:00,111.62,0.2,0.13979591836734692,False,False,True,0.0,False,MILD
100,94,2026-05-31 09:00:00,111.62,0.2,0.1346938775510204,False,False,True,0.0,False,MILD
100,95,2026-05-31 10:00:00,111.62,0.2,0.1310204081632653,False,False,True,0.0,False,MILD
100,96,2026-05-31 11:00:00,541.01,0.2,0.13999999999999999,False,False,True,0.0,False,MILD
100,97,2026-05-31 12:00:00,541.01,0.2,0.1461224489795918,False,False,True,0.0,False,MILD
100,98,2026-05-31 13:00:00,541.01,0.2,0.14591836734693878,False,False,True,0.0,False,MILD
100,99,2026-05-31 14:00:00,541.01,0.2,0.1542857142857143,False,False,True,0.0,False,MILD
100,100,2026-05-31 15:00:00,541.01,0.2,0.17163265306122452,False,False,True,0.0,False,MILD
100,101,2026-05-31 16:00:00,541.01,0.2,0.19489795918367353,False,False,True,0.0,False,MILD
100,102,2026-05-31 17:00:00,541.01,0.2,0.2089795918367347,False,False,True,0.0,False,MILD
100,103,2026-05-31 18:00:00,541.01,0.2,0.23102040816326527,False,False,True,0.0,False,MILD
100,104,2026-05-31 19:00:00,405.54,0.2,0.24265306122448982,False,False,True,0.0,False,MILD
100,105,2026-05-31 20:00:00,405.54,0.2,0.2546938775510204,False,False,True,0.0,False,MILD
100,106,2026-05-31 21:00:00,2.16,0.2,0.27693877551020407,False,False,True,0.0,False,MILD
100,107,2026-05-31 22:00:00,2.16,0.2,0.27714285714285714,False,False,True,0.0,False,MILD
100,108,2026-05-31 23:00:00,2.16,0.2,0.2820408163265306,False,False,True,0.0,False,MILD
100,109,2026-06-01 00:00:00,2.16,0.2,0.27979591836734696,False,False,True,0.0,False,MILD
100,110,2026-06-01 01:00:00,2.16,0.2,0.2814285714285715,False,False,True,0.0,False,MILD
100,111,2026-06-01 02:00:00,2.16,0.3,0.276734693877551,False,False,True,0.0,False,MILD
100,112,2026-06-01 03:00:00,218.84,0.3,0.2793877551020408,False,False,True,0.0,False,MILD
100,113,2026-06-01 04:00:00,218.84,0.3,0.2924489795918368,False,False,True,0.0,False,MILD
100,114,2026-06-01 05:00:00,218.84,0.3,0.29591836734693877,False,False,True,0.0,False,MILD
100,115,2026-06-01 06:00:00,218.84,0.3,0.30142857142857143,False,False,True,0.0,False,MILD
100,116,2026-06-01 07:00:00,218.84,0.3,0.3112244897959184,False,False,True,0.0,False,MILD
100,117,2026-06-01 08:00:00,218.84,0.3,0.316530612244898,False,False,True,0.0,False,MILD
100,118,2026-06-01 09:00:00,218.84,0.3,0.31510204081632653,False,False,True,0.0,False,MILD
100,119,2026-06-01 10:00:00,218.84,0.2,0.31897959183673474,False,False,True,0.0,False,MILD
100,120,2026-06-01 11:00:00,1.57,0.2,0.3220408163265306,False,False,True,0.0,False,MILD
100,121,2026-06-01 12:00:00,84.54,0.2,0.3175510204081633,False,False,True,0.0,False,MILD
100,122,2026-06-01 13:00:00,84.54,0.2,0.31693877551020405,False,False,True,0.0,False,MILD
