Hour,Feature,Group,Mean,Std
0,AirLeakFlow,NotRemoved,5.823,9.697
0,AirLeakFlow,Removed,80.375,642.197
0,LOWESSFluidOutput,NotRemoved,5.512,4.618
0,LOWESSFluidOutput,Removed,7.14,5.782
0,MeasuredPleuralPressure,NotRemoved,1.354,0.394
0,MeasuredPleuralPressure,Removed,1.437,0.494
1,AirLeakFlow,NotRemoved,11.921,43.95
1,AirLeakFlow,Removed,60.782,546.63
1,LOWESSFluidOutput,NotRemoved,15.547,7.107
1,LOWESSFluidOutput,Removed,19.864,9.663
1,MeasuredPleuralPressure,NotRemoved,1.369,0.465
1,MeasuredPleuralPressure,Removed,1.451,0.493
2,AirLeakFlow,NotRemoved,165.936,894.843
2,AirLeakFlow,Removed,79.851,633.301
2,LOWESSFluidOutput,NotRemoved,27.651,9.912
2,LOWESSFluidOutput,Removed,32.478,12.548
2,MeasuredPleuralPressure,NotRemoved,1.323,0.44
2,MeasuredPleuralPressure,Removed,1.433,0.484
3,AirLeakFlow,NotRemoved,16.217,34.336
3,AirLeakFlow,Removed,92.144,662.796
3,LOWESSFluidOutput,NotRemoved,40.295,12.452
3,LOWESSFluidOutput,Removed,45.087,13.897
3,MeasuredPleuralPressure,NotRemoved,1.347,0.419
3,MeasuredPleuralPressure,Removed,1.448,0.493
4,AirLeakFlow,NotRemoved,102.844,737.474
4,AirLeakFlow,Removed,62.865,516.541
4,LOWESSFluidOutput,NotRemoved,51.017,13.236
4,LOWESSFluidOutput,Removed,57.875,16.336
4,MeasuredPleuralPressure,NotRemoved,1.377,0.445
4,MeasuredPleuralPressure,Removed,1.426,0.468
5,AirLeakFlow,NotRemoved,10.581,23.992
5,AirLeakFlow,Removed,45.353,380.636
5,LOWESSFluidOutput,NotRemoved,64.272,16.692
5,LOWESSFluidOutput,Removed,70.823,17.806
5,MeasuredPleuralPressure,NotRemoved,1.369,0.443
5,MeasuredPleuralPressure,Removed,1.433,0.489
6,AirLeakFlow,NotRemoved,154.867,838.059
6,AirLeakFlow,Removed,88.824,652.472
6,LOWESSFluidOutput,NotRemoved,77.115,18.614
6,LOWESSFluidOutput,Removed,81.633,18.968
6,MeasuredPleuralPressure,NotRemoved,1.424,0.424
6,MeasuredPleuralPressure,Removed,1.429,0.48
7,AirLeakFlow,NotRemoved,76.222,561.119
7,AirLeakFlow,Removed,47.226,444.999
7,LOWESSFluidOutput,NotRemoved,86.104,21.551
7,LOWESSFluidOutput,Removed,92.944,21.159
7,MeasuredPleuralPressure,NotRemoved,1.357,0.407
7,MeasuredPleuralPressure,Removed,1.436,0.483
8,AirLeakFlow,NotRemoved,8.137,15.392
8,AirLeakFlow,Removed,39.326,415.18
8,LOWESSFluidOutput,NotRemoved,95.086,24.683
8,LOWESSFluidOutput,Removed,103.44,23.408
8,MeasuredPleuralPressure,NotRemoved,1.342,0.394
8,MeasuredPleuralPressure,Removed,1.421,0.496
9,AirLeakFlow,NotRemoved,97.956,737.731
9,AirLeakFlow,Removed,21.808,211.697
9,LOWESSFluidOutput,NotRemoved,101.52,27.048
9,LOWESSFluidOutput,Removed,113.479,26.181
9,MeasuredPleuralPressure,NotRemoved,1.397,0.41
9,MeasuredPleuralPressure,Removed,1.428,0.481
10,AirLeakFlow,NotRemoved,22.323,159.738
10,AirLeakFlow,Removed,85.619,637.579
10,LOWESSFluidOutput,NotRemoved,112.707,27.892
10,LOWESSFluidOutput,Removed,122.544,29.333
10,MeasuredPleuralPressure,NotRemoved,1.391,0.365
10,MeasuredPleuralPressure,Removed,1.418,0.499
11,AirLeakFlow,NotRemoved,50.93,262.612
11,AirLeakFlow,Removed,61.053,530.029
11,LOWESSFluidOutput,NotRemoved,122.382,31.532
11,LOWESSFluidOutput,Removed,132.199,31.256
11,MeasuredPleuralPressure,NotRemoved,1.355,0.419
11,MeasuredPleuralPressure,Removed,1.427,0.497
12,AirLeakFlow,NotRemoved,28.271,50.601
12,AirLeakFlow,Removed,90.625,687.935
12,LOWESSFluidOutput,NotRemoved,127.983,31.841
12,LOWESSFluidOutput,Removed,140.812,33.449
12,MeasuredPleuralPressure,NotRemoved,1.412,0.4
12,MeasuredPleuralPressure,Removed,1.433,0.488
13,AirLeakFlow,NotRemoved,100.25,737.817
13,AirLeakFlow,Removed,33.805,337.943
13,LOWESSFluidOutput,NotRemoved,139.29,35.33
13,LOWESSFluidOutput,Removed,148.612,34.32
13,MeasuredPleuralPressure,NotRemoved,1.41,0.372
13,MeasuredPleuralPressure,Removed,1.414,0.486
14,AirLeakFlow,NotRemoved,34.866,253.769
14,AirLeakFlow,Removed,54.002,444.183
14,LOWESSFluidOutput,NotRemoved,148.465,38.965
14,LOWESSFluidOutput,Removed,155.787,35.964
14,MeasuredPleuralPressure,NotRemoved,1.358,0.334
14,MeasuredPleuralPressure,Removed,1.423,0.495
15,AirLeakFlow,NotRemoved,3.733,5.358
15,AirLeakFlow,Removed,66.13,558.077
15,LOWESSFluidOutput,NotRemoved,158.201,42.165
15,LOWESSFluidOutput,Removed,163.217,37.265
15,MeasuredPleuralPressure,NotRemoved,1.376,0.356
15,MeasuredPleuralPressure,Removed,1.429,0.504
16,AirLeakFlow,NotRemoved,187.235,1035.485
16,AirLeakFlow,Removed,90.578,682.409
16,LOWESSFluidOutput,NotRemoved,168.023,48.824
16,LOWESSFluidOutput,Removed,170.774,39.571
16,MeasuredPleuralPressure,NotRemoved,1.366,0.36
16,MeasuredPleuralPressure,Removed,1.434,0.503
17,AirLeakFlow,NotRemoved,23.865,45.144
17,AirLeakFlow,Removed,90.744,642.647
17,LOWESSFluidOutput,NotRemoved,177.987,52.008
17,LOWESSFluidOutput,Removed,178.207,42.618
17,MeasuredPleuralPressure,NotRemoved,1.387,0.404
17,MeasuredPleuralPressure,Removed,1.415,0.493
18,AirLeakFlow,NotRemoved,17.849,35.616
18,AirLeakFlow,Removed,98.819,711.353
18,LOWESSFluidOutput,NotRemoved,185.174,57.97
18,LOWESSFluidOutput,Removed,184.558,44.886
18,MeasuredPleuralPressure,NotRemoved,1.404,0.339
18,MeasuredPleuralPressure,Removed,1.439,0.479
19,AirLeakFlow,NotRemoved,78.291,519.289
19,AirLeakFlow,Removed,90.278,667.11
19,LOWESSFluidOutput,NotRemoved,195.168,63.094
19,LOWESSFluidOutput,Removed,190.286,45.802
19,MeasuredPleuralPressure,NotRemoved,1.395,0.381
19,MeasuredPleuralPressure,Removed,1.431,0.5
20,AirLeakFlow,NotRemoved,17.385,38.32
20,AirLeakFlow,Removed,104.04,736.63
20,LOWESSFluidOutput,NotRemoved,202.257,64.563
20,LOWESSFluidOutput,Removed,196.259,48.928
20,MeasuredPleuralPressure,NotRemoved,1.358,0.361
20,MeasuredPleuralPressure,Removed,1.428,0.498
21,AirLeakFlow,NotRemoved,13.578,37.269
21,AirLeakFlow,Removed,94.215,695.802
21,LOWESSFluidOutput,NotRemoved,208.91,69.904
21,LOWESSFluidOutput,Removed,201.732,51.362
21,MeasuredPleuralPressure,NotRemoved,1.4,0.401
21,MeasuredPleuralPressure,Removed,1.435,0.485
22,AirLeakFlow,NotRemoved,93.978,738.188
22,AirLeakFlow,Removed,63.523,542.497
22,LOWESSFluidOutput,NotRemoved,217.557,74.365
22,LOWESSFluidOutput,Removed,208.0,54.951
22,MeasuredPleuralPressure,NotRemoved,1.435,0.433
22,MeasuredPleuralPressure,Removed,1.431,0.487
23,AirLeakFlow,NotRemoved,194.152,1034.706
23,AirLeakFlow,Removed,55.201,488.114
23,LOWESSFluidOutput,NotRemoved,225.16,81.352
23,LOWESSFluidOutput,Removed,213.825,57.692
23,MeasuredPleuralPressure,NotRemoved,1.409,0.42
23,MeasuredPleuralPressure,Removed,1.415,0.491
24,AirLeakFlow,NotRemoved,71.762,314.444
24,AirLeakFlow,Removed,72.825,581.715
24,LOWESSFluidOutput,NotRemoved,232.645,83.517
24,LOWESSFluidOutput,Removed,219.537,61.184
24,MeasuredPleuralPressure,NotRemoved,1.428,0.431
24,MeasuredPleuralPressure,Removed,1.407,0.509
25,AirLeakFlow,NotRemoved,22.967,58.117
25,AirLeakFlow,Removed,97.99,675.464
25,LOWESSFluidOutput,NotRemoved,239.196,85.32
25,LOWESSFluidOutput,Removed,224.546,63.163
25,MeasuredPleuralPressure,NotRemoved,1.442,0.398
25,MeasuredPleuralPressure,Removed,1.423,0.486
26,AirLeakFlow,NotRemoved,24.894,51.783
26,AirLeakFlow,Removed,57.778,517.74
26,LOWESSFluidOutput,NotRemoved,244.256,86.82
26,LOWESSFluidOutput,Removed,230.552,65.924
26,MeasuredPleuralPressure,NotRemoved,1.429,0.435
26,MeasuredPleuralPressure,Removed,1.415,0.48
27,AirLeakFlow,NotRemoved,212.767,936.14
27,AirLeakFlow,Removed,68.456,550.126
27,LOWESSFluidOutput,NotRemoved,251.022,89.591
27,LOWESSFluidOutput,Removed,236.102,68.399
27,MeasuredPleuralPressure,NotRemoved,1.427,0.457
27,MeasuredPleuralPressure,Removed,1.416,0.501
28,AirLeakFlow,NotRemoved,36.912,65.365
28,AirLeakFlow,Removed,83.006,621.007
28,LOWESSFluidOutput,NotRemoved,257.358,94.354
28,LOWESSFluidOutput,Removed,240.763,70.484
28,MeasuredPleuralPressure,NotRemoved,1.416,0.432
28,MeasuredPleuralPressure,Removed,1.407,0.501
29,AirLeakFlow,NotRemoved,378.261,1211.572
29,AirLeakFlow,Removed,61.26,487.621
29,LOWESSFluidOutput,NotRemoved,264.482,99.104
29,LOWESSFluidOutput,Removed,245.556,71.966
29,MeasuredPleuralPressure,NotRemoved,1.44,0.42
29,MeasuredPleuralPressure,Removed,1.392,0.498
30,AirLeakFlow,NotRemoved,10.733,17.585
30,AirLeakFlow,Removed,33.892,325.326
30,LOWESSFluidOutput,NotRemoved,273.073,106.841
30,LOWESSFluidOutput,Removed,250.414,74.155
30,MeasuredPleuralPressure,NotRemoved,1.445,0.412
30,MeasuredPleuralPressure,Removed,1.4,0.5
31,AirLeakFlow,NotRemoved,94.732,438.554
31,AirLeakFlow,Removed,99.501,695.923
31,LOWESSFluidOutput,NotRemoved,277.925,108.915
31,LOWESSFluidOutput,Removed,255.817,75.526
31,MeasuredPleuralPressure,NotRemoved,1.42,0.388
31,MeasuredPleuralPressure,Removed,1.407,0.498
32,AirLeakFlow,NotRemoved,26.822,55.5
32,AirLeakFlow,Removed,41.173,427.648
32,LOWESSFluidOutput,NotRemoved,286.609,112.138
32,LOWESSFluidOutput,Removed,260.83,77.603
32,MeasuredPleuralPressure,NotRemoved,1.425,0.382
32,MeasuredPleuralPressure,Removed,1.396,0.509
33,AirLeakFlow,NotRemoved,9.338,25.417
33,AirLeakFlow,Removed,97.531,705.291
33,LOWESSFluidOutput,NotRemoved,292.384,115.88
33,LOWESSFluidOutput,Removed,266.068,78.877
33,MeasuredPleuralPressure,NotRemoved,1.401,0.411
33,MeasuredPleuralPressure,Removed,1.398,0.491
34,AirLeakFlow,NotRemoved,192.917,1035.263
34,AirLeakFlow,Removed,67.355,528.628
34,LOWESSFluidOutput,NotRemoved,296.974,117.643
34,LOWESSFluidOutput,Removed,270.521,80.738
34,MeasuredPleuralPressure,NotRemoved,1.461,0.435
34,MeasuredPleuralPressure,Removed,1.41,0.481
35,AirLeakFlow,NotRemoved,16.26,42.59
35,AirLeakFlow,Removed,98.053,694.842
35,LOWESSFluidOutput,NotRemoved,305.829,122.749
35,LOWESSFluidOutput,Removed,275.087,83.24
35,MeasuredPleuralPressure,NotRemoved,1.415,0.434
35,MeasuredPleuralPressure,Removed,1.399,0.491
36,AirLeakFlow,NotRemoved,10.704,22.756
36,AirLeakFlow,Removed,54.59,471.911
36,LOWESSFluidOutput,NotRemoved,313.172,127.272
36,LOWESSFluidOutput,Removed,279.9,84.427
36,MeasuredPleuralPressure,NotRemoved,1.44,0.438
36,MeasuredPleuralPressure,Removed,1.399,0.492
37,AirLeakFlow,NotRemoved,99.754,737.683
37,AirLeakFlow,Removed,80.109,598.231
37,LOWESSFluidOutput,NotRemoved,318.519,130.462
37,LOWESSFluidOutput,Removed,284.509,87.071
37,MeasuredPleuralPressure,NotRemoved,1.439,0.434
37,MeasuredPleuralPressure,Removed,1.415,0.493
38,AirLeakFlow,NotRemoved,225.957,1076.298
38,AirLeakFlow,Removed,80.267,604.429
38,LOWESSFluidOutput,NotRemoved,325.672,135.143
38,LOWESSFluidOutput,Removed,288.43,89.313
38,MeasuredPleuralPressure,NotRemoved,1.41,0.414
38,MeasuredPleuralPressure,Removed,1.4,0.495
39,AirLeakFlow,NotRemoved,96.34,737.931
39,AirLeakFlow,Removed,83.226,618.804
39,LOWESSFluidOutput,NotRemoved,332.729,138.944
39,LOWESSFluidOutput,Removed,292.852,90.645
39,MeasuredPleuralPressure,NotRemoved,1.411,0.448
39,MeasuredPleuralPressure,Removed,1.399,0.499
40,AirLeakFlow,NotRemoved,10.179,14.04
40,AirLeakFlow,Removed,102.851,699.649
40,LOWESSFluidOutput,NotRemoved,338.218,145.353
40,LOWESSFluidOutput,Removed,296.88,92.198
40,MeasuredPleuralPressure,NotRemoved,1.448,0.447
40,MeasuredPleuralPressure,Removed,1.393,0.498
41,AirLeakFlow,NotRemoved,9.214,15.661
41,AirLeakFlow,Removed,66.065,556.344
41,LOWESSFluidOutput,NotRemoved,348.822,150.833
41,LOWESSFluidOutput,Removed,301.296,93.908
41,MeasuredPleuralPressure,NotRemoved,1.456,0.415
41,MeasuredPleuralPressure,Removed,1.402,0.494
42,AirLeakFlow,NotRemoved,187.376,1035.457
42,AirLeakFlow,Removed,121.849,794.327
42,LOWESSFluidOutput,NotRemoved,354.463,156.949
42,LOWESSFluidOutput,Removed,305.324,95.154
42,MeasuredPleuralPressure,NotRemoved,1.468,0.391
42,MeasuredPleuralPressure,Removed,1.403,0.497
43,AirLeakFlow,NotRemoved,94.731,738.099
43,AirLeakFlow,Removed,137.399,855.419
43,LOWESSFluidOutput,NotRemoved,361.386,159.649
43,LOWESSFluidOutput,Removed,309.268,97.105
43,MeasuredPleuralPressure,NotRemoved,1.49,0.397
43,MeasuredPleuralPressure,Removed,1.401,0.488
44,AirLeakFlow,NotRemoved,94.752,738.099
44,AirLeakFlow,Removed,53.484,493.679
44,LOWESSFluidOutput,NotRemoved,367.433,163.504
44,LOWESSFluidOutput,Removed,312.869,98.725
44,MeasuredPleuralPressure,NotRemoved,1.432,0.38
44,MeasuredPleuralPressure,Removed,1.394,0.488
45,AirLeakFlow,NotRemoved,115.538,773.881
45,AirLeakFlow,Removed,52.361,458.24
45,LOWESSFluidOutput,NotRemoved,388.597,162.592
45,LOWESSFluidOutput,Removed,320.313,99.775
45,MeasuredPleuralPressure,NotRemoved,1.475,0.415
45,MeasuredPleuralPressure,Removed,1.38,0.507
46,AirLeakFlow,NotRemoved,18.751,48.163
46,AirLeakFlow,Removed,73.668,618.411
46,LOWESSFluidOutput,NotRemoved,392.091,163.394
46,LOWESSFluidOutput,Removed,324.696,101.094
46,MeasuredPleuralPressure,NotRemoved,1.514,0.423
46,MeasuredPleuralPressure,Removed,1.386,0.501
47,AirLeakFlow,NotRemoved,106.932,773.887
47,AirLeakFlow,Removed,30.366,373.792
47,LOWESSFluidOutput,NotRemoved,395.921,163.674
47,LOWESSFluidOutput,Removed,328.351,102.148
47,MeasuredPleuralPressure,NotRemoved,1.411,0.423
47,MeasuredPleuralPressure,Removed,1.394,0.503
48,AirLeakFlow,NotRemoved,206.354,1085.085
48,AirLeakFlow,Removed,83.903,603.636
48,LOWESSFluidOutput,NotRemoved,399.842,165.654
48,LOWESSFluidOutput,Removed,377.077,105.563
48,MeasuredPleuralPressure,NotRemoved,1.461,0.414
48,MeasuredPleuralPressure,Removed,1.361,0.521
49,AirLeakFlow,NotRemoved,202.04,1085.746
49,AirLeakFlow,Removed,79.132,604.623
49,LOWESSFluidOutput,NotRemoved,403.57,165.967
49,LOWESSFluidOutput,Removed,387.635,104.971
49,MeasuredPleuralPressure,NotRemoved,1.455,0.436
49,MeasuredPleuralPressure,Removed,1.347,0.559
50,AirLeakFlow,NotRemoved,203.731,1085.446
50,AirLeakFlow,Removed,47.685,488.798
50,LOWESSFluidOutput,NotRemoved,408.466,169.685
50,LOWESSFluidOutput,Removed,397.896,103.634
50,MeasuredPleuralPressure,NotRemoved,1.459,0.387
50,MeasuredPleuralPressure,Removed,1.332,0.558
51,AirLeakFlow,NotRemoved,23.56,106.571
51,AirLeakFlow,Removed,31.749,354.491
51,LOWESSFluidOutput,NotRemoved,433.55,169.278
51,LOWESSFluidOutput,Removed,407.546,104.154
51,MeasuredPleuralPressure,NotRemoved,1.528,0.341
51,MeasuredPleuralPressure,Removed,1.337,0.537
52,AirLeakFlow,NotRemoved,8.837,14.274
52,AirLeakFlow,Removed,14.463,33.002
52,LOWESSFluidOutput,NotRemoved,459.342,170.125
52,LOWESSFluidOutput,Removed,415.406,103.928
52,MeasuredPleuralPressure,NotRemoved,1.573,0.339
52,MeasuredPleuralPressure,Removed,1.349,0.565
53,AirLeakFlow,NotRemoved,23.7,55.513
53,AirLeakFlow,Removed,130.492,815.087
53,LOWESSFluidOutput,NotRemoved,462.289,172.981
53,LOWESSFluidOutput,Removed,420.688,105.463
53,MeasuredPleuralPressure,NotRemoved,1.559,0.298
53,MeasuredPleuralPressure,Removed,1.349,0.56
54,AirLeakFlow,NotRemoved,35.351,79.421
54,AirLeakFlow,Removed,71.472,616.051
54,LOWESSFluidOutput,NotRemoved,465.59,174.943
54,LOWESSFluidOutput,Removed,424.219,108.343
54,MeasuredPleuralPressure,NotRemoved,1.595,0.281
54,MeasuredPleuralPressure,Removed,1.333,0.551
55,AirLeakFlow,NotRemoved,9.6,20.837
55,AirLeakFlow,Removed,126.169,811.062
55,LOWESSFluidOutput,NotRemoved,496.681,174.783
55,LOWESSFluidOutput,Removed,429.176,110.868
55,MeasuredPleuralPressure,NotRemoved,1.601,0.317
55,MeasuredPleuralPressure,Removed,1.323,0.568
56,AirLeakFlow,NotRemoved,56.308,170.037
56,AirLeakFlow,Removed,131.8,819.417
56,LOWESSFluidOutput,NotRemoved,503.218,177.23
56,LOWESSFluidOutput,Removed,435.534,112.817
56,MeasuredPleuralPressure,NotRemoved,1.583,0.307
56,MeasuredPleuralPressure,Removed,1.364,0.556
57,AirLeakFlow,NotRemoved,12.849,43.649
57,AirLeakFlow,Removed,120.333,777.748
57,LOWESSFluidOutput,NotRemoved,507.111,176.602
57,LOWESSFluidOutput,Removed,449.272,112.384
57,MeasuredPleuralPressure,NotRemoved,1.663,0.343
57,MeasuredPleuralPressure,Removed,1.372,0.567
58,AirLeakFlow,NotRemoved,19.594,53.856
58,AirLeakFlow,Removed,54.698,527.528
58,LOWESSFluidOutput,NotRemoved,511.959,181.876
58,LOWESSFluidOutput,Removed,452.687,114.079
58,MeasuredPleuralPressure,NotRemoved,1.574,0.314
58,MeasuredPleuralPressure,Removed,1.35,0.576
59,AirLeakFlow,NotRemoved,14.048,35.815
59,AirLeakFlow,Removed,13.673,68.888
59,LOWESSFluidOutput,NotRemoved,518.101,182.49
59,LOWESSFluidOutput,Removed,457.217,114.245
59,MeasuredPleuralPressure,NotRemoved,1.567,0.294
59,MeasuredPleuralPressure,Removed,1.367,0.579
60,AirLeakFlow,NotRemoved,7.044,10.825
60,AirLeakFlow,Removed,62.618,533.123
60,LOWESSFluidOutput,NotRemoved,563.095,170.309
60,LOWESSFluidOutput,Removed,465.978,114.448
60,MeasuredPleuralPressure,NotRemoved,1.546,0.347
60,MeasuredPleuralPressure,Removed,1.362,0.566
61,AirLeakFlow,NotRemoved,7.412,9.9
61,AirLeakFlow,Removed,89.458,640.526
61,LOWESSFluidOutput,NotRemoved,567.656,172.743
61,LOWESSFluidOutput,Removed,470.818,115.39
61,MeasuredPleuralPressure,NotRemoved,1.661,0.317
61,MeasuredPleuralPressure,Removed,1.338,0.588
62,AirLeakFlow,NotRemoved,3.802,4.442
62,AirLeakFlow,Removed,134.883,847.482
62,LOWESSFluidOutput,NotRemoved,574.867,175.595
62,LOWESSFluidOutput,Removed,478.593,116.011
62,MeasuredPleuralPressure,NotRemoved,1.612,0.311
62,MeasuredPleuralPressure,Removed,1.348,0.575
63,AirLeakFlow,NotRemoved,1.764,1.332
63,AirLeakFlow,Removed,35.023,382.645
63,LOWESSFluidOutput,NotRemoved,580.719,179.029
63,LOWESSFluidOutput,Removed,484.106,118.111
63,MeasuredPleuralPressure,NotRemoved,1.583,0.368
63,MeasuredPleuralPressure,Removed,1.351,0.591
64,AirLeakFlow,NotRemoved,2.457,1.418
64,AirLeakFlow,Removed,56.276,539.409
64,LOWESSFluidOutput,NotRemoved,586.916,183.198
64,LOWESSFluidOutput,Removed,488.958,120.115
64,MeasuredPleuralPressure,NotRemoved,1.66,0.355
64,MeasuredPleuralPressure,Removed,1.373,0.565
65,AirLeakFlow,NotRemoved,88.842,455.382
65,AirLeakFlow,Removed,57.091,539.521
65,LOWESSFluidOutput,NotRemoved,642.285,159.125
65,LOWESSFluidOutput,Removed,493.083,121.594
65,MeasuredPleuralPressure,NotRemoved,1.544,0.387
65,MeasuredPleuralPressure,Removed,1.361,0.555
66,AirLeakFlow,NotRemoved,14.197,30.187
66,AirLeakFlow,Removed,21.856,257.593
66,LOWESSFluidOutput,NotRemoved,648.709,159.625
66,LOWESSFluidOutput,Removed,498.017,122.336
66,MeasuredPleuralPressure,NotRemoved,1.579,0.302
66,MeasuredPleuralPressure,Removed,1.362,0.566
67,AirLeakFlow,NotRemoved,9.007,21.452
67,AirLeakFlow,Removed,24.58,262.863
67,LOWESSFluidOutput,NotRemoved,656.132,160.57
67,LOWESSFluidOutput,Removed,502.334,123.942
67,MeasuredPleuralPressure,NotRemoved,1.574,0.364
67,MeasuredPleuralPressure,Removed,1.357,0.588
68,AirLeakFlow,NotRemoved,4.405,7.005
68,AirLeakFlow,Removed,12.584,37.764
68,LOWESSFluidOutput,NotRemoved,662.416,161.593
68,LOWESSFluidOutput,Removed,514.054,125.398
68,MeasuredPleuralPressure,NotRemoved,1.597,0.341
68,MeasuredPleuralPressure,Removed,1.346,0.593
69,AirLeakFlow,NotRemoved,205.088,1094.501
69,AirLeakFlow,Removed,151.739,878.717
69,LOWESSFluidOutput,NotRemoved,668.881,165.164
69,LOWESSFluidOutput,Removed,518.023,127.104
69,MeasuredPleuralPressure,NotRemoved,1.48,0.388
69,MeasuredPleuralPressure,Removed,1.362,0.597
70,AirLeakFlow,NotRemoved,229.141,1098.963
70,AirLeakFlow,Removed,111.405,778.752
70,LOWESSFluidOutput,NotRemoved,672.026,166.307
70,LOWESSFluidOutput,Removed,523.258,128.724
70,MeasuredPleuralPressure,NotRemoved,1.624,0.317
70,MeasuredPleuralPressure,Removed,1.362,0.584
71,AirLeakFlow,NotRemoved,4.049,5.01
71,AirLeakFlow,Removed,63.511,554.064
71,LOWESSFluidOutput,NotRemoved,679.366,166.68
71,LOWESSFluidOutput,Removed,528.438,130.814
71,MeasuredPleuralPressure,NotRemoved,1.54,0.31
71,MeasuredPleuralPressure,Removed,1.371,0.564
72,AirLeakFlow,NotRemoved,6.405,6.75
72,AirLeakFlow,Removed,66.422,561.106
72,LOWESSFluidOutput,NotRemoved,684.562,169.336
72,LOWESSFluidOutput,Removed,537.807,130.892
72,MeasuredPleuralPressure,NotRemoved,1.65,0.325
72,MeasuredPleuralPressure,Removed,1.384,0.585
73,AirLeakFlow,NotRemoved,8.353,11.12
73,AirLeakFlow,Removed,85.769,684.648
73,LOWESSFluidOutput,NotRemoved,690.13,168.873
73,LOWESSFluidOutput,Removed,542.161,132.393
73,MeasuredPleuralPressure,NotRemoved,1.602,0.339
73,MeasuredPleuralPressure,Removed,1.409,0.584
74,AirLeakFlow,NotRemoved,427.279,1515.293
74,AirLeakFlow,Removed,39.422,397.362
74,LOWESSFluidOutput,NotRemoved,695.272,169.086
74,LOWESSFluidOutput,Removed,547.175,134.125
74,MeasuredPleuralPressure,NotRemoved,1.591,0.346
74,MeasuredPleuralPressure,Removed,1.415,0.589
75,AirLeakFlow,NotRemoved,20.988,44.104
75,AirLeakFlow,Removed,70.462,561.847
75,LOWESSFluidOutput,NotRemoved,700.443,172.098
75,LOWESSFluidOutput,Removed,551.695,135.783
75,MeasuredPleuralPressure,NotRemoved,1.577,0.344
75,MeasuredPleuralPressure,Removed,1.418,0.601
76,AirLeakFlow,NotRemoved,2.327,2.298
76,AirLeakFlow,Removed,72.476,575.484
76,LOWESSFluidOutput,NotRemoved,707.366,171.513
76,LOWESSFluidOutput,Removed,565.044,136.846
76,MeasuredPleuralPressure,NotRemoved,1.6,0.38
76,MeasuredPleuralPressure,Removed,1.431,0.611
77,AirLeakFlow,NotRemoved,11.12,24.834
77,AirLeakFlow,Removed,34.734,376.928
77,LOWESSFluidOutput,NotRemoved,712.948,174.166
77,LOWESSFluidOutput,Removed,570.6,138.414
77,MeasuredPleuralPressure,NotRemoved,1.507,0.308
77,MeasuredPleuralPressure,Removed,1.45,0.614
78,AirLeakFlow,NotRemoved,9.356,18.121
78,AirLeakFlow,Removed,132.044,801.483
78,LOWESSFluidOutput,NotRemoved,720.032,178.305
78,LOWESSFluidOutput,Removed,581.543,137.029
78,MeasuredPleuralPressure,NotRemoved,1.539,0.353
78,MeasuredPleuralPressure,Removed,1.399,0.612
79,AirLeakFlow,NotRemoved,6.693,13.997
79,AirLeakFlow,Removed,43.9,434.959
79,LOWESSFluidOutput,NotRemoved,726.689,180.379
79,LOWESSFluidOutput,Removed,586.777,138.757
79,MeasuredPleuralPressure,NotRemoved,1.52,0.321
79,MeasuredPleuralPressure,Removed,1.434,0.605
80,AirLeakFlow,NotRemoved,1.476,0.976
80,AirLeakFlow,Removed,11.425,96.611
80,LOWESSFluidOutput,NotRemoved,812.806,88.325
80,LOWESSFluidOutput,Removed,591.544,141.187
80,MeasuredPleuralPressure,NotRemoved,1.55,0.381
80,MeasuredPleuralPressure,Removed,1.415,0.6
81,AirLeakFlow,NotRemoved,252.025,1224.314
81,AirLeakFlow,Removed,50.756,467.741
81,LOWESSFluidOutput,NotRemoved,818.371,88.173
81,LOWESSFluidOutput,Removed,596.17,142.147
81,MeasuredPleuralPressure,NotRemoved,1.477,0.288
81,MeasuredPleuralPressure,Removed,1.434,0.608
82,AirLeakFlow,NotRemoved,1.694,1.65
82,AirLeakFlow,Removed,92.493,704.449
82,LOWESSFluidOutput,NotRemoved,824.395,87.299
82,LOWESSFluidOutput,Removed,605.063,142.35
82,MeasuredPleuralPressure,NotRemoved,1.526,0.321
82,MeasuredPleuralPressure,Removed,1.435,0.583
83,AirLeakFlow,NotRemoved,251.953,1224.33
83,AirLeakFlow,Removed,125.947,845.633
83,LOWESSFluidOutput,NotRemoved,832.995,83.585
83,LOWESSFluidOutput,Removed,617.016,138.781
83,MeasuredPleuralPressure,NotRemoved,1.463,0.296
83,MeasuredPleuralPressure,Removed,1.424,0.608
84,AirLeakFlow,NotRemoved,2.027,1.239
84,AirLeakFlow,Removed,92.577,714.639
84,LOWESSFluidOutput,NotRemoved,837.606,84.67
84,LOWESSFluidOutput,Removed,621.988,140.755
84,MeasuredPleuralPressure,NotRemoved,1.468,0.271
84,MeasuredPleuralPressure,Removed,1.442,0.597
85,AirLeakFlow,NotRemoved,2.419,1.125
85,AirLeakFlow,Removed,52.679,486.32
85,LOWESSFluidOutput,NotRemoved,844.72,85.469
85,LOWESSFluidOutput,Removed,625.634,142.878
85,MeasuredPleuralPressure,NotRemoved,1.463,0.324
85,MeasuredPleuralPressure,Removed,1.439,0.586
86,AirLeakFlow,NotRemoved,4.398,8.594
86,AirLeakFlow,Removed,9.11,26.358
86,LOWESSFluidOutput,NotRemoved,851.789,84.665
86,LOWESSFluidOutput,Removed,635.214,141.584
86,MeasuredPleuralPressure,NotRemoved,1.431,0.227
86,MeasuredPleuralPressure,Removed,1.439,0.622
87,AirLeakFlow,NotRemoved,257.728,1223.147
87,AirLeakFlow,Removed,155.393,873.588
87,LOWESSFluidOutput,NotRemoved,859.006,86.73
87,LOWESSFluidOutput,Removed,640.596,143.59
87,MeasuredPleuralPressure,NotRemoved,1.499,0.234
87,MeasuredPleuralPressure,Removed,1.417,0.575
88,AirLeakFlow,NotRemoved,7.937,12.244
88,AirLeakFlow,Removed,102.441,654.523
88,LOWESSFluidOutput,NotRemoved,867.617,87.421
88,LOWESSFluidOutput,Removed,644.925,144.944
88,MeasuredPleuralPressure,NotRemoved,1.459,0.224
88,MeasuredPleuralPressure,Removed,1.442,0.577
89,AirLeakFlow,NotRemoved,255.743,1223.562
89,AirLeakFlow,Removed,93.251,625.173
89,LOWESSFluidOutput,NotRemoved,872.015,87.299
89,LOWESSFluidOutput,Removed,648.832,145.597
89,MeasuredPleuralPressure,NotRemoved,1.539,0.289
89,MeasuredPleuralPressure,Removed,1.446,0.589
90,AirLeakFlow,NotRemoved,3.171,3.172
90,AirLeakFlow,Removed,60.38,458.094
90,LOWESSFluidOutput,NotRemoved,877.112,88.634
90,LOWESSFluidOutput,Removed,660.551,144.834
90,MeasuredPleuralPressure,NotRemoved,1.519,0.306
90,MeasuredPleuralPressure,Removed,1.431,0.628
91,AirLeakFlow,NotRemoved,528.377,1686.077
91,AirLeakFlow,Removed,198.153,1034.939
91,LOWESSFluidOutput,NotRemoved,886.57,89.105
91,LOWESSFluidOutput,Removed,663.421,145.411
91,MeasuredPleuralPressure,NotRemoved,1.483,0.291
91,MeasuredPleuralPressure,Removed,1.437,0.623
92,AirLeakFlow,NotRemoved,29.298,57.654
92,AirLeakFlow,Removed,131.044,825.807
92,LOWESSFluidOutput,NotRemoved,889.99,88.232
92,LOWESSFluidOutput,Removed,667.124,147.304
92,MeasuredPleuralPressure,NotRemoved,1.475,0.25
92,MeasuredPleuralPressure,Removed,1.441,0.619
93,AirLeakFlow,NotRemoved,242.695,1179.786
93,AirLeakFlow,Removed,50.402,447.685
93,LOWESSFluidOutput,NotRemoved,893.802,84.913
93,LOWESSFluidOutput,Removed,678.327,147.384
93,MeasuredPleuralPressure,NotRemoved,1.498,0.307
93,MeasuredPleuralPressure,Removed,1.423,0.633
94,AirLeakFlow,NotRemoved,2.267,1.528
94,AirLeakFlow,Removed,111.704,769.276
94,LOWESSFluidOutput,NotRemoved,901.765,83.799
94,LOWESSFluidOutput,Removed,682.068,149.656
94,MeasuredPleuralPressure,NotRemoved,1.483,0.251
94,MeasuredPleuralPressure,Removed,1.449,0.63
95,AirLeakFlow,NotRemoved,2.776,2.507
95,AirLeakFlow,Removed,44.332,447.274
95,LOWESSFluidOutput,NotRemoved,909.464,83.301
95,LOWESSFluidOutput,Removed,685.156,149.683
95,MeasuredPleuralPressure,NotRemoved,1.521,0.296
95,MeasuredPleuralPressure,Removed,1.424,0.645
96,AirLeakFlow,NotRemoved,6.171,9.282
96,AirLeakFlow,Removed,116.39,782.389
96,LOWESSFluidOutput,NotRemoved,913.858,84.821
96,LOWESSFluidOutput,Removed,694.459,151.352
96,MeasuredPleuralPressure,NotRemoved,1.384,0.242
96,MeasuredPleuralPressure,Removed,1.47,0.612
97,AirLeakFlow,NotRemoved,4.543,4.154
97,AirLeakFlow,Removed,79.261,640.852
97,LOWESSFluidOutput,NotRemoved,919.792,86.514
97,LOWESSFluidOutput,Removed,698.509,153.427
97,MeasuredPleuralPressure,NotRemoved,1.454,0.26
97,MeasuredPleuralPressure,Removed,1.46,0.633
98,AirLeakFlow,NotRemoved,2.059,1.364
98,AirLeakFlow,Removed,72.218,594.977
98,LOWESSFluidOutput,NotRemoved,925.666,88.347
98,LOWESSFluidOutput,Removed,711.928,151.291
98,MeasuredPleuralPressure,NotRemoved,1.523,0.242
98,MeasuredPleuralPressure,Removed,1.482,0.621
99,AirLeakFlow,NotRemoved,251.402,1224.447
99,AirLeakFlow,Removed,47.757,463.07
99,LOWESSFluidOutput,NotRemoved,929.355,91.462
99,LOWESSFluidOutput,Removed,715.318,152.021
99,MeasuredPleuralPressure,NotRemoved,1.413,0.204
99,MeasuredPleuralPressure,Removed,1.504,0.587
100,AirLeakFlow,NotRemoved,2.119,4.215
100,AirLeakFlow,Removed,54.116,463.645
100,LOWESSFluidOutput,NotRemoved,937.264,90.338
100,LOWESSFluidOutput,Removed,719.303,154.402
100,MeasuredPleuralPressure,NotRemoved,1.467,0.236
100,MeasuredPleuralPressure,Removed,1.482,0.591
101,AirLeakFlow,NotRemoved,12.125,15.317
101,AirLeakFlow,Removed,45.674,462.858
101,LOWESSFluidOutput,NotRemoved,942.197,90.211
101,LOWESSFluidOutput,Removed,723.431,154.437
101,MeasuredPleuralPressure,NotRemoved,1.435,0.237
101,MeasuredPleuralPressure,Removed,1.495,0.588
102,AirLeakFlow,NotRemoved,232.799,1105.727
102,AirLeakFlow,Removed,88.99,664.114
102,LOWESSFluidOutput,NotRemoved,947.998,92.209
102,LOWESSFluidOutput,Removed,735.956,151.267
102,MeasuredPleuralPressure,NotRemoved,1.511,0.28
102,MeasuredPleuralPressure,Removed,1.521,0.583
103,AirLeakFlow,NotRemoved,506.241,1692.092
103,AirLeakFlow,Removed,124.628,743.348
103,LOWESSFluidOutput,NotRemoved,955.546,90.573
103,LOWESSFluidOutput,Removed,745.464,149.044
103,MeasuredPleuralPressure,NotRemoved,1.453,0.304
103,MeasuredPleuralPressure,Removed,1.554,0.561
104,AirLeakFlow,NotRemoved,52.496,72.705
104,AirLeakFlow,Removed,95.103,676.04
104,LOWESSFluidOutput,NotRemoved,960.808,90.389
104,LOWESSFluidOutput,Removed,750.24,150.184
104,MeasuredPleuralPressure,NotRemoved,1.543,0.24
104,MeasuredPleuralPressure,Removed,1.521,0.596
105,AirLeakFlow,NotRemoved,8.973,34.474
105,AirLeakFlow,Removed,34.819,139.694
105,LOWESSFluidOutput,NotRemoved,969.357,87.446
105,LOWESSFluidOutput,Removed,753.099,152.345
105,MeasuredPleuralPressure,NotRemoved,1.524,0.273
105,MeasuredPleuralPressure,Removed,1.547,0.576
106,AirLeakFlow,NotRemoved,1.39,0.944
106,AirLeakFlow,Removed,22.849,64.229
106,LOWESSFluidOutput,NotRemoved,975.984,84.557
106,LOWESSFluidOutput,Removed,763.845,148.594
106,MeasuredPleuralPressure,NotRemoved,1.459,0.319
106,MeasuredPleuralPressure,Removed,1.507,0.596
107,AirLeakFlow,NotRemoved,4.099,6.324
107,AirLeakFlow,Removed,20.216,44.269
107,LOWESSFluidOutput,NotRemoved,982.14,86.739
107,LOWESSFluidOutput,Removed,768.191,150.086
107,MeasuredPleuralPressure,NotRemoved,1.475,0.283
107,MeasuredPleuralPressure,Removed,1.531,0.602
108,AirLeakFlow,NotRemoved,254.277,1223.861
108,AirLeakFlow,Removed,77.557,570.941
108,LOWESSFluidOutput,NotRemoved,982.051,83.279
108,LOWESSFluidOutput,Removed,770.88,152.118
108,MeasuredPleuralPressure,NotRemoved,1.555,0.244
108,MeasuredPleuralPressure,Removed,1.53,0.623
109,AirLeakFlow,NotRemoved,1.315,0.923
109,AirLeakFlow,Removed,129.249,752.877
109,LOWESSFluidOutput,NotRemoved,990.068,87.177
109,LOWESSFluidOutput,Removed,773.465,153.456
109,MeasuredPleuralPressure,NotRemoved,1.497,0.276
109,MeasuredPleuralPressure,Removed,1.535,0.607
110,AirLeakFlow,NotRemoved,1.886,1.287
110,AirLeakFlow,Removed,106.43,718.876
110,LOWESSFluidOutput,NotRemoved,997.259,82.649
110,LOWESSFluidOutput,Removed,779.056,152.297
110,MeasuredPleuralPressure,NotRemoved,1.488,0.303
110,MeasuredPleuralPressure,Removed,1.528,0.573
111,AirLeakFlow,NotRemoved,2.141,1.466
111,AirLeakFlow,Removed,10.332,18.981
111,LOWESSFluidOutput,NotRemoved,1007.948,86.053
111,LOWESSFluidOutput,Removed,781.907,153.629
111,MeasuredPleuralPressure,NotRemoved,1.504,0.261
111,MeasuredPleuralPressure,Removed,1.537,0.617
112,AirLeakFlow,NotRemoved,7.651,11.326
112,AirLeakFlow,Removed,56.911,490.351
112,LOWESSFluidOutput,NotRemoved,1016.619,85.24
112,LOWESSFluidOutput,Removed,784.685,155.041
112,MeasuredPleuralPressure,NotRemoved,1.516,0.302
112,MeasuredPleuralPressure,Removed,1.519,0.604
113,AirLeakFlow,NotRemoved,8.131,10.907
113,AirLeakFlow,Removed,80.301,622.74
113,LOWESSFluidOutput,NotRemoved,1025.549,83.086
113,LOWESSFluidOutput,Removed,797.121,153.905
113,MeasuredPleuralPressure,NotRemoved,1.469,0.343
113,MeasuredPleuralPressure,Removed,1.476,0.585
114,AirLeakFlow,NotRemoved,9.672,11.892
114,AirLeakFlow,Removed,73.956,591.955
114,LOWESSFluidOutput,NotRemoved,1031.128,85.808
114,LOWESSFluidOutput,Removed,800.71,155.241
114,MeasuredPleuralPressure,NotRemoved,1.436,0.321
114,MeasuredPleuralPressure,Removed,1.451,0.561
115,AirLeakFlow,NotRemoved,252.229,1224.271
115,AirLeakFlow,Removed,94.55,719.086
115,LOWESSFluidOutput,NotRemoved,1039.335,87.321
115,LOWESSFluidOutput,Removed,813.64,149.974
115,MeasuredPleuralPressure,NotRemoved,1.477,0.306
115,MeasuredPleuralPressure,Removed,1.515,0.589
116,AirLeakFlow,NotRemoved,6.273,9.672
116,AirLeakFlow,Removed,153.63,897.808
116,LOWESSFluidOutput,NotRemoved,1046.25,90.748
116,LOWESSFluidOutput,Removed,819.528,152.107
116,MeasuredPleuralPressure,NotRemoved,1.406,0.331
116,MeasuredPleuralPressure,Removed,1.515,0.586
117,AirLeakFlow,NotRemoved,46.347,79.844
117,AirLeakFlow,Removed,13.778,35.407
117,LOWESSFluidOutput,NotRemoved,1056.016,90.83
117,LOWESSFluidOutput,Removed,822.496,153.595
117,MeasuredPleuralPressure,NotRemoved,1.47,0.303
117,MeasuredPleuralPressure,Removed,1.533,0.581
118,AirLeakFlow,NotRemoved,302.58,1216.869
118,AirLeakFlow,Removed,13.673,36.243
118,LOWESSFluidOutput,NotRemoved,1063.836,90.227
118,LOWESSFluidOutput,Removed,836.264,149.559
118,MeasuredPleuralPressure,NotRemoved,1.511,0.361
118,MeasuredPleuralPressure,Removed,1.526,0.598
119,AirLeakFlow,NotRemoved,505.479,1692.317
119,AirLeakFlow,Removed,57.999,521.692
119,LOWESSFluidOutput,NotRemoved,1069.406,89.397
119,LOWESSFluidOutput,Removed,840.309,150.532
119,MeasuredPleuralPressure,NotRemoved,1.405,0.29
119,MeasuredPleuralPressure,Removed,1.498,0.611
120,AirLeakFlow,NotRemoved,96.07,398.298
120,AirLeakFlow,Removed,54.41,521.72
120,LOWESSFluidOutput,NotRemoved,1075.018,87.056
120,LOWESSFluidOutput,Removed,843.995,151.275
120,MeasuredPleuralPressure,NotRemoved,1.412,0.243
120,MeasuredPleuralPressure,Removed,1.503,0.561
121,AirLeakFlow,NotRemoved,13.493,26.804
121,AirLeakFlow,Removed,49.562,300.366
121,LOWESSFluidOutput,NotRemoved,1079.676,87.571
121,LOWESSFluidOutput,Removed,848.88,151.092
121,MeasuredPleuralPressure,NotRemoved,1.432,0.329
121,MeasuredPleuralPressure,Removed,1.527,0.606
122,AirLeakFlow,NotRemoved,273.902,1220.24
122,AirLeakFlow,Removed,115.185,745.871
122,LOWESSFluidOutput,NotRemoved,1090.31,86.472
122,LOWESSFluidOutput,Removed,852.327,150.936
122,MeasuredPleuralPressure,NotRemoved,1.534,0.328
122,MeasuredPleuralPressure,Removed,1.489,0.581
123,AirLeakFlow,NotRemoved,9.016,20.999
123,AirLeakFlow,Removed,12.331,31.128
123,LOWESSFluidOutput,NotRemoved,1097.959,83.388
123,LOWESSFluidOutput,Removed,854.815,152.528
123,MeasuredPleuralPressure,NotRemoved,1.513,0.226
123,MeasuredPleuralPressure,Removed,1.487,0.633
124,AirLeakFlow,NotRemoved,2.384,1.304
124,AirLeakFlow,Removed,170.006,947.249
124,LOWESSFluidOutput,NotRemoved,1107.78,85.993
124,LOWESSFluidOutput,Removed,858.296,152.518
124,MeasuredPleuralPressure,NotRemoved,1.493,0.285
124,MeasuredPleuralPressure,Removed,1.494,0.617
125,AirLeakFlow,NotRemoved,2.937,3.006
125,AirLeakFlow,Removed,3.489,5.984
125,LOWESSFluidOutput,NotRemoved,1115.149,85.694
125,LOWESSFluidOutput,Removed,862.455,153.197
125,MeasuredPleuralPressure,NotRemoved,1.447,0.229
125,MeasuredPleuralPressure,Removed,1.495,0.637
126,AirLeakFlow,NotRemoved,5.462,8.018
126,AirLeakFlow,Removed,27.116,237.465
126,LOWESSFluidOutput,NotRemoved,1116.207,81.655
126,LOWESSFluidOutput,Removed,867.287,153.762
126,MeasuredPleuralPressure,NotRemoved,1.458,0.268
126,MeasuredPleuralPressure,Removed,1.505,0.61
127,AirLeakFlow,NotRemoved,370.242,1332.48
127,AirLeakFlow,Removed,147.245,896.281
127,LOWESSFluidOutput,NotRemoved,1127.436,85.544
127,LOWESSFluidOutput,Removed,870.751,153.047
127,MeasuredPleuralPressure,NotRemoved,1.39,0.277
127,MeasuredPleuralPressure,Removed,1.513,0.62
128,AirLeakFlow,NotRemoved,344.796,1133.322
128,AirLeakFlow,Removed,18.81,49.471
128,LOWESSFluidOutput,NotRemoved,1131.5,85.743
128,LOWESSFluidOutput,Removed,874.61,153.345
128,MeasuredPleuralPressure,NotRemoved,1.487,0.234
128,MeasuredPleuralPressure,Removed,1.494,0.635
129,AirLeakFlow,NotRemoved,17.803,34.324
129,AirLeakFlow,Removed,108.029,672.803
129,LOWESSFluidOutput,NotRemoved,1136.822,86.778
129,LOWESSFluidOutput,Removed,878.217,153.603
129,MeasuredPleuralPressure,NotRemoved,1.425,0.265
129,MeasuredPleuralPressure,Removed,1.541,0.603
130,AirLeakFlow,NotRemoved,14.64,17.547
130,AirLeakFlow,Removed,54.399,390.428
130,LOWESSFluidOutput,NotRemoved,1141.734,85.314
130,LOWESSFluidOutput,Removed,881.9,153.835
130,MeasuredPleuralPressure,NotRemoved,1.46,0.261
130,MeasuredPleuralPressure,Removed,1.529,0.579
131,AirLeakFlow,NotRemoved,9.867,11.803
131,AirLeakFlow,Removed,104.113,735.419
131,LOWESSFluidOutput,NotRemoved,1150.335,88.329
131,LOWESSFluidOutput,Removed,884.835,154.177
131,MeasuredPleuralPressure,NotRemoved,1.458,0.321
131,MeasuredPleuralPressure,Removed,1.501,0.614
132,AirLeakFlow,NotRemoved,2.922,7.242
132,AirLeakFlow,Removed,13.848,44.646
132,LOWESSFluidOutput,NotRemoved,1150.676,88.124
132,LOWESSFluidOutput,Removed,899.501,148.706
132,MeasuredPleuralPressure,NotRemoved,1.316,0.326
132,MeasuredPleuralPressure,Removed,1.544,0.624
133,AirLeakFlow,NotRemoved,6.776,15.271
133,AirLeakFlow,Removed,103.748,610.204
133,LOWESSFluidOutput,NotRemoved,1165.336,90.54
133,LOWESSFluidOutput,Removed,913.806,146.331
133,MeasuredPleuralPressure,NotRemoved,1.442,0.275
133,MeasuredPleuralPressure,Removed,1.499,0.631
134,AirLeakFlow,NotRemoved,257.835,1223.202
134,AirLeakFlow,Removed,57.785,534.194
134,LOWESSFluidOutput,NotRemoved,1173.949,86.737
134,LOWESSFluidOutput,Removed,929.522,139.751
134,MeasuredPleuralPressure,NotRemoved,1.349,0.307
134,MeasuredPleuralPressure,Removed,1.538,0.612
135,AirLeakFlow,NotRemoved,252.357,1224.244
135,AirLeakFlow,Removed,6.3,18.749
135,LOWESSFluidOutput,NotRemoved,1179.998,84.476
135,LOWESSFluidOutput,Removed,932.442,141.044
135,MeasuredPleuralPressure,NotRemoved,1.454,0.287
135,MeasuredPleuralPressure,Removed,1.533,0.615
136,AirLeakFlow,NotRemoved,53.56,92.119
136,AirLeakFlow,Removed,120.113,790.593
136,LOWESSFluidOutput,NotRemoved,1186.83,84.95
136,LOWESSFluidOutput,Removed,935.829,140.668
136,MeasuredPleuralPressure,NotRemoved,1.456,0.28
136,MeasuredPleuralPressure,Removed,1.52,0.621
137,AirLeakFlow,NotRemoved,39.26,87.619
137,AirLeakFlow,Removed,117.261,790.069
137,LOWESSFluidOutput,NotRemoved,1188.09,85.752
137,LOWESSFluidOutput,Removed,938.596,140.673
137,MeasuredPleuralPressure,NotRemoved,1.399,0.318
137,MeasuredPleuralPressure,Removed,1.545,0.595
138,AirLeakFlow,NotRemoved,5.496,6.703
138,AirLeakFlow,Removed,106.065,690.248
138,LOWESSFluidOutput,NotRemoved,1197.389,86.136
138,LOWESSFluidOutput,Removed,943.066,140.774
138,MeasuredPleuralPressure,NotRemoved,1.501,0.348
138,MeasuredPleuralPressure,Removed,1.543,0.61
139,AirLeakFlow,NotRemoved,4.742,6.317
139,AirLeakFlow,Removed,118.412,811.976
139,LOWESSFluidOutput,NotRemoved,1205.294,84.631
139,LOWESSFluidOutput,Removed,958.557,134.075
139,MeasuredPleuralPressure,NotRemoved,1.444,0.27
139,MeasuredPleuralPressure,Removed,1.536,0.625
140,AirLeakFlow,NotRemoved,3.587,7.668
140,AirLeakFlow,Removed,8.604,25.035
140,LOWESSFluidOutput,NotRemoved,1208.666,81.561
140,LOWESSFluidOutput,Removed,961.204,133.23
140,MeasuredPleuralPressure,NotRemoved,1.479,0.321
140,MeasuredPleuralPressure,Removed,1.509,0.623
141,AirLeakFlow,NotRemoved,254.347,1223.846
141,AirLeakFlow,Removed,63.189,576.867
141,LOWESSFluidOutput,NotRemoved,1217.687,83.825
141,LOWESSFluidOutput,Removed,964.813,133.017
141,MeasuredPleuralPressure,NotRemoved,1.451,0.327
141,MeasuredPleuralPressure,Removed,1.528,0.601
142,AirLeakFlow,NotRemoved,1.88,1.51
142,AirLeakFlow,Removed,107.702,757.154
142,LOWESSFluidOutput,NotRemoved,1222.258,86.327
142,LOWESSFluidOutput,Removed,968.173,133.486
142,MeasuredPleuralPressure,NotRemoved,1.505,0.367
142,MeasuredPleuralPressure,Removed,1.502,0.631
143,AirLeakFlow,NotRemoved,4.928,7.589
143,AirLeakFlow,Removed,126.157,835.067
143,LOWESSFluidOutput,NotRemoved,1231.675,87.367
143,LOWESSFluidOutput,Removed,987.906,117.151
143,MeasuredPleuralPressure,NotRemoved,1.399,0.389
143,MeasuredPleuralPressure,Removed,1.499,0.652
144,AirLeakFlow,NotRemoved,188.242,835.553
144,AirLeakFlow,Removed,130.329,834.841
144,LOWESSFluidOutput,NotRemoved,1236.924,90.214
144,LOWESSFluidOutput,Removed,989.667,117.418
144,MeasuredPleuralPressure,NotRemoved,1.405,0.305
144,MeasuredPleuralPressure,Removed,1.531,0.628
145,AirLeakFlow,NotRemoved,29.551,25.075
145,AirLeakFlow,Removed,64.931,593.764
145,LOWESSFluidOutput,NotRemoved,1246.206,94.114
145,LOWESSFluidOutput,Removed,992.854,117.562
145,MeasuredPleuralPressure,NotRemoved,1.407,0.348
145,MeasuredPleuralPressure,Removed,1.532,0.648
146,AirLeakFlow,NotRemoved,760.697,2022.915
146,AirLeakFlow,Removed,2.107,2.665
146,LOWESSFluidOutput,NotRemoved,1251.484,96.053
146,LOWESSFluidOutput,Removed,996.106,119.081
146,MeasuredPleuralPressure,NotRemoved,1.456,0.331
146,MeasuredPleuralPressure,Removed,1.442,0.65
147,AirLeakFlow,NotRemoved,11.744,18.111
147,AirLeakFlow,Removed,5.656,10.494
147,LOWESSFluidOutput,NotRemoved,1255.386,96.314
147,LOWESSFluidOutput,Removed,998.828,116.764
147,MeasuredPleuralPressure,NotRemoved,1.41,0.342
147,MeasuredPleuralPressure,Removed,1.466,0.658
148,AirLeakFlow,NotRemoved,4.253,10.529
148,AirLeakFlow,Removed,5.291,14.332
148,LOWESSFluidOutput,NotRemoved,1258.152,101.094
148,LOWESSFluidOutput,Removed,1002.98,116.984
148,MeasuredPleuralPressure,NotRemoved,1.418,0.393
148,MeasuredPleuralPressure,Removed,1.477,0.623
149,AirLeakFlow,NotRemoved,252.16,1224.286
149,AirLeakFlow,Removed,9.665,26.814
149,LOWESSFluidOutput,NotRemoved,1264.308,95.628
149,LOWESSFluidOutput,Removed,1005.434,115.428
149,MeasuredPleuralPressure,NotRemoved,1.366,0.293
149,MeasuredPleuralPressure,Removed,1.496,0.642
150,AirLeakFlow,NotRemoved,7.711,14.912
150,AirLeakFlow,Removed,7.628,17.768
150,LOWESSFluidOutput,NotRemoved,1269.579,94.862
150,LOWESSFluidOutput,Removed,1009.29,116.85
150,MeasuredPleuralPressure,NotRemoved,1.44,0.379
150,MeasuredPleuralPressure,Removed,1.492,0.587
151,AirLeakFlow,NotRemoved,12.107,14.538
151,AirLeakFlow,Removed,66.96,593.53
151,LOWESSFluidOutput,NotRemoved,1276.511,94.714
151,LOWESSFluidOutput,Removed,1011.106,118.013
151,MeasuredPleuralPressure,NotRemoved,1.422,0.336
151,MeasuredPleuralPressure,Removed,1.497,0.604
152,AirLeakFlow,NotRemoved,7.422,19.622
152,AirLeakFlow,Removed,162.68,898.001
152,LOWESSFluidOutput,NotRemoved,1278.833,99.207
152,LOWESSFluidOutput,Removed,1016.002,116.701
152,MeasuredPleuralPressure,NotRemoved,1.344,0.352
152,MeasuredPleuralPressure,Removed,1.499,0.631
153,AirLeakFlow,NotRemoved,22.571,41.262
153,AirLeakFlow,Removed,37.171,300.435
153,LOWESSFluidOutput,NotRemoved,1285.493,95.145
153,LOWESSFluidOutput,Removed,1019.374,116.62
153,MeasuredPleuralPressure,NotRemoved,1.425,0.332
153,MeasuredPleuralPressure,Removed,1.494,0.627
154,AirLeakFlow,NotRemoved,1.578,1.196
154,AirLeakFlow,Removed,86.743,620.002
154,LOWESSFluidOutput,NotRemoved,1289.999,95.835
154,LOWESSFluidOutput,Removed,1021.795,116.893
154,MeasuredPleuralPressure,NotRemoved,1.466,0.32
154,MeasuredPleuralPressure,Removed,1.483,0.64
155,AirLeakFlow,NotRemoved,1.927,1.628
155,AirLeakFlow,Removed,134.431,834.458
155,LOWESSFluidOutput,NotRemoved,1294.086,99.826
155,LOWESSFluidOutput,Removed,1025.002,117.385
155,MeasuredPleuralPressure,NotRemoved,1.377,0.333
155,MeasuredPleuralPressure,Removed,1.492,0.645
156,AirLeakFlow,NotRemoved,1.488,1.253
156,AirLeakFlow,Removed,75.037,593.623
156,LOWESSFluidOutput,NotRemoved,1297.281,99.995
156,LOWESSFluidOutput,Removed,1026.49,117.229
156,MeasuredPleuralPressure,NotRemoved,1.38,0.377
156,MeasuredPleuralPressure,Removed,1.5,0.647
157,AirLeakFlow,NotRemoved,1.767,1.755
157,AirLeakFlow,Removed,64.911,593.716
157,LOWESSFluidOutput,NotRemoved,1302.786,95.154
157,LOWESSFluidOutput,Removed,1031.257,117.638
157,MeasuredPleuralPressure,NotRemoved,1.399,0.364
157,MeasuredPleuralPressure,Removed,1.515,0.651
158,AirLeakFlow,NotRemoved,257.375,1223.223
158,AirLeakFlow,Removed,2.056,2.353
158,LOWESSFluidOutput,NotRemoved,1308.043,94.281
158,LOWESSFluidOutput,Removed,1034.724,117.636
158,MeasuredPleuralPressure,NotRemoved,1.4,0.339
158,MeasuredPleuralPressure,Removed,1.53,0.682
159,AirLeakFlow,NotRemoved,8.971,9.126
159,AirLeakFlow,Removed,308.842,1299.39
159,LOWESSFluidOutput,NotRemoved,1312.037,94.234
159,LOWESSFluidOutput,Removed,1038.065,117.097
159,MeasuredPleuralPressure,NotRemoved,1.393,0.321
159,MeasuredPleuralPressure,Removed,1.466,0.666
160,AirLeakFlow,NotRemoved,1.96,3.634
160,AirLeakFlow,Removed,115.698,745.146
160,LOWESSFluidOutput,NotRemoved,1312.994,94.224
160,LOWESSFluidOutput,Removed,1040.495,116.59
160,MeasuredPleuralPressure,NotRemoved,1.395,0.311
160,MeasuredPleuralPressure,Removed,1.499,0.652
161,AirLeakFlow,NotRemoved,252.146,1224.289
161,AirLeakFlow,Removed,3.356,6.496
161,LOWESSFluidOutput,NotRemoved,1317.962,93.193
161,LOWESSFluidOutput,Removed,1043.671,117.67
161,MeasuredPleuralPressure,NotRemoved,1.346,0.305
161,MeasuredPleuralPressure,Removed,1.47,0.65
162,AirLeakFlow,NotRemoved,14.827,16.322
162,AirLeakFlow,Removed,27.163,236.01
162,LOWESSFluidOutput,NotRemoved,1320.543,93.895
162,LOWESSFluidOutput,Removed,1048.157,116.066
162,MeasuredPleuralPressure,NotRemoved,1.381,0.33
162,MeasuredPleuralPressure,Removed,1.507,0.678
163,AirLeakFlow,NotRemoved,16.578,17.361
163,AirLeakFlow,Removed,143.061,860.755
163,LOWESSFluidOutput,NotRemoved,1322.523,94.653
163,LOWESSFluidOutput,Removed,1049.982,115.85
163,MeasuredPleuralPressure,NotRemoved,1.383,0.348
163,MeasuredPleuralPressure,Removed,1.515,0.664
164,AirLeakFlow,NotRemoved,264.235,1221.81
164,AirLeakFlow,Removed,9.446,23.354
164,LOWESSFluidOutput,NotRemoved,1327.444,95.819
164,LOWESSFluidOutput,Removed,1053.398,116.637
164,MeasuredPleuralPressure,NotRemoved,1.382,0.298
164,MeasuredPleuralPressure,Removed,1.496,0.633
165,AirLeakFlow,NotRemoved,279.022,1218.874
165,AirLeakFlow,Removed,13.611,29.665
165,LOWESSFluidOutput,NotRemoved,1330.828,96.092
165,LOWESSFluidOutput,Removed,1057.027,115.19
165,MeasuredPleuralPressure,NotRemoved,1.383,0.299
165,MeasuredPleuralPressure,Removed,1.515,0.653
166,AirLeakFlow,NotRemoved,21.693,39.84
166,AirLeakFlow,Removed,97.034,652.431
166,LOWESSFluidOutput,NotRemoved,1332.248,95.114
166,LOWESSFluidOutput,Removed,1060.579,115.606
166,MeasuredPleuralPressure,NotRemoved,1.367,0.314
166,MeasuredPleuralPressure,Removed,1.514,0.689
167,AirLeakFlow,NotRemoved,1.787,1.787
167,AirLeakFlow,Removed,67.418,593.64
167,LOWESSFluidOutput,NotRemoved,1335.942,95.828
167,LOWESSFluidOutput,Removed,1064.349,115.011
167,MeasuredPleuralPressure,NotRemoved,1.445,0.31
167,MeasuredPleuralPressure,Removed,1.496,0.702
168,AirLeakFlow,NotRemoved,2.585,4.813
168,AirLeakFlow,Removed,72.907,593.739
168,LOWESSFluidOutput,NotRemoved,1339.82,94.078
168,LOWESSFluidOutput,Removed,1066.619,116.43
168,MeasuredPleuralPressure,NotRemoved,1.423,0.315
168,MeasuredPleuralPressure,Removed,1.508,0.729
169,AirLeakFlow,NotRemoved,508.196,1691.511
169,AirLeakFlow,Removed,15.434,30.392
169,LOWESSFluidOutput,NotRemoved,1342.075,96.82
169,LOWESSFluidOutput,Removed,1070.079,116.715
169,MeasuredPleuralPressure,NotRemoved,1.307,0.345
169,MeasuredPleuralPressure,Removed,1.483,0.702
170,AirLeakFlow,NotRemoved,31.007,38.685
170,AirLeakFlow,Removed,114.758,779.841
170,LOWESSFluidOutput,NotRemoved,1345.749,94.229
170,LOWESSFluidOutput,Removed,1072.851,115.291
170,MeasuredPleuralPressure,NotRemoved,1.377,0.39
170,MeasuredPleuralPressure,Removed,1.484,0.675
171,AirLeakFlow,NotRemoved,251.979,1224.324
171,AirLeakFlow,Removed,18.89,51.213
171,LOWESSFluidOutput,NotRemoved,1347.09,96.957
171,LOWESSFluidOutput,Removed,1076.751,114.599
171,MeasuredPleuralPressure,NotRemoved,1.293,0.407
171,MeasuredPleuralPressure,Removed,1.496,0.738
172,AirLeakFlow,NotRemoved,2.597,1.5
172,AirLeakFlow,Removed,185.907,960.544
172,LOWESSFluidOutput,NotRemoved,1349.386,97.043
172,LOWESSFluidOutput,Removed,1079.348,114.331
172,MeasuredPleuralPressure,NotRemoved,1.369,0.337
172,MeasuredPleuralPressure,Removed,1.493,0.698
173,AirLeakFlow,NotRemoved,2.054,1.405
173,AirLeakFlow,Removed,109.707,738.46
173,LOWESSFluidOutput,NotRemoved,1349.303,96.621
173,LOWESSFluidOutput,Removed,1082.214,114.346
173,MeasuredPleuralPressure,NotRemoved,1.363,0.385
173,MeasuredPleuralPressure,Removed,1.506,0.684
174,AirLeakFlow,NotRemoved,252.637,1224.184
174,AirLeakFlow,Removed,24.718,219.68
174,LOWESSFluidOutput,NotRemoved,1353.317,96.549
174,LOWESSFluidOutput,Removed,1086.398,114.266
174,MeasuredPleuralPressure,NotRemoved,1.341,0.336
174,MeasuredPleuralPressure,Removed,1.512,0.707
175,AirLeakFlow,NotRemoved,89.142,426.346
175,AirLeakFlow,Removed,194.407,1020.872
175,LOWESSFluidOutput,NotRemoved,1358.263,96.417
175,LOWESSFluidOutput,Removed,1088.793,115.017
175,MeasuredPleuralPressure,NotRemoved,1.355,0.486
175,MeasuredPleuralPressure,Removed,1.528,0.724
176,AirLeakFlow,NotRemoved,2.171,1.976
176,AirLeakFlow,Removed,92.947,619.619
176,LOWESSFluidOutput,NotRemoved,1361.718,95.627
176,LOWESSFluidOutput,Removed,1090.927,115.557
176,MeasuredPleuralPressure,NotRemoved,1.306,0.436
176,MeasuredPleuralPressure,Removed,1.503,0.712
177,AirLeakFlow,NotRemoved,10.588,16.798
177,AirLeakFlow,Removed,22.231,147.211
177,LOWESSFluidOutput,NotRemoved,1364.344,94.953
177,LOWESSFluidOutput,Removed,1096.461,114.627
177,MeasuredPleuralPressure,NotRemoved,1.352,0.352
177,MeasuredPleuralPressure,Removed,1.524,0.699
178,AirLeakFlow,NotRemoved,19.664,23.167
178,AirLeakFlow,Removed,157.403,878.405
178,LOWESSFluidOutput,NotRemoved,1368.28,95.072
178,LOWESSFluidOutput,Removed,1100.521,114.052
178,MeasuredPleuralPressure,NotRemoved,1.334,0.447
178,MeasuredPleuralPressure,Removed,1.543,0.724
179,AirLeakFlow,NotRemoved,264.933,1221.725
179,AirLeakFlow,Removed,76.9,593.245
179,LOWESSFluidOutput,NotRemoved,1369.885,94.505
179,LOWESSFluidOutput,Removed,1104.402,113.606
179,MeasuredPleuralPressure,NotRemoved,1.285,0.41
179,MeasuredPleuralPressure,Removed,1.504,0.695
180,AirLeakFlow,NotRemoved,13.336,24.012
180,AirLeakFlow,Removed,79.029,593.921
180,LOWESSFluidOutput,NotRemoved,1375.243,94.797
180,LOWESSFluidOutput,Removed,1107.282,114.044
180,MeasuredPleuralPressure,NotRemoved,1.212,0.343
180,MeasuredPleuralPressure,Removed,1.488,0.684
181,AirLeakFlow,NotRemoved,5.902,13.96
181,AirLeakFlow,Removed,143.145,833.862
181,LOWESSFluidOutput,NotRemoved,1377.551,92.672
181,LOWESSFluidOutput,Removed,1110.464,114.11
181,MeasuredPleuralPressure,NotRemoved,1.308,0.361
181,MeasuredPleuralPressure,Removed,1.529,0.704
182,AirLeakFlow,NotRemoved,251.839,1224.354
182,AirLeakFlow,Removed,137.786,834.453
182,LOWESSFluidOutput,NotRemoved,1381.909,93.631
182,LOWESSFluidOutput,Removed,1114.423,114.099
182,MeasuredPleuralPressure,NotRemoved,1.312,0.348
182,MeasuredPleuralPressure,Removed,1.539,0.711
183,AirLeakFlow,NotRemoved,13.018,17.875
183,AirLeakFlow,Removed,152.536,876.813
183,LOWESSFluidOutput,NotRemoved,1382.049,94.822
183,LOWESSFluidOutput,Removed,1116.477,113.418
183,MeasuredPleuralPressure,NotRemoved,1.338,0.39
183,MeasuredPleuralPressure,Removed,1.531,0.707
184,AirLeakFlow,NotRemoved,24.928,37.989
184,AirLeakFlow,Removed,182.189,1017.856
184,LOWESSFluidOutput,NotRemoved,1386.838,94.198
184,LOWESSFluidOutput,Removed,1119.858,113.328
184,MeasuredPleuralPressure,NotRemoved,1.283,0.453
184,MeasuredPleuralPressure,Removed,1.525,0.686
185,AirLeakFlow,NotRemoved,40.698,75.878
185,AirLeakFlow,Removed,145.889,764.013
185,LOWESSFluidOutput,NotRemoved,1389.658,90.987
185,LOWESSFluidOutput,Removed,1122.842,114.345
185,MeasuredPleuralPressure,NotRemoved,1.294,0.409
185,MeasuredPleuralPressure,Removed,1.529,0.719
186,AirLeakFlow,NotRemoved,253.596,1223.99
186,AirLeakFlow,Removed,112.03,667.47
186,LOWESSFluidOutput,NotRemoved,1395.159,90.921
186,LOWESSFluidOutput,Removed,1126.558,113.771
186,MeasuredPleuralPressure,NotRemoved,1.268,0.43
186,MeasuredPleuralPressure,Removed,1.525,0.685
187,AirLeakFlow,NotRemoved,1.999,1.126
187,AirLeakFlow,Removed,5.63,11.017
187,LOWESSFluidOutput,NotRemoved,1400.278,92.621
187,LOWESSFluidOutput,Removed,1130.32,113.364
187,MeasuredPleuralPressure,NotRemoved,1.302,0.344
187,MeasuredPleuralPressure,Removed,1.511,0.685
188,AirLeakFlow,NotRemoved,1.736,0.805
188,AirLeakFlow,Removed,46.987,385.362
188,LOWESSFluidOutput,NotRemoved,1404.69,94.658
188,LOWESSFluidOutput,Removed,1132.067,114.581
188,MeasuredPleuralPressure,NotRemoved,1.303,0.369
188,MeasuredPleuralPressure,Removed,1.527,0.708
189,AirLeakFlow,NotRemoved,2.116,1.32
189,AirLeakFlow,Removed,15.04,31.892
189,LOWESSFluidOutput,NotRemoved,1405.3,91.712
189,LOWESSFluidOutput,Removed,1135.55,114.593
189,MeasuredPleuralPressure,NotRemoved,1.328,0.374
189,MeasuredPleuralPressure,Removed,1.499,0.692
190,AirLeakFlow,NotRemoved,8.094,14.852
190,AirLeakFlow,Removed,14.623,31.24
190,LOWESSFluidOutput,NotRemoved,1411.008,93.417
190,LOWESSFluidOutput,Removed,1138.747,115.454
190,MeasuredPleuralPressure,NotRemoved,1.276,0.352
190,MeasuredPleuralPressure,Removed,1.527,0.725
191,AirLeakFlow,NotRemoved,15.229,15.87
191,AirLeakFlow,Removed,3.253,5.23
191,LOWESSFluidOutput,NotRemoved,1411.61,91.845
191,LOWESSFluidOutput,Removed,1140.777,116.134
191,MeasuredPleuralPressure,NotRemoved,1.295,0.354
191,MeasuredPleuralPressure,Removed,1.504,0.688
192,AirLeakFlow,NotRemoved,10.927,14.656
192,AirLeakFlow,Removed,63.804,593.681
192,LOWESSFluidOutput,NotRemoved,1415.2,94.343
192,LOWESSFluidOutput,Removed,1143.296,116.49
192,MeasuredPleuralPressure,NotRemoved,1.274,0.335
192,MeasuredPleuralPressure,Removed,1.503,0.692
193,AirLeakFlow,NotRemoved,8.934,10.199
193,AirLeakFlow,Removed,6.625,12.652
193,LOWESSFluidOutput,NotRemoved,1417.691,96.27
193,LOWESSFluidOutput,Removed,1157.104,111.196
193,MeasuredPleuralPressure,NotRemoved,1.277,0.405
193,MeasuredPleuralPressure,Removed,1.533,0.704
194,AirLeakFlow,NotRemoved,403.384,1334.84
194,AirLeakFlow,Removed,69.489,611.791
194,LOWESSFluidOutput,NotRemoved,1420.301,95.583
194,LOWESSFluidOutput,Removed,1162.503,113.239
194,MeasuredPleuralPressure,NotRemoved,1.322,0.386
194,MeasuredPleuralPressure,Removed,1.564,0.675
195,AirLeakFlow,NotRemoved,10.336,30.637
195,AirLeakFlow,Removed,67.575,611.883
195,LOWESSFluidOutput,NotRemoved,1422.622,94.953
195,LOWESSFluidOutput,Removed,1165.699,113.601
195,MeasuredPleuralPressure,NotRemoved,1.235,0.38
195,MeasuredPleuralPressure,Removed,1.545,0.701
196,AirLeakFlow,NotRemoved,26.602,72.289
196,AirLeakFlow,Removed,8.162,16.635
196,LOWESSFluidOutput,NotRemoved,1426.278,92.126
196,LOWESSFluidOutput,Removed,1170.094,113.517
196,MeasuredPleuralPressure,NotRemoved,1.284,0.422
196,MeasuredPleuralPressure,Removed,1.534,0.699
197,AirLeakFlow,NotRemoved,20.585,39.584
197,AirLeakFlow,Removed,70.387,612.174
197,LOWESSFluidOutput,NotRemoved,1427.008,93.746
197,LOWESSFluidOutput,Removed,1172.207,114.556
197,MeasuredPleuralPressure,NotRemoved,1.243,0.38
197,MeasuredPleuralPressure,Removed,1.53,0.692
198,AirLeakFlow,NotRemoved,14.519,26.041
198,AirLeakFlow,Removed,67.5,611.94
198,LOWESSFluidOutput,NotRemoved,1430.281,92.133
198,LOWESSFluidOutput,Removed,1176.138,114.236
198,MeasuredPleuralPressure,NotRemoved,1.274,0.439
198,MeasuredPleuralPressure,Removed,1.543,0.692
199,AirLeakFlow,NotRemoved,5.016,9.283
199,AirLeakFlow,Removed,6.078,10.37
199,LOWESSFluidOutput,NotRemoved,1434.86,93.394
199,LOWESSFluidOutput,Removed,1177.438,115.154
199,MeasuredPleuralPressure,NotRemoved,1.297,0.408
199,MeasuredPleuralPressure,Removed,1.555,0.666
200,AirLeakFlow,NotRemoved,1.397,1.074
200,AirLeakFlow,Removed,193.356,1048.43
200,LOWESSFluidOutput,NotRemoved,1437.095,95.063
200,LOWESSFluidOutput,Removed,1180.944,114.427
200,MeasuredPleuralPressure,NotRemoved,1.324,0.347
200,MeasuredPleuralPressure,Removed,1.546,0.671
201,AirLeakFlow,NotRemoved,1.955,1.877
201,AirLeakFlow,Removed,10.825,28.46
201,LOWESSFluidOutput,NotRemoved,1439.852,95.995
201,LOWESSFluidOutput,Removed,1183.105,114.637
201,MeasuredPleuralPressure,NotRemoved,1.255,0.348
201,MeasuredPleuralPressure,Removed,1.541,0.668
202,AirLeakFlow,NotRemoved,7.17,13.4
202,AirLeakFlow,Removed,14.643,38.806
202,LOWESSFluidOutput,NotRemoved,1443.767,92.573
202,LOWESSFluidOutput,Removed,1186.193,115.147
202,MeasuredPleuralPressure,NotRemoved,1.266,0.34
202,MeasuredPleuralPressure,Removed,1.537,0.686
203,AirLeakFlow,NotRemoved,13.772,16.25
203,AirLeakFlow,Removed,68.069,612.012
203,LOWESSFluidOutput,NotRemoved,1447.546,91.746
203,LOWESSFluidOutput,Removed,1191.288,115.519
203,MeasuredPleuralPressure,NotRemoved,1.298,0.405
203,MeasuredPleuralPressure,Removed,1.541,0.67
204,AirLeakFlow,NotRemoved,7.13,12.492
204,AirLeakFlow,Removed,136.58,859.926
204,LOWESSFluidOutput,NotRemoved,1448.169,93.056
204,LOWESSFluidOutput,Removed,1194.375,115.27
204,MeasuredPleuralPressure,NotRemoved,1.235,0.402
204,MeasuredPleuralPressure,Removed,1.554,0.68
205,AirLeakFlow,NotRemoved,29.787,53.137
205,AirLeakFlow,Removed,16.042,50.16
205,LOWESSFluidOutput,NotRemoved,1454.24,91.06
205,LOWESSFluidOutput,Removed,1197.182,114.615
205,MeasuredPleuralPressure,NotRemoved,1.282,0.408
205,MeasuredPleuralPressure,Removed,1.533,0.668
206,AirLeakFlow,NotRemoved,1.476,1.399
206,AirLeakFlow,Removed,12.358,27.394
206,LOWESSFluidOutput,NotRemoved,1456.524,89.729
206,LOWESSFluidOutput,Removed,1199.943,115.318
206,MeasuredPleuralPressure,NotRemoved,1.228,0.455
206,MeasuredPleuralPressure,Removed,1.567,0.692
207,AirLeakFlow,NotRemoved,1.966,1.837
207,AirLeakFlow,Removed,12.991,21.41
207,LOWESSFluidOutput,NotRemoved,1462.026,90.637
207,LOWESSFluidOutput,Removed,1202.291,116.036
207,MeasuredPleuralPressure,NotRemoved,1.299,0.405
207,MeasuredPleuralPressure,Removed,1.551,0.672
208,AirLeakFlow,NotRemoved,3.908,3.855
208,AirLeakFlow,Removed,109.559,669.836
208,LOWESSFluidOutput,NotRemoved,1463.199,88.235
208,LOWESSFluidOutput,Removed,1206.603,115.185
208,MeasuredPleuralPressure,NotRemoved,1.27,0.384
208,MeasuredPleuralPressure,Removed,1.538,0.728
209,AirLeakFlow,NotRemoved,103.797,468.844
209,AirLeakFlow,Removed,12.107,33.476
209,LOWESSFluidOutput,NotRemoved,1466.42,87.85
209,LOWESSFluidOutput,Removed,1209.304,113.523
209,MeasuredPleuralPressure,NotRemoved,1.276,0.376
209,MeasuredPleuralPressure,Removed,1.575,0.663
210,AirLeakFlow,NotRemoved,3.197,4.877
210,AirLeakFlow,Removed,2.389,4.426
210,LOWESSFluidOutput,NotRemoved,1473.407,88.442
210,LOWESSFluidOutput,Removed,1212.883,114.343
210,MeasuredPleuralPressure,NotRemoved,1.322,0.369
210,MeasuredPleuralPressure,Removed,1.559,0.696
211,AirLeakFlow,NotRemoved,7.661,11.156
211,AirLeakFlow,Removed,128.464,860.977
211,LOWESSFluidOutput,NotRemoved,1471.586,89.724
211,LOWESSFluidOutput,Removed,1216.041,114.437
211,MeasuredPleuralPressure,NotRemoved,1.282,0.408
211,MeasuredPleuralPressure,Removed,1.535,0.73
212,AirLeakFlow,NotRemoved,8.059,9.722
212,AirLeakFlow,Removed,12.279,33.313
212,LOWESSFluidOutput,NotRemoved,1476.565,85.779
212,LOWESSFluidOutput,Removed,1217.785,114.3
212,MeasuredPleuralPressure,NotRemoved,1.249,0.396
212,MeasuredPleuralPressure,Removed,1.545,0.706
213,AirLeakFlow,NotRemoved,5.269,7.26
213,AirLeakFlow,Removed,96.442,639.263
213,LOWESSFluidOutput,NotRemoved,1477.589,88.281
213,LOWESSFluidOutput,Removed,1222.395,113.352
213,MeasuredPleuralPressure,NotRemoved,1.368,0.387
213,MeasuredPleuralPressure,Removed,1.51,0.737
214,AirLeakFlow,NotRemoved,3.245,7.361
214,AirLeakFlow,Removed,20.504,46.848
214,LOWESSFluidOutput,NotRemoved,1483.275,88.065
214,LOWESSFluidOutput,Removed,1225.514,113.94
214,MeasuredPleuralPressure,NotRemoved,1.304,0.412
214,MeasuredPleuralPressure,Removed,1.542,0.694
215,AirLeakFlow,NotRemoved,6.129,8.66
215,AirLeakFlow,Removed,143.668,888.237
215,LOWESSFluidOutput,NotRemoved,1487.41,86.604
215,LOWESSFluidOutput,Removed,1241.34,107.495
215,MeasuredPleuralPressure,NotRemoved,1.32,0.372
215,MeasuredPleuralPressure,Removed,1.592,0.722
216,AirLeakFlow,NotRemoved,114.756,554.965
216,AirLeakFlow,Removed,71.192,632.051
216,LOWESSFluidOutput,NotRemoved,1490.784,86.47
216,LOWESSFluidOutput,Removed,1243.548,107.834
216,MeasuredPleuralPressure,NotRemoved,1.332,0.423
216,MeasuredPleuralPressure,Removed,1.586,0.749
217,AirLeakFlow,NotRemoved,278.784,1219.82
217,AirLeakFlow,Removed,7.421,23.181
217,LOWESSFluidOutput,NotRemoved,1492.65,87.573
217,LOWESSFluidOutput,Removed,1252.351,110.871
217,MeasuredPleuralPressure,NotRemoved,1.356,0.421
217,MeasuredPleuralPressure,Removed,1.497,0.679
218,AirLeakFlow,NotRemoved,39.633,71.932
218,AirLeakFlow,Removed,22.157,50.298
218,LOWESSFluidOutput,NotRemoved,1497.163,88.815
218,LOWESSFluidOutput,Removed,1254.73,110.433
218,MeasuredPleuralPressure,NotRemoved,1.261,0.384
218,MeasuredPleuralPressure,Removed,1.543,0.727
219,AirLeakFlow,NotRemoved,7.436,31.995
219,AirLeakFlow,Removed,112.037,662.551
219,LOWESSFluidOutput,NotRemoved,1499.849,88.658
219,LOWESSFluidOutput,Removed,1260.051,111.401
219,MeasuredPleuralPressure,NotRemoved,1.307,0.401
219,MeasuredPleuralPressure,Removed,1.572,0.732
220,AirLeakFlow,NotRemoved,255.849,1223.525
220,AirLeakFlow,Removed,78.665,577.913
220,LOWESSFluidOutput,NotRemoved,1503.982,87.557
220,LOWESSFluidOutput,Removed,1277.331,100.729
220,MeasuredPleuralPressure,NotRemoved,1.283,0.446
220,MeasuredPleuralPressure,Removed,1.448,0.682
221,AirLeakFlow,NotRemoved,259.604,1222.764
221,AirLeakFlow,Removed,33.913,218.102
221,LOWESSFluidOutput,NotRemoved,1507.239,87.946
221,LOWESSFluidOutput,Removed,1281.135,100.381
221,MeasuredPleuralPressure,NotRemoved,1.313,0.363
221,MeasuredPleuralPressure,Removed,1.458,0.646
222,AirLeakFlow,NotRemoved,9.645,8.568
222,AirLeakFlow,Removed,76.238,576.801
222,LOWESSFluidOutput,NotRemoved,1510.295,87.032
222,LOWESSFluidOutput,Removed,1298.188,92.181
222,MeasuredPleuralPressure,NotRemoved,1.374,0.386
222,MeasuredPleuralPressure,Removed,1.379,0.66
223,AirLeakFlow,NotRemoved,180.46,845.196
223,AirLeakFlow,Removed,182.411,990.911
223,LOWESSFluidOutput,NotRemoved,1511.294,87.619
223,LOWESSFluidOutput,Removed,1299.226,94.271
223,MeasuredPleuralPressure,NotRemoved,1.315,0.462
223,MeasuredPleuralPressure,Removed,1.378,0.659
224,AirLeakFlow,NotRemoved,1.36,1.738
224,AirLeakFlow,Removed,74.681,398.383
224,LOWESSFluidOutput,NotRemoved,1515.401,89.767
224,LOWESSFluidOutput,Removed,1303.442,91.692
224,MeasuredPleuralPressure,NotRemoved,1.291,0.338
224,MeasuredPleuralPressure,Removed,1.371,0.66
225,AirLeakFlow,NotRemoved,10.16,11.953
225,AirLeakFlow,Removed,17.205,47.246
225,LOWESSFluidOutput,NotRemoved,1517.505,91.152
225,LOWESSFluidOutput,Removed,1305.437,94.182
225,MeasuredPleuralPressure,NotRemoved,1.258,0.424
225,MeasuredPleuralPressure,Removed,1.365,0.651
226,AirLeakFlow,NotRemoved,13.944,10.627
226,AirLeakFlow,Removed,112.494,708.566
226,LOWESSFluidOutput,NotRemoved,1520.696,90.956
226,LOWESSFluidOutput,Removed,1310.236,92.932
226,MeasuredPleuralPressure,NotRemoved,1.334,0.418
226,MeasuredPleuralPressure,Removed,1.37,0.679
227,AirLeakFlow,NotRemoved,7.409,11.007
227,AirLeakFlow,Removed,4.736,13.6
227,LOWESSFluidOutput,NotRemoved,1524.789,90.883
227,LOWESSFluidOutput,Removed,1311.319,99.287
227,MeasuredPleuralPressure,NotRemoved,1.325,0.448
227,MeasuredPleuralPressure,Removed,1.49,0.678
228,AirLeakFlow,NotRemoved,161.819,775.808
228,AirLeakFlow,Removed,84.065,589.089
228,LOWESSFluidOutput,NotRemoved,1529.198,91.575
228,LOWESSFluidOutput,Removed,1329.189,83.976
228,MeasuredPleuralPressure,NotRemoved,1.268,0.471
228,MeasuredPleuralPressure,Removed,1.564,0.624
229,AirLeakFlow,NotRemoved,2.29,1.575
229,AirLeakFlow,Removed,193.216,995.041
229,LOWESSFluidOutput,NotRemoved,1531.108,90.674
229,LOWESSFluidOutput,Removed,1333.001,86.109
229,MeasuredPleuralPressure,NotRemoved,1.3,0.439
229,MeasuredPleuralPressure,Removed,1.535,0.634
230,AirLeakFlow,NotRemoved,1.041,0.753
230,AirLeakFlow,Removed,176.058,870.257
230,LOWESSFluidOutput,NotRemoved,1534.599,90.128
230,LOWESSFluidOutput,Removed,1337.415,85.819
230,MeasuredPleuralPressure,NotRemoved,1.292,0.415
230,MeasuredPleuralPressure,Removed,1.511,0.646
231,AirLeakFlow,NotRemoved,0.959,0.618
231,AirLeakFlow,Removed,49.578,80.766
231,LOWESSFluidOutput,NotRemoved,1538.551,88.78
231,LOWESSFluidOutput,Removed,1341.25,85.372
231,MeasuredPleuralPressure,NotRemoved,1.337,0.402
231,MeasuredPleuralPressure,Removed,1.565,0.598
232,AirLeakFlow,NotRemoved,247.953,1207.643
232,AirLeakFlow,Removed,281.906,1164.801
232,LOWESSFluidOutput,NotRemoved,1540.315,88.651
232,LOWESSFluidOutput,Removed,1342.349,84.955
232,MeasuredPleuralPressure,NotRemoved,1.29,0.393
232,MeasuredPleuralPressure,Removed,1.537,0.655
233,AirLeakFlow,NotRemoved,29.264,62.404
233,AirLeakFlow,Removed,210.078,1084.707
233,LOWESSFluidOutput,NotRemoved,1543.097,90.114
233,LOWESSFluidOutput,Removed,1346.074,84.99
233,MeasuredPleuralPressure,NotRemoved,1.254,0.42
233,MeasuredPleuralPressure,Removed,1.525,0.643
234,AirLeakFlow,NotRemoved,17.1,46.777
234,AirLeakFlow,Removed,50.709,322.376
234,LOWESSFluidOutput,NotRemoved,1545.346,90.405
234,LOWESSFluidOutput,Removed,1349.426,83.117
234,MeasuredPleuralPressure,NotRemoved,1.286,0.462
234,MeasuredPleuralPressure,Removed,1.514,0.662
235,AirLeakFlow,NotRemoved,1.448,1.129
235,AirLeakFlow,Removed,101.971,774.339
235,LOWESSFluidOutput,NotRemoved,1550.177,87.061
235,LOWESSFluidOutput,Removed,1352.734,85.056
235,MeasuredPleuralPressure,NotRemoved,1.242,0.437
235,MeasuredPleuralPressure,Removed,1.504,0.646
236,AirLeakFlow,NotRemoved,218.687,1034.795
236,AirLeakFlow,Removed,2.585,5.965
236,LOWESSFluidOutput,NotRemoved,1554.728,84.798
236,LOWESSFluidOutput,Removed,1355.004,85.173
236,MeasuredPleuralPressure,NotRemoved,1.307,0.387
236,MeasuredPleuralPressure,Removed,1.523,0.646
237,AirLeakFlow,NotRemoved,5.379,8.111
237,AirLeakFlow,Removed,3.806,9.191
237,LOWESSFluidOutput,NotRemoved,1557.756,86.266
237,LOWESSFluidOutput,Removed,1359.601,86.591
237,MeasuredPleuralPressure,NotRemoved,1.325,0.406
237,MeasuredPleuralPressure,Removed,1.527,0.638
238,AirLeakFlow,NotRemoved,255.646,1223.564
238,AirLeakFlow,Removed,6.939,12.261
238,LOWESSFluidOutput,NotRemoved,1559.795,86.317
238,LOWESSFluidOutput,Removed,1363.466,86.198
238,MeasuredPleuralPressure,NotRemoved,1.298,0.456
238,MeasuredPleuralPressure,Removed,1.539,0.582
239,AirLeakFlow,NotRemoved,14.006,20.251
239,AirLeakFlow,Removed,66.392,387.15
239,LOWESSFluidOutput,NotRemoved,1561.576,85.237
239,LOWESSFluidOutput,Removed,1367.203,85.197
239,MeasuredPleuralPressure,NotRemoved,1.298,0.351
239,MeasuredPleuralPressure,Removed,1.558,0.603
240,AirLeakFlow,NotRemoved,13.614,28.801
240,AirLeakFlow,Removed,151.658,813.819
240,LOWESSFluidOutput,NotRemoved,1566.536,84.961
240,LOWESSFluidOutput,Removed,1368.502,85.299
240,MeasuredPleuralPressure,NotRemoved,1.307,0.4
240,MeasuredPleuralPressure,Removed,1.512,0.608
241,AirLeakFlow,NotRemoved,5.732,11.547
241,AirLeakFlow,Removed,7.624,43.548
241,LOWESSFluidOutput,NotRemoved,1567.972,86.255
241,LOWESSFluidOutput,Removed,1379.979,89.862
241,MeasuredPleuralPressure,NotRemoved,1.279,0.333
241,MeasuredPleuralPressure,Removed,1.507,0.637
242,AirLeakFlow,NotRemoved,7.824,11.815
242,AirLeakFlow,Removed,116.439,815.837
242,LOWESSFluidOutput,NotRemoved,1569.983,85.706
242,LOWESSFluidOutput,Removed,1383.309,87.567
242,MeasuredPleuralPressure,NotRemoved,1.365,0.47
242,MeasuredPleuralPressure,Removed,1.525,0.686
243,AirLeakFlow,NotRemoved,3.41,3.106
243,AirLeakFlow,Removed,115.452,815.952
243,LOWESSFluidOutput,NotRemoved,1572.515,84.617
243,LOWESSFluidOutput,Removed,1386.198,87.961
243,MeasuredPleuralPressure,NotRemoved,1.291,0.52
243,MeasuredPleuralPressure,Removed,1.573,0.68
244,AirLeakFlow,NotRemoved,20.576,35.818
244,AirLeakFlow,Removed,1.593,1.607
244,LOWESSFluidOutput,NotRemoved,1576.702,84.538
244,LOWESSFluidOutput,Removed,1389.43,89.666
244,MeasuredPleuralPressure,NotRemoved,1.241,0.413
244,MeasuredPleuralPressure,Removed,1.545,0.682
245,AirLeakFlow,NotRemoved,5.07,14.918
245,AirLeakFlow,Removed,12.092,27.542
245,LOWESSFluidOutput,NotRemoved,1580.522,85.168
245,LOWESSFluidOutput,Removed,1392.648,88.628
245,MeasuredPleuralPressure,NotRemoved,1.249,0.356
245,MeasuredPleuralPressure,Removed,1.56,0.693
246,AirLeakFlow,NotRemoved,1.67,1.241
246,AirLeakFlow,Removed,115.62,815.909
246,LOWESSFluidOutput,NotRemoved,1581.51,86.094
246,LOWESSFluidOutput,Removed,1394.562,87.587
246,MeasuredPleuralPressure,NotRemoved,1.335,0.346
246,MeasuredPleuralPressure,Removed,1.575,0.666
247,AirLeakFlow,NotRemoved,3.542,7.208
247,AirLeakFlow,Removed,14.566,64.328
247,LOWESSFluidOutput,NotRemoved,1587.909,86.646
247,LOWESSFluidOutput,Removed,1412.337,85.539
247,MeasuredPleuralPressure,NotRemoved,1.257,0.402
247,MeasuredPleuralPressure,Removed,1.585,0.717
248,AirLeakFlow,NotRemoved,10.142,13.581
248,AirLeakFlow,Removed,128.881,865.483
248,LOWESSFluidOutput,NotRemoved,1589.748,86.269
248,LOWESSFluidOutput,Removed,1414.965,83.902
248,MeasuredPleuralPressure,NotRemoved,1.295,0.416
248,MeasuredPleuralPressure,Removed,1.587,0.694
249,AirLeakFlow,NotRemoved,29.835,44.123
249,AirLeakFlow,Removed,27.19,53.542
249,LOWESSFluidOutput,NotRemoved,1592.785,86.935
249,LOWESSFluidOutput,Removed,1420.253,85.119
249,MeasuredPleuralPressure,NotRemoved,1.317,0.42
249,MeasuredPleuralPressure,Removed,1.624,0.728
250,AirLeakFlow,NotRemoved,1.406,0.874
250,AirLeakFlow,Removed,155.558,863.745
250,LOWESSFluidOutput,NotRemoved,1597.084,85.931
250,LOWESSFluidOutput,Removed,1422.735,85.47
250,MeasuredPleuralPressure,NotRemoved,1.328,0.376
250,MeasuredPleuralPressure,Removed,1.574,0.73
251,AirLeakFlow,NotRemoved,252.167,1224.284
251,AirLeakFlow,Removed,22.62,55.242
251,LOWESSFluidOutput,NotRemoved,1600.147,84.941
251,LOWESSFluidOutput,Removed,1425.331,84.888
251,MeasuredPleuralPressure,NotRemoved,1.294,0.323
251,MeasuredPleuralPressure,Removed,1.64,0.725
252,AirLeakFlow,NotRemoved,367.806,1325.103
252,AirLeakFlow,Removed,391.094,1464.052
252,LOWESSFluidOutput,NotRemoved,1600.444,87.09
252,LOWESSFluidOutput,Removed,1425.283,86.105
252,MeasuredPleuralPressure,NotRemoved,1.33,0.392
252,MeasuredPleuralPressure,Removed,1.595,0.754
253,AirLeakFlow,NotRemoved,254.239,1223.86
253,AirLeakFlow,Removed,131.067,865.184
253,LOWESSFluidOutput,NotRemoved,1609.572,84.532
253,LOWESSFluidOutput,Removed,1429.114,83.564
253,MeasuredPleuralPressure,NotRemoved,1.316,0.353
253,MeasuredPleuralPressure,Removed,1.57,0.699
254,AirLeakFlow,NotRemoved,12.016,15.915
254,AirLeakFlow,Removed,68.182,417.06
254,LOWESSFluidOutput,NotRemoved,1610.591,85.256
254,LOWESSFluidOutput,Removed,1434.433,85.842
254,MeasuredPleuralPressure,NotRemoved,1.336,0.429
254,MeasuredPleuralPressure,Removed,1.586,0.686
255,AirLeakFlow,NotRemoved,23.569,24.591
255,AirLeakFlow,Removed,124.241,824.054
255,LOWESSFluidOutput,NotRemoved,1613.388,83.098
255,LOWESSFluidOutput,Removed,1436.428,85.882
255,MeasuredPleuralPressure,NotRemoved,1.362,0.438
255,MeasuredPleuralPressure,Removed,1.613,0.706
256,AirLeakFlow,NotRemoved,11.708,16.169
256,AirLeakFlow,Removed,4.864,10.78
256,LOWESSFluidOutput,NotRemoved,1616.208,85.194
256,LOWESSFluidOutput,Removed,1439.277,86.854
256,MeasuredPleuralPressure,NotRemoved,1.369,0.375
256,MeasuredPleuralPressure,Removed,1.588,0.733
257,AirLeakFlow,NotRemoved,251.09,1224.513
257,AirLeakFlow,Removed,26.291,67.16
257,LOWESSFluidOutput,NotRemoved,1622.099,85.51
257,LOWESSFluidOutput,Removed,1443.132,88.001
257,MeasuredPleuralPressure,NotRemoved,1.327,0.325
257,MeasuredPleuralPressure,Removed,1.552,0.842
258,AirLeakFlow,NotRemoved,249.297,1209.919
258,AirLeakFlow,Removed,132.95,865.35
258,LOWESSFluidOutput,NotRemoved,1625.62,84.921
258,LOWESSFluidOutput,Removed,1444.908,89.759
258,MeasuredPleuralPressure,NotRemoved,1.432,0.389
258,MeasuredPleuralPressure,Removed,1.591,0.745
259,AirLeakFlow,NotRemoved,23.188,69.732
259,AirLeakFlow,Removed,1.787,1.58
259,LOWESSFluidOutput,NotRemoved,1627.204,85.561
259,LOWESSFluidOutput,Removed,1449.617,88.119
259,MeasuredPleuralPressure,NotRemoved,1.379,0.43
259,MeasuredPleuralPressure,Removed,1.612,0.694
260,AirLeakFlow,NotRemoved,278.219,1221.208
260,AirLeakFlow,Removed,1.811,1.657
260,LOWESSFluidOutput,NotRemoved,1630.608,84.213
260,LOWESSFluidOutput,Removed,1454.559,87.756
260,MeasuredPleuralPressure,NotRemoved,1.432,0.392
260,MeasuredPleuralPressure,Removed,1.618,0.734
261,AirLeakFlow,NotRemoved,2.745,1.61
261,AirLeakFlow,Removed,251.349,1211.362
261,LOWESSFluidOutput,NotRemoved,1631.067,84.749
261,LOWESSFluidOutput,Removed,1457.91,87.238
261,MeasuredPleuralPressure,NotRemoved,1.352,0.443
261,MeasuredPleuralPressure,Removed,1.6,0.744
262,AirLeakFlow,NotRemoved,2.589,2.612
262,AirLeakFlow,Removed,2.653,6.699
262,LOWESSFluidOutput,NotRemoved,1634.884,83.434
262,LOWESSFluidOutput,Removed,1457.852,89.472
262,MeasuredPleuralPressure,NotRemoved,1.39,0.351
262,MeasuredPleuralPressure,Removed,1.648,0.706
263,AirLeakFlow,NotRemoved,2.096,1.387
263,AirLeakFlow,Removed,10.121,16.562
263,LOWESSFluidOutput,NotRemoved,1639.125,82.548
263,LOWESSFluidOutput,Removed,1463.461,88.92
263,MeasuredPleuralPressure,NotRemoved,1.31,0.412
263,MeasuredPleuralPressure,Removed,1.575,0.744
264,AirLeakFlow,NotRemoved,6.787,10.565
264,AirLeakFlow,Removed,54.377,313.742
264,LOWESSFluidOutput,NotRemoved,1642.847,82.29
264,LOWESSFluidOutput,Removed,1466.015,88.828
264,MeasuredPleuralPressure,NotRemoved,1.298,0.356
264,MeasuredPleuralPressure,Removed,1.582,0.736
265,AirLeakFlow,NotRemoved,9.324,9.911
265,AirLeakFlow,Removed,70.77,465.011
265,LOWESSFluidOutput,NotRemoved,1646.154,82.989
265,LOWESSFluidOutput,Removed,1469.398,86.419
265,MeasuredPleuralPressure,NotRemoved,1.32,0.403
265,MeasuredPleuralPressure,Removed,1.65,0.804
266,AirLeakFlow,NotRemoved,254.176,1223.867
266,AirLeakFlow,Removed,1.803,1.312
266,LOWESSFluidOutput,NotRemoved,1648.395,81.443
266,LOWESSFluidOutput,Removed,1472.55,88.865
266,MeasuredPleuralPressure,NotRemoved,1.308,0.417
266,MeasuredPleuralPressure,Removed,1.596,0.821
267,AirLeakFlow,NotRemoved,255.279,1223.663
267,AirLeakFlow,Removed,1.153,1.108
267,LOWESSFluidOutput,NotRemoved,1653.934,82.738
267,LOWESSFluidOutput,Removed,1499.758,66.689
267,MeasuredPleuralPressure,NotRemoved,1.379,0.381
267,MeasuredPleuralPressure,Removed,1.527,0.764
268,AirLeakFlow,NotRemoved,7.606,13.635
268,AirLeakFlow,Removed,6.644,12.078
268,LOWESSFluidOutput,NotRemoved,1656.429,81.694
268,LOWESSFluidOutput,Removed,1503.387,68.521
268,MeasuredPleuralPressure,NotRemoved,1.378,0.337
268,MeasuredPleuralPressure,Removed,1.472,0.751
269,AirLeakFlow,NotRemoved,4.669,9.034
269,AirLeakFlow,Removed,149.808,924.904
269,LOWESSFluidOutput,NotRemoved,1658.664,81.601
269,LOWESSFluidOutput,Removed,1505.219,69.634
269,MeasuredPleuralPressure,NotRemoved,1.314,0.328
269,MeasuredPleuralPressure,Removed,1.485,0.746
270,AirLeakFlow,NotRemoved,261.381,1222.559
270,AirLeakFlow,Removed,12.929,28.906
270,LOWESSFluidOutput,NotRemoved,1661.92,82.337
270,LOWESSFluidOutput,Removed,1508.406,70.76
270,MeasuredPleuralPressure,NotRemoved,1.3,0.344
270,MeasuredPleuralPressure,Removed,1.516,0.746
271,AirLeakFlow,NotRemoved,19.512,43.124
271,AirLeakFlow,Removed,7.496,14.079
271,LOWESSFluidOutput,NotRemoved,1663.974,85.385
271,LOWESSFluidOutput,Removed,1510.151,71.315
271,MeasuredPleuralPressure,NotRemoved,1.323,0.348
271,MeasuredPleuralPressure,Removed,1.499,0.744
272,AirLeakFlow,NotRemoved,11.958,17.638
272,AirLeakFlow,Removed,10.297,14.772
272,LOWESSFluidOutput,NotRemoved,1668.712,85.351
272,LOWESSFluidOutput,Removed,1514.332,70.303
272,MeasuredPleuralPressure,NotRemoved,1.373,0.266
272,MeasuredPleuralPressure,Removed,1.518,0.744
273,AirLeakFlow,NotRemoved,5.609,8.519
273,AirLeakFlow,Removed,5.423,6.795
273,LOWESSFluidOutput,NotRemoved,1673.364,85.878
273,LOWESSFluidOutput,Removed,1518.215,72.039
273,MeasuredPleuralPressure,NotRemoved,1.422,0.397
273,MeasuredPleuralPressure,Removed,1.44,0.759
274,AirLeakFlow,NotRemoved,7.674,15.697
274,AirLeakFlow,Removed,8.842,14.944
274,LOWESSFluidOutput,NotRemoved,1676.773,86.257
274,LOWESSFluidOutput,Removed,1520.37,72.776
274,MeasuredPleuralPressure,NotRemoved,1.417,0.281
274,MeasuredPleuralPressure,Removed,1.503,0.711
275,AirLeakFlow,NotRemoved,8.702,13.959
275,AirLeakFlow,Removed,152.229,924.67
275,LOWESSFluidOutput,NotRemoved,1675.99,84.805
275,LOWESSFluidOutput,Removed,1525.013,72.537
275,MeasuredPleuralPressure,NotRemoved,1.395,0.305
275,MeasuredPleuralPressure,Removed,1.475,0.676
276,AirLeakFlow,NotRemoved,15.973,29.39
276,AirLeakFlow,Removed,126.342,803.227
276,LOWESSFluidOutput,NotRemoved,1681.966,89.37
276,LOWESSFluidOutput,Removed,1526.103,72.326
276,MeasuredPleuralPressure,NotRemoved,1.332,0.397
276,MeasuredPleuralPressure,Removed,1.501,0.752
277,AirLeakFlow,NotRemoved,25.227,43.978
277,AirLeakFlow,Removed,3.229,7.506
277,LOWESSFluidOutput,NotRemoved,1682.346,89.676
277,LOWESSFluidOutput,Removed,1532.347,72.748
277,MeasuredPleuralPressure,NotRemoved,1.382,0.362
277,MeasuredPleuralPressure,Removed,1.558,0.77
278,AirLeakFlow,NotRemoved,4.324,6.678
278,AirLeakFlow,Removed,292.696,1291.714
278,LOWESSFluidOutput,NotRemoved,1685.115,91.333
278,LOWESSFluidOutput,Removed,1534.076,75.017
278,MeasuredPleuralPressure,NotRemoved,1.252,0.287
278,MeasuredPleuralPressure,Removed,1.52,0.802
279,AirLeakFlow,NotRemoved,3.321,4.329
279,AirLeakFlow,Removed,7.982,11.969
279,LOWESSFluidOutput,NotRemoved,1690.024,90.607
279,LOWESSFluidOutput,Removed,1538.308,72.253
279,MeasuredPleuralPressure,NotRemoved,1.241,0.386
279,MeasuredPleuralPressure,Removed,1.491,0.709
280,AirLeakFlow,NotRemoved,21.699,39.099
280,AirLeakFlow,Removed,71.045,295.074
280,LOWESSFluidOutput,NotRemoved,1692.368,90.935
280,LOWESSFluidOutput,Removed,1541.871,70.618
280,MeasuredPleuralPressure,NotRemoved,1.251,0.355
280,MeasuredPleuralPressure,Removed,1.518,0.728
281,AirLeakFlow,NotRemoved,261.431,1222.832
281,AirLeakFlow,Removed,7.047,11.3
281,LOWESSFluidOutput,NotRemoved,1694.375,90.177
281,LOWESSFluidOutput,Removed,1545.133,72.641
281,MeasuredPleuralPressure,NotRemoved,1.295,0.351
281,MeasuredPleuralPressure,Removed,1.47,0.732
282,AirLeakFlow,NotRemoved,2.174,1.839
282,AirLeakFlow,Removed,8.235,12.135
282,LOWESSFluidOutput,NotRemoved,1698.859,90.561
282,LOWESSFluidOutput,Removed,1548.139,72.377
282,MeasuredPleuralPressure,NotRemoved,1.302,0.481
282,MeasuredPleuralPressure,Removed,1.451,0.791
283,AirLeakFlow,NotRemoved,6.788,9.706
283,AirLeakFlow,Removed,30.26,51.004
283,LOWESSFluidOutput,NotRemoved,1701.677,91.48
283,LOWESSFluidOutput,Removed,1551.478,72.057
283,MeasuredPleuralPressure,NotRemoved,1.241,0.408
283,MeasuredPleuralPressure,Removed,1.458,0.782
284,AirLeakFlow,NotRemoved,4.256,8.404
284,AirLeakFlow,Removed,187.396,932.692
284,LOWESSFluidOutput,NotRemoved,1702.718,89.551
284,LOWESSFluidOutput,Removed,1554.246,72.893
284,MeasuredPleuralPressure,NotRemoved,1.271,0.359
284,MeasuredPleuralPressure,Removed,1.483,0.713
285,AirLeakFlow,NotRemoved,266.799,1222.334
285,AirLeakFlow,Removed,8.313,11.692
285,LOWESSFluidOutput,NotRemoved,1708.598,90.023
285,LOWESSFluidOutput,Removed,1557.969,73.605
285,MeasuredPleuralPressure,NotRemoved,1.242,0.369
285,MeasuredPleuralPressure,Removed,1.477,0.721
286,AirLeakFlow,NotRemoved,39.801,78.138
286,AirLeakFlow,Removed,5.748,7.173
286,LOWESSFluidOutput,NotRemoved,1711.063,90.616
286,LOWESSFluidOutput,Removed,1572.11,72.37
286,MeasuredPleuralPressure,NotRemoved,1.29,0.406
286,MeasuredPleuralPressure,Removed,1.542,0.76
287,AirLeakFlow,NotRemoved,21.652,42.359
287,AirLeakFlow,Removed,9.597,12.702
287,LOWESSFluidOutput,NotRemoved,1715.867,88.417
287,LOWESSFluidOutput,Removed,1576.501,70.098
287,MeasuredPleuralPressure,NotRemoved,1.248,0.383
287,MeasuredPleuralPressure,Removed,1.52,0.881
288,AirLeakFlow,NotRemoved,274.489,1220.185
288,AirLeakFlow,Removed,172.775,999.02
288,LOWESSFluidOutput,NotRemoved,1720.179,89.521
288,LOWESSFluidOutput,Removed,1579.326,73.864
288,MeasuredPleuralPressure,NotRemoved,1.392,0.421
288,MeasuredPleuralPressure,Removed,1.582,0.79
289,AirLeakFlow,NotRemoved,5.08,12.217
289,AirLeakFlow,Removed,4.575,5.523
289,LOWESSFluidOutput,NotRemoved,1721.846,90.357
289,LOWESSFluidOutput,Removed,1582.944,73.89
289,MeasuredPleuralPressure,NotRemoved,1.3,0.427
289,MeasuredPleuralPressure,Removed,1.554,0.8
290,AirLeakFlow,NotRemoved,1.28,2.392
290,AirLeakFlow,Removed,5.858,9.671
290,LOWESSFluidOutput,NotRemoved,1725.939,90.052
290,LOWESSFluidOutput,Removed,1586.099,72.084
290,MeasuredPleuralPressure,NotRemoved,1.247,0.394
290,MeasuredPleuralPressure,Removed,1.527,0.761
291,AirLeakFlow,NotRemoved,4.325,4.522
291,AirLeakFlow,Removed,335.647,1393.298
291,LOWESSFluidOutput,NotRemoved,1726.881,91.59
291,LOWESSFluidOutput,Removed,1590.531,71.124
291,MeasuredPleuralPressure,NotRemoved,1.271,0.459
291,MeasuredPleuralPressure,Removed,1.587,0.764
292,AirLeakFlow,NotRemoved,5.119,4.336
292,AirLeakFlow,Removed,3.57,7.631
292,LOWESSFluidOutput,NotRemoved,1730.323,94.328
292,LOWESSFluidOutput,Removed,1594.084,69.85
292,MeasuredPleuralPressure,NotRemoved,1.302,0.408
292,MeasuredPleuralPressure,Removed,1.572,0.775
293,AirLeakFlow,NotRemoved,280.39,1219.905
293,AirLeakFlow,Removed,15.28,33.52
293,LOWESSFluidOutput,NotRemoved,1736.706,93.167
293,LOWESSFluidOutput,Removed,1596.52,71.175
293,MeasuredPleuralPressure,NotRemoved,1.293,0.428
293,MeasuredPleuralPressure,Removed,1.567,0.779
294,AirLeakFlow,NotRemoved,295.729,1217.733
294,AirLeakFlow,Removed,13.376,38.474
294,LOWESSFluidOutput,NotRemoved,1742.028,92.079
294,LOWESSFluidOutput,Removed,1599.394,71.243
294,MeasuredPleuralPressure,NotRemoved,1.263,0.432
294,MeasuredPleuralPressure,Removed,1.612,0.826
295,AirLeakFlow,NotRemoved,17.506,41.094
295,AirLeakFlow,Removed,176.361,998.419
295,LOWESSFluidOutput,NotRemoved,1745.534,92.375
295,LOWESSFluidOutput,Removed,1603.993,70.318
295,MeasuredPleuralPressure,NotRemoved,1.337,0.394
295,MeasuredPleuralPressure,Removed,1.606,0.766
296,AirLeakFlow,NotRemoved,252.382,1224.238
296,AirLeakFlow,Removed,201.967,1095.074
296,LOWESSFluidOutput,NotRemoved,1748.085,91.761
296,LOWESSFluidOutput,Removed,1627.182,58.227
296,MeasuredPleuralPressure,NotRemoved,1.334,0.419
296,MeasuredPleuralPressure,Removed,1.476,0.808
297,AirLeakFlow,NotRemoved,7.585,13.702
297,AirLeakFlow,Removed,3.087,6.734
297,LOWESSFluidOutput,NotRemoved,1751.195,92.767
297,LOWESSFluidOutput,Removed,1627.868,60.258
297,MeasuredPleuralPressure,NotRemoved,1.268,0.467
297,MeasuredPleuralPressure,Removed,1.448,0.826
298,AirLeakFlow,NotRemoved,275.714,1220.373
298,AirLeakFlow,Removed,6.566,13.833
298,LOWESSFluidOutput,NotRemoved,1754.366,91.726
298,LOWESSFluidOutput,Removed,1632.106,59.406
298,MeasuredPleuralPressure,NotRemoved,1.329,0.43
298,MeasuredPleuralPressure,Removed,1.461,0.834
299,AirLeakFlow,NotRemoved,19.511,36.947
299,AirLeakFlow,Removed,2.81,4.092
299,LOWESSFluidOutput,NotRemoved,1755.162,89.854
299,LOWESSFluidOutput,Removed,1634.859,59.749
299,MeasuredPleuralPressure,NotRemoved,1.279,0.369
299,MeasuredPleuralPressure,Removed,1.382,0.78
300,AirLeakFlow,NotRemoved,449.662,1527.464
300,AirLeakFlow,Removed,6.674,12.238
300,LOWESSFluidOutput,NotRemoved,1761.808,93.618
300,LOWESSFluidOutput,Removed,1637.549,58.606
300,MeasuredPleuralPressure,NotRemoved,1.312,0.398
300,MeasuredPleuralPressure,Removed,1.458,0.812
301,AirLeakFlow,NotRemoved,2.063,1.196
301,AirLeakFlow,Removed,11.134,14.493
301,LOWESSFluidOutput,NotRemoved,1763.528,91.078
301,LOWESSFluidOutput,Removed,1641.345,57.651
301,MeasuredPleuralPressure,NotRemoved,1.365,0.444
301,MeasuredPleuralPressure,Removed,1.461,0.785
302,AirLeakFlow,NotRemoved,251.889,1224.343
302,AirLeakFlow,Removed,10.556,9.193
302,LOWESSFluidOutput,NotRemoved,1766.947,92.3
302,LOWESSFluidOutput,Removed,1643.071,56.332
302,MeasuredPleuralPressure,NotRemoved,1.353,0.367
302,MeasuredPleuralPressure,Removed,1.479,0.711
303,AirLeakFlow,NotRemoved,9.182,13.787
303,AirLeakFlow,Removed,7.636,10.959
303,LOWESSFluidOutput,NotRemoved,1769.981,90.889
303,LOWESSFluidOutput,Removed,1646.242,57.325
303,MeasuredPleuralPressure,NotRemoved,1.342,0.386
303,MeasuredPleuralPressure,Removed,1.402,0.692
304,AirLeakFlow,NotRemoved,6.321,10.952
304,AirLeakFlow,Removed,8.026,11.346
304,LOWESSFluidOutput,NotRemoved,1774.341,94.103
304,LOWESSFluidOutput,Removed,1647.968,60.569
304,MeasuredPleuralPressure,NotRemoved,1.296,0.418
304,MeasuredPleuralPressure,Removed,1.439,0.766
305,AirLeakFlow,NotRemoved,4.241,9.249
305,AirLeakFlow,Removed,4.813,7.638
305,LOWESSFluidOutput,NotRemoved,1778.707,91.187
305,LOWESSFluidOutput,Removed,1653.089,60.985
305,MeasuredPleuralPressure,NotRemoved,1.352,0.48
305,MeasuredPleuralPressure,Removed,1.468,0.713
306,AirLeakFlow,NotRemoved,1.582,1.043
306,AirLeakFlow,Removed,27.93,79.946
306,LOWESSFluidOutput,NotRemoved,1781.017,91.102
306,LOWESSFluidOutput,Removed,1653.777,61.419
306,MeasuredPleuralPressure,NotRemoved,1.378,0.418
306,MeasuredPleuralPressure,Removed,1.438,0.784
307,AirLeakFlow,NotRemoved,1.692,1.519
307,AirLeakFlow,Removed,52.999,87.587
307,LOWESSFluidOutput,NotRemoved,1786.374,90.261
307,LOWESSFluidOutput,Removed,1659.078,60.646
307,MeasuredPleuralPressure,NotRemoved,1.301,0.508
307,MeasuredPleuralPressure,Removed,1.436,0.736
308,AirLeakFlow,NotRemoved,5.03,7.829
308,AirLeakFlow,Removed,51.018,122.693
308,LOWESSFluidOutput,NotRemoved,1788.676,88.134
308,LOWESSFluidOutput,Removed,1661.137,59.498
308,MeasuredPleuralPressure,NotRemoved,1.317,0.459
308,MeasuredPleuralPressure,Removed,1.446,0.735
309,AirLeakFlow,NotRemoved,15.351,33.155
309,AirLeakFlow,Removed,195.306,1058.314
309,LOWESSFluidOutput,NotRemoved,1791.614,88.233
309,LOWESSFluidOutput,Removed,1666.793,59.142
309,MeasuredPleuralPressure,NotRemoved,1.292,0.442
309,MeasuredPleuralPressure,Removed,1.452,0.722
310,AirLeakFlow,NotRemoved,9.001,18.562
310,AirLeakFlow,Removed,2.493,3.874
310,LOWESSFluidOutput,NotRemoved,1795.198,91.374
310,LOWESSFluidOutput,Removed,1667.825,61.451
310,MeasuredPleuralPressure,NotRemoved,1.257,0.493
310,MeasuredPleuralPressure,Removed,1.492,0.759
311,AirLeakFlow,NotRemoved,259.99,1222.873
311,AirLeakFlow,Removed,4.104,5.246
311,LOWESSFluidOutput,NotRemoved,1795.038,90.413
311,LOWESSFluidOutput,Removed,1669.652,66.67
311,MeasuredPleuralPressure,NotRemoved,1.376,0.411
311,MeasuredPleuralPressure,Removed,1.7,0.763
312,AirLeakFlow,NotRemoved,33.416,59.625
312,AirLeakFlow,Removed,4.001,6.052
312,LOWESSFluidOutput,NotRemoved,1801.691,89.163
312,LOWESSFluidOutput,Removed,1670.72,69.126
312,MeasuredPleuralPressure,NotRemoved,1.402,0.45
312,MeasuredPleuralPressure,Removed,1.597,0.721
313,AirLeakFlow,NotRemoved,15.171,42.753
313,AirLeakFlow,Removed,251.416,1224.444
313,LOWESSFluidOutput,NotRemoved,1802.838,88.074
313,LOWESSFluidOutput,Removed,1674.078,70.853
313,MeasuredPleuralPressure,NotRemoved,1.377,0.356
313,MeasuredPleuralPressure,Removed,1.68,0.761
314,AirLeakFlow,NotRemoved,2.559,3.119
314,AirLeakFlow,Removed,251.167,1224.497
314,LOWESSFluidOutput,NotRemoved,1805.965,87.926
314,LOWESSFluidOutput,Removed,1679.327,69.845
314,MeasuredPleuralPressure,NotRemoved,1.325,0.43
314,MeasuredPleuralPressure,Removed,1.569,0.737
315,AirLeakFlow,NotRemoved,15.354,41.382
315,AirLeakFlow,Removed,1.276,0.745
315,LOWESSFluidOutput,NotRemoved,1813.143,87.878
315,LOWESSFluidOutput,Removed,1681.307,70.995
315,MeasuredPleuralPressure,NotRemoved,1.351,0.518
315,MeasuredPleuralPressure,Removed,1.59,0.738
316,AirLeakFlow,NotRemoved,24.094,47.438
316,AirLeakFlow,Removed,37.976,83.921
316,LOWESSFluidOutput,NotRemoved,1817.23,88.727
316,LOWESSFluidOutput,Removed,1683.424,74.118
316,MeasuredPleuralPressure,NotRemoved,1.361,0.426
316,MeasuredPleuralPressure,Removed,1.592,0.662
317,AirLeakFlow,NotRemoved,11.413,12.817
317,AirLeakFlow,Removed,225.024,847.478
317,LOWESSFluidOutput,NotRemoved,1821.33,88.339
317,LOWESSFluidOutput,Removed,1690.174,72.153
317,MeasuredPleuralPressure,NotRemoved,1.419,0.422
317,MeasuredPleuralPressure,Removed,1.539,0.715
318,AirLeakFlow,NotRemoved,3.511,9.257
318,AirLeakFlow,Removed,1.264,0.909
318,LOWESSFluidOutput,NotRemoved,1824.501,91.117
318,LOWESSFluidOutput,Removed,1691.27,75.37
318,MeasuredPleuralPressure,NotRemoved,1.327,0.345
318,MeasuredPleuralPressure,Removed,1.674,0.73
319,AirLeakFlow,NotRemoved,1.382,1.589
319,AirLeakFlow,Removed,257.829,1223.135
319,LOWESSFluidOutput,NotRemoved,1826.55,90.539
319,LOWESSFluidOutput,Removed,1694.065,74.823
319,MeasuredPleuralPressure,NotRemoved,1.308,0.51
319,MeasuredPleuralPressure,Removed,1.653,0.775
320,AirLeakFlow,NotRemoved,2.158,1.329
320,AirLeakFlow,Removed,254.246,1223.851
320,LOWESSFluidOutput,NotRemoved,1828.666,93.264
320,LOWESSFluidOutput,Removed,1699.185,73.124
320,MeasuredPleuralPressure,NotRemoved,1.414,0.397
320,MeasuredPleuralPressure,Removed,1.688,0.728
321,AirLeakFlow,NotRemoved,140.919,684.281
321,AirLeakFlow,Removed,1.698,1.1
321,LOWESSFluidOutput,NotRemoved,1834.973,87.661
321,LOWESSFluidOutput,Removed,1701.89,69.527
321,MeasuredPleuralPressure,NotRemoved,1.342,0.444
321,MeasuredPleuralPressure,Removed,1.608,0.737
322,AirLeakFlow,NotRemoved,1.104,0.949
322,AirLeakFlow,Removed,1.508,0.93
322,LOWESSFluidOutput,NotRemoved,1837.982,87.325
322,LOWESSFluidOutput,Removed,1708.224,73.25
322,MeasuredPleuralPressure,NotRemoved,1.376,0.414
322,MeasuredPleuralPressure,Removed,1.682,0.738
323,AirLeakFlow,NotRemoved,286.829,1219.38
323,AirLeakFlow,Removed,25.478,56.943
323,LOWESSFluidOutput,NotRemoved,1840.102,90.84
323,LOWESSFluidOutput,Removed,1712.316,72.813
323,MeasuredPleuralPressure,NotRemoved,1.305,0.388
323,MeasuredPleuralPressure,Removed,1.61,0.726
324,AirLeakFlow,NotRemoved,39.978,75.466
324,AirLeakFlow,Removed,293.189,1217.384
324,LOWESSFluidOutput,NotRemoved,1844.83,89.47
324,LOWESSFluidOutput,Removed,1712.55,76.856
324,MeasuredPleuralPressure,NotRemoved,1.304,0.435
324,MeasuredPleuralPressure,Removed,1.662,0.652
325,AirLeakFlow,NotRemoved,6.685,22.202
325,AirLeakFlow,Removed,26.086,50.969
325,LOWESSFluidOutput,NotRemoved,1846.958,89.178
325,LOWESSFluidOutput,Removed,1719.592,75.371
325,MeasuredPleuralPressure,NotRemoved,1.258,0.452
325,MeasuredPleuralPressure,Removed,1.632,0.746
326,AirLeakFlow,NotRemoved,252.717,1224.168
326,AirLeakFlow,Removed,258.278,1223.048
326,LOWESSFluidOutput,NotRemoved,1850.205,88.662
326,LOWESSFluidOutput,Removed,1722.856,77.223
326,MeasuredPleuralPressure,NotRemoved,1.328,0.425
326,MeasuredPleuralPressure,Removed,1.621,0.741
327,AirLeakFlow,NotRemoved,2.736,3.203
327,AirLeakFlow,Removed,5.467,7.732
327,LOWESSFluidOutput,NotRemoved,1856.471,88.733
327,LOWESSFluidOutput,Removed,1726.62,79.369
327,MeasuredPleuralPressure,NotRemoved,1.352,0.407
327,MeasuredPleuralPressure,Removed,1.644,0.75
328,AirLeakFlow,NotRemoved,7.299,32.861
328,AirLeakFlow,Removed,1.851,1.425
328,LOWESSFluidOutput,NotRemoved,1859.683,88.532
328,LOWESSFluidOutput,Removed,1732.608,78.344
328,MeasuredPleuralPressure,NotRemoved,1.26,0.382
328,MeasuredPleuralPressure,Removed,1.709,0.769
329,AirLeakFlow,NotRemoved,52.389,84.05
329,AirLeakFlow,Removed,269.035,1223.506
329,LOWESSFluidOutput,NotRemoved,1864.307,87.315
329,LOWESSFluidOutput,Removed,1737.259,77.53
329,MeasuredPleuralPressure,NotRemoved,1.303,0.397
329,MeasuredPleuralPressure,Removed,1.743,0.796
330,AirLeakFlow,NotRemoved,60.344,79.388
330,AirLeakFlow,Removed,501.412,1693.545
330,LOWESSFluidOutput,NotRemoved,1866.108,90.466
330,LOWESSFluidOutput,Removed,1739.302,79.219
330,MeasuredPleuralPressure,NotRemoved,1.35,0.473
330,MeasuredPleuralPressure,Removed,1.757,0.731
331,AirLeakFlow,NotRemoved,10.069,9.33
331,AirLeakFlow,Removed,0.973,0.992
331,LOWESSFluidOutput,NotRemoved,1867.644,90.179
331,LOWESSFluidOutput,Removed,1740.907,79.942
331,MeasuredPleuralPressure,NotRemoved,1.332,0.423
331,MeasuredPleuralPressure,Removed,1.726,0.732
332,AirLeakFlow,NotRemoved,258.346,1222.996
332,AirLeakFlow,Removed,8.651,15.158
332,LOWESSFluidOutput,NotRemoved,1874.163,88.933
332,LOWESSFluidOutput,Removed,1744.669,77.746
332,MeasuredPleuralPressure,NotRemoved,1.269,0.473
332,MeasuredPleuralPressure,Removed,1.667,0.783
333,AirLeakFlow,NotRemoved,4.286,7.505
333,AirLeakFlow,Removed,5.209,8.478
333,LOWESSFluidOutput,NotRemoved,1876.933,89.028
333,LOWESSFluidOutput,Removed,1746.972,82.041
333,MeasuredPleuralPressure,NotRemoved,1.259,0.515
333,MeasuredPleuralPressure,Removed,1.577,0.669
334,AirLeakFlow,NotRemoved,1.839,1.618
334,AirLeakFlow,Removed,1.772,1.725
334,LOWESSFluidOutput,NotRemoved,1880.905,87.641
334,LOWESSFluidOutput,Removed,1754.174,79.741
334,MeasuredPleuralPressure,NotRemoved,1.254,0.446
334,MeasuredPleuralPressure,Removed,1.595,0.775
335,AirLeakFlow,NotRemoved,1.881,1.237
335,AirLeakFlow,Removed,3.15,3.872
335,LOWESSFluidOutput,NotRemoved,1883.087,85.615
335,LOWESSFluidOutput,Removed,1755.312,78.166
335,MeasuredPleuralPressure,NotRemoved,1.336,0.434
335,MeasuredPleuralPressure,Removed,1.6,0.71
336,AirLeakFlow,NotRemoved,143.148,688.476
336,AirLeakFlow,Removed,2.144,1.618
336,LOWESSFluidOutput,NotRemoved,1886.887,87.235
336,LOWESSFluidOutput,Removed,1759.795,78.198
336,MeasuredPleuralPressure,NotRemoved,1.263,0.459
336,MeasuredPleuralPressure,Removed,1.563,0.761
337,AirLeakFlow,NotRemoved,16.253,44.252
337,AirLeakFlow,Removed,504.1,1692.732
337,LOWESSFluidOutput,NotRemoved,1891.45,86.347
337,LOWESSFluidOutput,Removed,1763.952,78.828
337,MeasuredPleuralPressure,NotRemoved,1.244,0.435
337,MeasuredPleuralPressure,Removed,1.626,0.769
338,AirLeakFlow,NotRemoved,262.657,1222.448
338,AirLeakFlow,Removed,5.117,10.752
338,LOWESSFluidOutput,NotRemoved,1893.992,85.661
338,LOWESSFluidOutput,Removed,1765.752,79.37
338,MeasuredPleuralPressure,NotRemoved,1.328,0.481
338,MeasuredPleuralPressure,Removed,1.638,0.732
339,AirLeakFlow,NotRemoved,2.223,2.098
339,AirLeakFlow,Removed,252.237,1224.269
339,LOWESSFluidOutput,NotRemoved,1896.002,86.384
339,LOWESSFluidOutput,Removed,1768.743,80.999
339,MeasuredPleuralPressure,NotRemoved,1.292,0.38
339,MeasuredPleuralPressure,Removed,1.527,0.762
340,AirLeakFlow,NotRemoved,5.32,4.708
340,AirLeakFlow,Removed,240.118,1142.83
340,LOWESSFluidOutput,NotRemoved,1898.987,86.809
340,LOWESSFluidOutput,Removed,1773.063,81.602
340,MeasuredPleuralPressure,NotRemoved,1.255,0.477
340,MeasuredPleuralPressure,Removed,1.569,0.765
341,AirLeakFlow,NotRemoved,6.567,9.713
341,AirLeakFlow,Removed,3.383,4.532
341,LOWESSFluidOutput,NotRemoved,1903.1,86.781
341,LOWESSFluidOutput,Removed,1773.703,84.003
341,MeasuredPleuralPressure,NotRemoved,1.286,0.383
341,MeasuredPleuralPressure,Removed,1.6,0.696
342,AirLeakFlow,NotRemoved,8.813,13.991
342,AirLeakFlow,Removed,24.456,62.57
342,LOWESSFluidOutput,NotRemoved,1904.532,84.845
342,LOWESSFluidOutput,Removed,1778.465,85.656
342,MeasuredPleuralPressure,NotRemoved,1.285,0.494
342,MeasuredPleuralPressure,Removed,1.561,0.753
343,AirLeakFlow,NotRemoved,35.143,72.778
343,AirLeakFlow,Removed,34.34,44.771
343,LOWESSFluidOutput,NotRemoved,1908.601,87.142
343,LOWESSFluidOutput,Removed,1761.836,84.811
343,MeasuredPleuralPressure,NotRemoved,1.302,0.446
343,MeasuredPleuralPressure,Removed,1.903,0.512
344,AirLeakFlow,NotRemoved,43.064,80.489
344,AirLeakFlow,Removed,33.028,74.327
344,LOWESSFluidOutput,NotRemoved,1910.896,88.845
344,LOWESSFluidOutput,Removed,1766.906,84.227
344,MeasuredPleuralPressure,NotRemoved,1.349,0.382
344,MeasuredPleuralPressure,Removed,1.937,0.558
345,AirLeakFlow,NotRemoved,5.915,5.682
345,AirLeakFlow,Removed,1.714,1.188
345,LOWESSFluidOutput,NotRemoved,1914.139,85.159
345,LOWESSFluidOutput,Removed,1765.626,83.414
345,MeasuredPleuralPressure,NotRemoved,1.226,0.396
345,MeasuredPleuralPressure,Removed,1.886,0.572
346,AirLeakFlow,NotRemoved,259.405,1222.761
346,AirLeakFlow,Removed,337.07,1413.295
346,LOWESSFluidOutput,NotRemoved,1916.28,85.607
346,LOWESSFluidOutput,Removed,1770.834,86.32
346,MeasuredPleuralPressure,NotRemoved,1.264,0.452
346,MeasuredPleuralPressure,Removed,1.947,0.601
347,AirLeakFlow,NotRemoved,5.974,8.805
347,AirLeakFlow,Removed,5.129,5.79
347,LOWESSFluidOutput,NotRemoved,1914.111,87.661
347,LOWESSFluidOutput,Removed,1773.85,87.611
347,MeasuredPleuralPressure,NotRemoved,1.221,0.498
347,MeasuredPleuralPressure,Removed,2.002,0.664
348,AirLeakFlow,NotRemoved,11.019,17.903
348,AirLeakFlow,Removed,2.499,1.618
348,LOWESSFluidOutput,NotRemoved,1918.278,88.284
348,LOWESSFluidOutput,Removed,1775.708,84.762
348,MeasuredPleuralPressure,NotRemoved,1.218,0.487
348,MeasuredPleuralPressure,Removed,1.936,0.505
349,AirLeakFlow,NotRemoved,142.219,624.005
349,AirLeakFlow,Removed,0.694,1.02
349,LOWESSFluidOutput,NotRemoved,1923.386,82.255
349,LOWESSFluidOutput,Removed,1777.006,85.601
349,MeasuredPleuralPressure,NotRemoved,1.226,0.513
349,MeasuredPleuralPressure,Removed,2.047,0.62
350,AirLeakFlow,NotRemoved,2.472,2.083
350,AirLeakFlow,Removed,496.311,1716.764
350,LOWESSFluidOutput,NotRemoved,1927.914,83.454
350,LOWESSFluidOutput,Removed,1796.85,106.463
350,MeasuredPleuralPressure,NotRemoved,1.206,0.458
350,MeasuredPleuralPressure,Removed,1.614,0.391
351,AirLeakFlow,NotRemoved,260.286,1222.889
351,AirLeakFlow,Removed,1.047,1.02
351,LOWESSFluidOutput,NotRemoved,1930.842,81.241
351,LOWESSFluidOutput,Removed,1797.332,110.512
351,MeasuredPleuralPressure,NotRemoved,1.195,0.448
351,MeasuredPleuralPressure,Removed,1.623,0.362
352,AirLeakFlow,NotRemoved,274.762,1128.913
352,AirLeakFlow,Removed,6.58,6.486
352,LOWESSFluidOutput,NotRemoved,1933.432,84.134
352,LOWESSFluidOutput,Removed,1803.625,108.65
352,MeasuredPleuralPressure,NotRemoved,1.181,0.486
352,MeasuredPleuralPressure,Removed,1.697,0.46
353,AirLeakFlow,NotRemoved,52.448,91.724
353,AirLeakFlow,Removed,3.875,3.013
353,LOWESSFluidOutput,NotRemoved,1936.818,82.033
353,LOWESSFluidOutput,Removed,1803.497,108.145
353,MeasuredPleuralPressure,NotRemoved,1.182,0.476
353,MeasuredPleuralPressure,Removed,1.594,0.325
354,AirLeakFlow,NotRemoved,7.746,11.158
354,AirLeakFlow,Removed,2.712,1.701
354,LOWESSFluidOutput,NotRemoved,1941.341,81.723
354,LOWESSFluidOutput,Removed,1807.705,106.017
354,MeasuredPleuralPressure,NotRemoved,1.198,0.485
354,MeasuredPleuralPressure,Removed,1.709,0.361
355,AirLeakFlow,NotRemoved,1.411,1.381
355,AirLeakFlow,Removed,2.731,1.122
355,LOWESSFluidOutput,NotRemoved,1943.84,81.58
355,LOWESSFluidOutput,Removed,1814.498,111.697
355,MeasuredPleuralPressure,NotRemoved,1.26,0.477
355,MeasuredPleuralPressure,Removed,1.721,0.398
356,AirLeakFlow,NotRemoved,271.643,1221.323
356,AirLeakFlow,Removed,5.834,10.878
356,LOWESSFluidOutput,NotRemoved,1947.417,82.193
356,LOWESSFluidOutput,Removed,1817.795,112.827
356,MeasuredPleuralPressure,NotRemoved,1.192,0.508
356,MeasuredPleuralPressure,Removed,1.661,0.352
357,AirLeakFlow,NotRemoved,15.508,39.934
357,AirLeakFlow,Removed,35.895,54.167
357,LOWESSFluidOutput,NotRemoved,1949.514,78.563
357,LOWESSFluidOutput,Removed,1825.587,109.076
357,MeasuredPleuralPressure,NotRemoved,1.254,0.437
357,MeasuredPleuralPressure,Removed,1.632,0.378
358,AirLeakFlow,NotRemoved,1.511,0.912
358,AirLeakFlow,Removed,48.479,69.964
358,LOWESSFluidOutput,NotRemoved,1953.84,77.698
358,LOWESSFluidOutput,Removed,1828.276,106.419
358,MeasuredPleuralPressure,NotRemoved,1.212,0.502
358,MeasuredPleuralPressure,Removed,1.614,0.315
359,AirLeakFlow,NotRemoved,1.156,0.779
359,AirLeakFlow,Removed,2.438,1.675
359,LOWESSFluidOutput,NotRemoved,1955.107,76.619
359,LOWESSFluidOutput,Removed,1835.144,107.248
359,MeasuredPleuralPressure,NotRemoved,1.215,0.501
359,MeasuredPleuralPressure,Removed,1.604,0.376
360,AirLeakFlow,NotRemoved,4.913,11.398
360,AirLeakFlow,Removed,502.656,1731.215
360,LOWESSFluidOutput,NotRemoved,1957.792,75.751
360,LOWESSFluidOutput,Removed,1837.041,109.471
360,MeasuredPleuralPressure,NotRemoved,1.208,0.54
360,MeasuredPleuralPressure,Removed,1.589,0.502
361,AirLeakFlow,NotRemoved,7.59,11.31
361,AirLeakFlow,Removed,2.665,1.515
361,LOWESSFluidOutput,NotRemoved,1960.856,75.867
361,LOWESSFluidOutput,Removed,1832.862,108.814
361,MeasuredPleuralPressure,NotRemoved,1.177,0.518
361,MeasuredPleuralPressure,Removed,1.681,0.476
362,AirLeakFlow,NotRemoved,8.58,13.56
362,AirLeakFlow,Removed,1.85,1.141
362,LOWESSFluidOutput,NotRemoved,1967.374,77.55
362,LOWESSFluidOutput,Removed,1842.974,107.24
362,MeasuredPleuralPressure,NotRemoved,1.249,0.419
362,MeasuredPleuralPressure,Removed,1.584,0.487
363,AirLeakFlow,NotRemoved,10.512,12.649
363,AirLeakFlow,Removed,1.191,0.791
363,LOWESSFluidOutput,NotRemoved,1968.967,77.523
363,LOWESSFluidOutput,Removed,1843.99,111.172
363,MeasuredPleuralPressure,NotRemoved,1.242,0.492
363,MeasuredPleuralPressure,Removed,1.516,0.395
364,AirLeakFlow,NotRemoved,6.499,11.003
364,AirLeakFlow,Removed,1.78,1.433
364,LOWESSFluidOutput,NotRemoved,1971.214,79.545
364,LOWESSFluidOutput,Removed,1849.878,109.339
364,MeasuredPleuralPressure,NotRemoved,1.218,0.516
364,MeasuredPleuralPressure,Removed,1.639,0.386
365,AirLeakFlow,NotRemoved,6.684,13.787
365,AirLeakFlow,Removed,2.292,1.53
365,LOWESSFluidOutput,NotRemoved,1971.764,77.374
365,LOWESSFluidOutput,Removed,1851.983,107.145
365,MeasuredPleuralPressure,NotRemoved,1.201,0.497
365,MeasuredPleuralPressure,Removed,1.651,0.369
366,AirLeakFlow,NotRemoved,1.735,1.374
366,AirLeakFlow,Removed,209.249,703.228
366,LOWESSFluidOutput,NotRemoved,1976.141,78.867
366,LOWESSFluidOutput,Removed,1857.46,108.324
366,MeasuredPleuralPressure,NotRemoved,1.232,0.488
366,MeasuredPleuralPressure,Removed,1.634,0.368
367,AirLeakFlow,NotRemoved,8.416,16.141
367,AirLeakFlow,Removed,9.717,10.469
367,LOWESSFluidOutput,NotRemoved,1979.156,80.002
367,LOWESSFluidOutput,Removed,1858.02,111.058
367,MeasuredPleuralPressure,NotRemoved,1.207,0.509
367,MeasuredPleuralPressure,Removed,1.747,0.321
368,AirLeakFlow,NotRemoved,255.094,1223.696
368,AirLeakFlow,Removed,5.876,10.872
368,LOWESSFluidOutput,NotRemoved,1980.416,80.973
368,LOWESSFluidOutput,Removed,1862.503,107.384
368,MeasuredPleuralPressure,NotRemoved,1.156,0.471
368,MeasuredPleuralPressure,Removed,1.605,0.363
369,AirLeakFlow,NotRemoved,300.3,1216.482
369,AirLeakFlow,Removed,4.87,8.576
369,LOWESSFluidOutput,NotRemoved,1984.939,79.635
369,LOWESSFluidOutput,Removed,1861.401,104.32
369,MeasuredPleuralPressure,NotRemoved,1.267,0.495
369,MeasuredPleuralPressure,Removed,1.529,0.438
370,AirLeakFlow,NotRemoved,72.613,83.744
370,AirLeakFlow,Removed,12.969,12.825
370,LOWESSFluidOutput,NotRemoved,1986.32,82.754
370,LOWESSFluidOutput,Removed,1864.736,105.509
370,MeasuredPleuralPressure,NotRemoved,1.265,0.448
370,MeasuredPleuralPressure,Removed,1.677,0.446
371,AirLeakFlow,NotRemoved,38.603,53.705
371,AirLeakFlow,Removed,7.44,10.272
371,LOWESSFluidOutput,NotRemoved,1990.879,80.512
371,LOWESSFluidOutput,Removed,1870.128,106.209
371,MeasuredPleuralPressure,NotRemoved,1.169,0.537
371,MeasuredPleuralPressure,Removed,1.607,0.376
372,AirLeakFlow,NotRemoved,2.716,1.448
372,AirLeakFlow,Removed,7.596,5.643
372,LOWESSFluidOutput,NotRemoved,1993.881,80.136
372,LOWESSFluidOutput,Removed,1870.848,107.788
372,MeasuredPleuralPressure,NotRemoved,1.158,0.479
372,MeasuredPleuralPressure,Removed,1.65,0.515
373,AirLeakFlow,NotRemoved,2.678,1.62
373,AirLeakFlow,Removed,183.093,621.71
373,LOWESSFluidOutput,NotRemoved,1996.959,81.126
373,LOWESSFluidOutput,Removed,1875.148,112.202
373,MeasuredPleuralPressure,NotRemoved,1.208,0.437
373,MeasuredPleuralPressure,Removed,1.539,0.396
374,AirLeakFlow,NotRemoved,14.152,20.89
374,AirLeakFlow,Removed,2.113,1.189
374,LOWESSFluidOutput,NotRemoved,1999.514,81.515
374,LOWESSFluidOutput,Removed,1980.088,12.817
374,MeasuredPleuralPressure,NotRemoved,1.192,0.496
374,MeasuredPleuralPressure,Removed,1.306,0.192
375,AirLeakFlow,NotRemoved,272.329,1220.607
375,AirLeakFlow,Removed,1.902,0.665
375,LOWESSFluidOutput,NotRemoved,1999.591,81.081
375,LOWESSFluidOutput,Removed,1989.941,1.495
375,MeasuredPleuralPressure,NotRemoved,1.203,0.457
375,MeasuredPleuralPressure,Removed,1.245,0.124
376,AirLeakFlow,NotRemoved,115.148,548.113
376,AirLeakFlow,Removed,0.71,0.347
376,LOWESSFluidOutput,NotRemoved,2005.549,81.057
376,LOWESSFluidOutput,Removed,1992.967,0.841
376,MeasuredPleuralPressure,NotRemoved,1.21,0.452
376,MeasuredPleuralPressure,Removed,1.326,0.149
377,AirLeakFlow,NotRemoved,4.763,4.484
377,AirLeakFlow,Removed,0.998,0.581
377,LOWESSFluidOutput,NotRemoved,2007.585,83.229
377,LOWESSFluidOutput,Removed,1995.718,4.369
377,MeasuredPleuralPressure,NotRemoved,1.208,0.39
377,MeasuredPleuralPressure,Removed,1.303,0.207
378,AirLeakFlow,NotRemoved,270.554,1221.132
378,AirLeakFlow,Removed,1.852,1.209
378,LOWESSFluidOutput,NotRemoved,2008.183,78.373
378,LOWESSFluidOutput,Removed,2001.222,10.37
378,MeasuredPleuralPressure,NotRemoved,1.25,0.443
378,MeasuredPleuralPressure,Removed,1.341,0.254
379,AirLeakFlow,NotRemoved,22.456,46.695
379,AirLeakFlow,Removed,2.661,1.36
379,LOWESSFluidOutput,NotRemoved,2014.722,79.224
379,LOWESSFluidOutput,Removed,2009.366,1.057
379,MeasuredPleuralPressure,NotRemoved,1.206,0.448
379,MeasuredPleuralPressure,Removed,1.338,0.119
380,AirLeakFlow,NotRemoved,6.28,18.671
380,AirLeakFlow,Removed,1.329,0.756
380,LOWESSFluidOutput,NotRemoved,2017.756,80.105
380,LOWESSFluidOutput,Removed,2013.435,1.036
380,MeasuredPleuralPressure,NotRemoved,1.185,0.464
380,MeasuredPleuralPressure,Removed,1.34,0.188
381,AirLeakFlow,NotRemoved,16.205,27.203
381,LOWESSFluidOutput,NotRemoved,2019.886,79.523
381,MeasuredPleuralPressure,NotRemoved,1.164,0.421
382,AirLeakFlow,NotRemoved,8.081,12.396
382,LOWESSFluidOutput,NotRemoved,2023.423,79.88
382,MeasuredPleuralPressure,NotRemoved,1.207,0.484
383,AirLeakFlow,NotRemoved,254.551,1223.792
383,LOWESSFluidOutput,NotRemoved,2024.521,80.799
383,MeasuredPleuralPressure,NotRemoved,1.15,0.486
384,AirLeakFlow,NotRemoved,6.405,14.453
384,LOWESSFluidOutput,NotRemoved,2029.884,78.176
384,MeasuredPleuralPressure,NotRemoved,1.162,0.509
385,AirLeakFlow,NotRemoved,40.438,53.246
385,LOWESSFluidOutput,NotRemoved,2032.352,77.469
385,MeasuredPleuralPressure,NotRemoved,1.209,0.489
386,AirLeakFlow,NotRemoved,18.823,39.373
386,LOWESSFluidOutput,NotRemoved,2036.76,77.595
386,MeasuredPleuralPressure,NotRemoved,1.207,0.475
387,AirLeakFlow,NotRemoved,5.821,11.024
387,LOWESSFluidOutput,NotRemoved,2039.038,79.315
387,MeasuredPleuralPressure,NotRemoved,1.232,0.418
388,AirLeakFlow,NotRemoved,265.054,1221.689
388,LOWESSFluidOutput,NotRemoved,2042.535,77.076
388,MeasuredPleuralPressure,NotRemoved,1.261,0.433
389,AirLeakFlow,NotRemoved,4.675,7.264
389,LOWESSFluidOutput,NotRemoved,2048.259,76.439
389,MeasuredPleuralPressure,NotRemoved,1.182,0.495
390,AirLeakFlow,NotRemoved,1.467,1.764
390,LOWESSFluidOutput,NotRemoved,2049.263,75.551
390,MeasuredPleuralPressure,NotRemoved,1.219,0.41
391,AirLeakFlow,NotRemoved,2.233,2.808
391,LOWESSFluidOutput,NotRemoved,2052.089,76.11
391,MeasuredPleuralPressure,NotRemoved,1.223,0.451
392,AirLeakFlow,NotRemoved,7.247,10.468
392,LOWESSFluidOutput,NotRemoved,2056.61,76.552
392,MeasuredPleuralPressure,NotRemoved,1.22,0.479
393,AirLeakFlow,NotRemoved,8.449,12.999
393,LOWESSFluidOutput,NotRemoved,2060.051,75.171
393,MeasuredPleuralPressure,NotRemoved,1.212,0.41
394,AirLeakFlow,NotRemoved,13.364,17.249
394,LOWESSFluidOutput,NotRemoved,2061.292,75.088
394,MeasuredPleuralPressure,NotRemoved,1.206,0.449
395,AirLeakFlow,NotRemoved,51.776,78.667
395,LOWESSFluidOutput,NotRemoved,2066.2,76.847
395,MeasuredPleuralPressure,NotRemoved,1.214,0.38
396,AirLeakFlow,NotRemoved,15.643,43.966
396,LOWESSFluidOutput,NotRemoved,2066.297,77.843
396,MeasuredPleuralPressure,NotRemoved,1.151,0.424
397,AirLeakFlow,NotRemoved,2.229,1.713
397,LOWESSFluidOutput,NotRemoved,2069.974,76.555
397,MeasuredPleuralPressure,NotRemoved,1.22,0.338
398,AirLeakFlow,NotRemoved,1.311,0.903
398,LOWESSFluidOutput,NotRemoved,2069.727,76.663
398,MeasuredPleuralPressure,NotRemoved,1.219,0.427
399,AirLeakFlow,NotRemoved,4.915,11.028
399,LOWESSFluidOutput,NotRemoved,2076.367,77.632
399,MeasuredPleuralPressure,NotRemoved,1.248,0.369
400,AirLeakFlow,NotRemoved,187.049,882.579
400,LOWESSFluidOutput,NotRemoved,2075.154,77.145
400,MeasuredPleuralPressure,NotRemoved,1.185,0.38
401,AirLeakFlow,NotRemoved,2.211,1.642
401,LOWESSFluidOutput,NotRemoved,2081.563,78.495
401,MeasuredPleuralPressure,NotRemoved,1.22,0.465
402,AirLeakFlow,NotRemoved,2.206,1.815
402,LOWESSFluidOutput,NotRemoved,2085.797,82.066
402,MeasuredPleuralPressure,NotRemoved,1.232,0.379
403,AirLeakFlow,NotRemoved,1.302,1.455
403,LOWESSFluidOutput,NotRemoved,2089.228,80.264
403,MeasuredPleuralPressure,NotRemoved,1.264,0.441
404,AirLeakFlow,NotRemoved,497.689,1680.131
404,LOWESSFluidOutput,NotRemoved,2092.041,80.325
404,MeasuredPleuralPressure,NotRemoved,1.264,0.428
405,AirLeakFlow,NotRemoved,1.451,1.213
405,LOWESSFluidOutput,NotRemoved,2093.858,80.76
405,MeasuredPleuralPressure,NotRemoved,1.206,0.38
406,AirLeakFlow,NotRemoved,1.947,1.385
406,LOWESSFluidOutput,NotRemoved,2136.293,45.14
406,MeasuredPleuralPressure,NotRemoved,1.091,0.26
407,AirLeakFlow,NotRemoved,5.804,7.808
407,LOWESSFluidOutput,NotRemoved,2138.935,44.21
407,MeasuredPleuralPressure,NotRemoved,1.092,0.219
408,AirLeakFlow,NotRemoved,16.83,18.372
408,LOWESSFluidOutput,NotRemoved,2143.542,42.019
408,MeasuredPleuralPressure,NotRemoved,1.144,0.14
409,AirLeakFlow,NotRemoved,336.617,1413.411
409,LOWESSFluidOutput,NotRemoved,2146.746,42.775
409,MeasuredPleuralPressure,NotRemoved,1.058,0.252
410,AirLeakFlow,NotRemoved,341.627,1412.203
410,LOWESSFluidOutput,NotRemoved,2151.439,40.765
410,MeasuredPleuralPressure,NotRemoved,1.027,0.21
411,AirLeakFlow,NotRemoved,8.531,12.439
411,LOWESSFluidOutput,NotRemoved,2154.257,41.284
411,MeasuredPleuralPressure,NotRemoved,1.051,0.208
412,AirLeakFlow,NotRemoved,3.094,1.623
412,LOWESSFluidOutput,NotRemoved,2156.245,42.355
412,MeasuredPleuralPressure,NotRemoved,1.066,0.255
413,AirLeakFlow,NotRemoved,2.065,1.559
413,LOWESSFluidOutput,NotRemoved,2159.47,40.827
413,MeasuredPleuralPressure,NotRemoved,1.119,0.208
414,AirLeakFlow,NotRemoved,3.955,7.452
414,LOWESSFluidOutput,NotRemoved,2160.296,43.398
414,MeasuredPleuralPressure,NotRemoved,1.136,0.236
415,AirLeakFlow,NotRemoved,12.718,17.525
415,LOWESSFluidOutput,NotRemoved,2163.985,40.695
415,MeasuredPleuralPressure,NotRemoved,1.037,0.214
416,AirLeakFlow,NotRemoved,24.391,40.723
416,LOWESSFluidOutput,NotRemoved,2169.302,41.285
416,MeasuredPleuralPressure,NotRemoved,1.074,0.203
417,AirLeakFlow,NotRemoved,65.152,160.518
417,LOWESSFluidOutput,NotRemoved,2173.329,40.186
417,MeasuredPleuralPressure,NotRemoved,1.141,0.206
418,AirLeakFlow,NotRemoved,23.254,54.258
418,LOWESSFluidOutput,NotRemoved,2149.319,31.425
418,MeasuredPleuralPressure,NotRemoved,1.096,0.21
419,AirLeakFlow,NotRemoved,3.258,3.476
419,LOWESSFluidOutput,NotRemoved,2154.996,33.52
419,MeasuredPleuralPressure,NotRemoved,1.147,0.329
420,AirLeakFlow,NotRemoved,1.206,1.954
420,LOWESSFluidOutput,NotRemoved,2161.235,31.928
420,MeasuredPleuralPressure,NotRemoved,1.074,0.32
421,AirLeakFlow,NotRemoved,1.556,0.694
421,LOWESSFluidOutput,NotRemoved,2161.753,36.025
421,MeasuredPleuralPressure,NotRemoved,1.072,0.255
422,AirLeakFlow,NotRemoved,1.355,0.895
422,LOWESSFluidOutput,NotRemoved,2166.754,30.761
422,MeasuredPleuralPressure,NotRemoved,1.146,0.189
423,AirLeakFlow,NotRemoved,5.148,3.713
423,LOWESSFluidOutput,NotRemoved,2168.484,31.039
423,MeasuredPleuralPressure,NotRemoved,1.202,0.165
424,AirLeakFlow,NotRemoved,6.459,5.697
424,LOWESSFluidOutput,NotRemoved,2170.32,31.042
424,MeasuredPleuralPressure,NotRemoved,1.154,0.289
425,AirLeakFlow,NotRemoved,0.327,0.206
425,LOWESSFluidOutput,NotRemoved,2172.696,30.293
425,MeasuredPleuralPressure,NotRemoved,1.085,0.268
426,AirLeakFlow,NotRemoved,574.672,1711.746
426,LOWESSFluidOutput,NotRemoved,2175.91,30.095
426,MeasuredPleuralPressure,NotRemoved,1.198,0.282
427,AirLeakFlow,NotRemoved,58.841,86.226
427,LOWESSFluidOutput,NotRemoved,2179.474,30.555
427,MeasuredPleuralPressure,NotRemoved,1.029,0.31
428,AirLeakFlow,NotRemoved,92.795,225.853
428,LOWESSFluidOutput,NotRemoved,2181.425,30.003
428,MeasuredPleuralPressure,NotRemoved,1.12,0.299
429,AirLeakFlow,NotRemoved,53.108,68.937
429,LOWESSFluidOutput,NotRemoved,2180.208,33.757
429,MeasuredPleuralPressure,NotRemoved,1.13,0.307
430,AirLeakFlow,NotRemoved,12.869,10.605
430,LOWESSFluidOutput,NotRemoved,2185.127,30.715
430,MeasuredPleuralPressure,NotRemoved,1.134,0.251
431,AirLeakFlow,NotRemoved,11.62,12.322
431,LOWESSFluidOutput,NotRemoved,2187.75,33.353
431,MeasuredPleuralPressure,NotRemoved,1.136,0.171
432,AirLeakFlow,NotRemoved,4.584,5.395
432,LOWESSFluidOutput,NotRemoved,2191.656,34.832
432,MeasuredPleuralPressure,NotRemoved,1.114,0.174
433,AirLeakFlow,NotRemoved,6.05,8.364
433,LOWESSFluidOutput,NotRemoved,2198.111,35.309
433,MeasuredPleuralPressure,NotRemoved,1.031,0.269
434,AirLeakFlow,NotRemoved,2.44,1.491
434,LOWESSFluidOutput,NotRemoved,2199.929,34.413
434,MeasuredPleuralPressure,NotRemoved,1.066,0.271
435,AirLeakFlow,NotRemoved,1.879,1.042
435,LOWESSFluidOutput,NotRemoved,2205.78,32.488
435,MeasuredPleuralPressure,NotRemoved,1.248,0.236
